file_name,pitch(Hz),voice,syllable,id,audio_file,audio_file_path,file_key,V1_mean,V1_sd,V2_mean,V2_sd,V3_mean,V3_sd,V4_mean,V4_sd,V5_mean,V5_sd,V6_mean,V6_sd,V7_mean,V7_sd,V8_mean,V8_sd,V9_mean,V9_sd,V10_mean,V10_sd,V11_mean,V11_sd,V12_mean,V12_sd,mean,sd,median,sem,mode,Q25,Q75,IQR,cent,skewness,kurtosis,sfm,sh,prec,duration,sample_rate,bit_depth,rms,zero_crossing_rate,shannon_entropy,acoustic_complexity_index,acoustic_diversity_index,acoustic_diversity_index2,acoustic_diversity_index3,acoustic_entropy_index,acoustic_evenness_index,bioacoustic_index,frequency_peaks_number,amplitude_index,normalized_difference_soundscape_index,spectral_entropy_ndsi,spectral_entropy_anthrophony,spectral_entropy_biophony,spectral_entropy2,temporal_entropy
Alto2_Ah_1,147.1424236641514,Alto2,Ah,1,Alto2_Ah_1.wav,Vocals/Alto2/Ah/Alto2_Ah_1.wav,Alto2_Ah_1.wav,72.89005217374563,7.486926988393349,15.300821734196214,2.646103813023098,-9.273011171779675,1.8572489325091297,0.6340568729593867,1.937329261326375,-8.84177356800228,2.4138839783304737,-5.40601194651996,2.1629949177417203,-16.613024070438655,2.948446420703348,12.656972892193451,2.7026746983004357,5.123782038845086,2.693397254366829,-1.7413354415745301,3.796368887430193,-5.271691955390792,2.366167126139702,4.831999071461537,3.698725329467927,,,,,,,,,,,,,,,1,44100,16,1442.2725657663216,0.03569160997732426,0.6203995981961575,146.1763078063781,NA,NA,1.804222,0.6203995981961575,0.50157,13.323753177548104,44,0.02891700767327086,-0.8655903328910416,-0.8557954201734356,0.998640025461316,0.07759932140374623,0.6353199001975226,0.9765152925373087
Alto2_Ah_2,155.982552854173,Alto2,Ah,2,Alto2_Ah_2.wav,Vocals/Alto2/Ah/Alto2_Ah_2.wav,Alto2_Ah_2.wav,74.95417026093317,2.891529116330465,14.626001901081686,1.1415684002304163,-10.180355789622606,1.560517478310333,-0.5538583780774577,2.1269247367813775,-10.085343009097194,2.5550304623818745,-6.036222383807569,2.748918154105205,-14.072358731378019,2.395675151522354,15.88691228010389,2.306080359379203,1.9165323157551382,2.005975829462095,-3.819811217169534,3.9714938451429003,-3.200909316810794,2.2715104455162605,2.9934909471107494,3.724319373680662,,,,,,,,,,,,,,,1,44100,16,1450.8127611955208,0.03736961451247166,0.6310956109314905,147.8673047517164,NA,NA,1.895428,0.6310956109314905,0.456181,14.508296836501337,46,0.029271513367691855,-0.8642021932298566,-0.8625743427041294,0.998931501941009,0.07370380612485504,0.6448438063850759,0.9786798053769697
Alto2_Ah_3,165.24799339454222,Alto2,Ah,3,Alto2_Ah_3.wav,Vocals/Alto2/Ah/Alto2_Ah_3.wav,Alto2_Ah_3.wav,75.71962340123667,2.980238083406799,14.494900375264642,1.2376468294167788,-11.592717173288008,1.7444474048720924,-0.2554435893292582,2.031971136101418,-11.152916431898479,2.332457036139529,-6.270987884551303,2.528446173308314,-11.224175672450334,2.428667759682806,18.18642020480246,2.449912198929484,-3.0416918956457337,2.2228713871150623,-4.203154517723958,3.486146964683764,-2.196191153441073,2.333839701629789,1.0909051559925247,3.0565343850373057,,,,,,,,,,,,,,,1,44100,16,1485.402121655704,0.03968253968253968,0.6377504003751836,142.10013091903963,NA,NA,1.943427,0.6377504003751836,0.421421,15.609139049769377,43,0.02998651764395223,-0.8910437685868682,-0.8797493338095826,0.9993021749208301,0.06392700882953775,0.6515527607566987,0.9788162045918042
Alto2_Ah_4,174.99602701235813,Alto2,Ah,4,Alto2_Ah_4.wav,Vocals/Alto2/Ah/Alto2_Ah_4.wav,Alto2_Ah_4.wav,76.13702264915136,2.9091961013580785,14.3673116177877,1.2897826079335915,-13.508560264926695,1.7268321159726918,0.006906564259550148,2.149275511082274,-13.128614568955088,2.6339548596693194,-4.747806213847464,2.5776503775473034,-8.179973528194065,2.617322903730708,20.435998743817823,2.3325887690067497,-7.409643068880862,3.158885849030699,-3.0026585091590765,3.1441654279045532,-0.3577627068904323,2.455767051425595,0.23461534832776262,2.8585824278460996,,,,,,,,,,,,,,,1,44100,16,1514.8690325708642,0.042222222222222223,0.6447979527611889,138.13605667231704,NA,NA,1.855679,0.6447979527611889,0.473143,16.561823028632947,47,0.029742681729452138,-0.8969577843450658,-0.8958670588470378,0.9994887816775538,0.054898209238769154,0.6591528653779044,0.9782221797541826
Alto2_Ah_5,185.86793247918553,Alto2,Ah,5,Alto2_Ah_5.wav,Vocals/Alto2/Ah/Alto2_Ah_5.wav,Alto2_Ah_5.wav,78.3834015412302,5.1440938713580895,13.110005025783977,1.4599938658959573,-11.476979150738511,1.6685806012314288,3.5833981439827474,1.5364069501787179,-14.462381267786004,1.8949021151938663,-2.9065393013101546,1.7095955418750635,-12.991198026026472,3.1222726715222446,19.99428547370892,1.7766670311897959,2.0355167988108036,3.0975499118621683,-4.721935013707718,1.6222844579702957,-5.094519837299341,2.0924402496536554,6.319779027411075,1.8682167400599239,,,,,,,,,,,,,,,1,44100,16,1694.3212686539011,0.037936507936507935,0.659298039016967,150.51016462124025,NA,NA,2.112183,0.659298039016967,0.321483,16.939275130577542,50,0.03326846632173899,-0.8092489214535271,-0.8069284345587343,0.9980757454891637,0.10664509059962299,0.6734019777107721,0.9790556916067407
Alto2_Ah_6,195.51011645987907,Alto2,Ah,6,Alto2_Ah_6.wav,Vocals/Alto2/Ah/Alto2_Ah_6.wav,Alto2_Ah_6.wav,79.0128441576912,4.2496788402537184,12.620695585225565,1.0524249527113492,-12.97565390779559,2.05213760416432,3.079474657983391,1.5100554537386084,-15.625562328750284,1.7641969325016555,-1.2215556072670382,1.8931001244666068,-10.436354989955435,2.73366221208714,23.75710383808122,2.1138664959770193,-3.581374421150273,2.336301125740454,-6.465833079959407,1.6498832712258853,-2.7327613688317616,1.9423796645808815,2.912016941205095,1.780611866646464,,,,,,,,,,,,,,,1,44100,16,1739.0509015902132,0.039931972789115644,0.6658775915605307,134.8921314598564,NA,NA,2.027963,0.6658775915605307,0.379047,14.926374625439491,52,0.03411996338746891,-0.8517465193069946,-0.8346906499973719,0.9985853866053588,0.089974569381542,0.6795711671165233,0.9798496813599441
Alto2_Ah_7,207.16950420728497,Alto2,Ah,7,Alto2_Ah_7.wav,Vocals/Alto2/Ah/Alto2_Ah_7.wav,Alto2_Ah_7.wav,76.4812215151042,4.276320170397278,12.837167407522927,0.885027196280381,-9.730579785427407,1.3150531687380036,2.9295596904520442,1.4228048776017705,-17.17189952742666,1.9562082677984287,-0.3442092168478614,1.25973692187048,-11.959324262704353,1.8989525020419198,22.17708402023999,2.484466652434473,-5.232382904160192,1.7258209795827895,-6.280609835730564,1.6221528254657311,-9.577257297731826,2.4512176244036428,6.781892790858218,2.0169892105847294,,,,,,,,,,,,,,,1,44100,16,1542.1062625915179,0.04108843537414966,0.6458999815513903,141.95783811678388,NA,NA,1.992677,0.6458999815513903,0.417962,13.818797856954419,54,0.029183845333730366,-0.9360664756905477,-0.932739928764935,0.9997873351375248,0.03479297259835542,0.6596266359818906,0.9791902666118576
Alto2_Ah_8,219.3787226427826,Alto2,Ah,8,Alto2_Ah_8.wav,Vocals/Alto2/Ah/Alto2_Ah_8.wav,Alto2_Ah_8.wav,77.04872528653539,3.7942998500623126,12.179757760909656,1.0637296700105592,-10.626220970744912,1.8956530884712939,2.393037354889282,1.215495963596804,-17.48702300652013,1.57711347715688,1.3376321524870263,1.5898277065851352,-9.134024326374902,1.6817363334763413,21.84536507419915,1.8467164442307205,-12.250121979085197,2.867015999307934,-8.56405706895445,2.513502879149242,-8.758976371595923,1.9836987345910304,5.349595658331406,2.07855011248202,,,,,,,,,,,,,,,1,44100,16,1582.3047197693797,0.04342403628117914,0.6508528160231122,132.6192894454266,NA,NA,1.990117,0.6508528160231122,0.424244,13.427115111582394,60,0.029713711559280088,-0.9364649014863968,-0.9359965211094582,0.999792246097058,0.033052839310542564,0.6648326040455662,0.9789724692540863
Alto2_Ah_9,232.28526030153412,Alto2,Ah,9,Alto2_Ah_9.wav,Vocals/Alto2/Ah/Alto2_Ah_9.wav,Alto2_Ah_9.wav,78.45055357321496,4.590724816304848,10.999296890963302,0.966011217566486,-9.75838112051259,1.6958648772380391,4.247745293782161,1.1196375149784865,-19.259880556764937,2.026448969087651,0.2667278408795676,1.4588849727721709,-16.013458226202786,2.925831932048847,20.830458998987165,1.5461862420633186,-3.7904568184550618,2.111143947340002,-10.255400747389695,2.3630217349147835,-10.027328760001131,1.7882111738439066,15.366419246952953,3.166127629264564,,,,,,,,,,,,,,,1,44100,16,1667.1683670311547,0.04551020408163265,0.6652488009513724,137.3019378361337,NA,NA,2.085084,0.6652488009513724,0.333372,13.028128682644496,62,0.037379618783073706,-0.6992008869249705,-0.6927450587995487,0.9923085867582055,0.18011673694875038,0.6778601834935482,0.9813953041508068
Alto2_Ah_10,246.29644205585245,Alto2,Ah,10,Alto2_Ah_10.wav,Vocals/Alto2/Ah/Alto2_Ah_10.wav,Alto2_Ah_10.wav,78.49056809684812,4.5500015169078925,9.97390858568282,1.1484815010794032,-10.9760918544024,1.5912363003809715,2.837065366180705,1.1149182289554338,-20.574175473306926,2.160425369270774,0.5584183767298398,1.2102948965334361,-14.100926650629372,1.5755510224923852,21.93000985280036,2.0236926413491756,-10.235639810794403,2.1277474229293416,-11.51506262215354,2.8112039500359907,-4.089459118400731,2.4358704446077004,12.454246254208986,2.0666054427515506,,,,,,,,,,,,,,,1,44100,16,1691.683416963788,0.0481859410430839,0.66783986317438,130.12959618219637,NA,NA,2.08634,0.66783986317438,0.331393,12.849610093080432,69,0.038364955607635004,-0.8297938627444894,-0.7866115501327895,0.9970222034579368,0.1190818577565263,0.6804609186354745,0.9814521964223846
Alto2_Ah_11,261.7124616364092,Alto2,Ah,11,Alto2_Ah_11.wav,Vocals/Alto2/Ah/Alto2_Ah_11.wav,Alto2_Ah_11.wav,79.13913148453585,3.306944600637657,8.332643427727769,0.8607358702973531,-10.841206833352908,1.2645168093956733,2.032054868566846,1.147296600364803,-20.991168086124187,2.1750242117117566,3.412345352863543,2.0228777456948714,-15.119394242315797,1.9703543847163887,24.442735352072262,2.31038467902645,-1.3912614040945397,2.9664506310915533,-10.579653618671589,2.6160258971800756,-13.529172065302172,3.7158636441854553,10.855915044841327,1.8143171073401378,,,,,,,,,,,,,,,1,44100,16,1927.279806630107,0.05628117913832199,0.6608618071794561,116.63316017047569,NA,NA,2.142653,0.6608618071794561,0.29261,18.04767001441171,65,0.042897145183185895,-0.8985117224183784,-0.8964518806929316,0.9994550452375821,0.054571218663612246,0.6727059283039241,0.9823933153758133
Alto2_Ah_12,277.15019788930323,Alto2,Ah,12,Alto2_Ah_12.wav,Vocals/Alto2/Ah/Alto2_Ah_12.wav,Alto2_Ah_12.wav,79.47603197994654,3.4388121138522436,7.485838685219122,0.807849667067594,-11.747615233546943,1.404067242578242,1.027504097015002,0.9766292951562725,-19.19889790752345,1.8413314602841886,6.574290496842246,1.8554645929373548,-10.285748768383876,1.6372978999025856,27.124626440426457,2.3186339747538205,-9.819625930058029,2.4871376749844694,-14.754025444420169,3.079448782675462,-10.32213232422982,3.3316047053891538,7.141968418499656,2.624668941942741,,,,,,,,,,,,,,,1,44100,16,1940.5556276087561,0.0609297052154195,0.6647979485784008,132.3496428791238,NA,NA,2.110753,0.6647979485784008,0.308654,17.457058001298304,62,0.04312219199713244,-0.9021539980446641,-0.8989032671989182,0.9994924022856231,0.05321251381047627,0.6768475307498512,0.9821974940824544
Alto2_Ah_13,292.6818077874132,Alto2,Ah,13,Alto2_Ah_13.wav,Vocals/Alto2/Ah/Alto2_Ah_13.wav,Alto2_Ah_13.wav,79.83932859351515,4.086476562646274,7.7868901106556265,1.098661905688053,-7.698990164409497,1.5296861845165541,5.671650831707915,2.1149707642908666,-17.774773228095658,1.848157372397683,4.106835489066447,1.9133650710256236,-21.997675656886315,3.9156829415602563,19.423349979221324,2.10743961274468,-9.021910375965545,2.6936130523872666,-12.034424877800056,2.8985945800075954,-15.116386274350353,2.225277021985959,10.07931844134141,2.2140444626159406,,,,,,,,,,,,,,,1,44100,16,1793.333141527924,0.03399092970521542,0.6810958007916786,126.63583611498045,NA,NA,2.144357,0.6810958007916786,0.288673,19.809323478721627,54,0.05174554598257729,-0.538211905564147,-0.5255683587066704,0.9852245100964935,0.3063918301004628,0.6858853488099605,0.9930169845053667
Alto2_Ah_14,310.043261393145,Alto2,Ah,14,Alto2_Ah_14.wav,Vocals/Alto2/Ah/Alto2_Ah_14.wav,Alto2_Ah_14.wav,79.58417326525799,3.3197453313490417,6.089864244607727,0.9432019944783823,-8.818153786103563,1.4262150141478895,4.422650475513042,1.8865580042001584,-15.850540825916871,1.7237719579854578,4.9418960428082945,1.4758704448295272,-18.018455938216672,2.2883980182033703,21.984463672542983,2.444864203372606,-14.85476699360949,2.416227477027999,-12.986481966769977,3.0403260582622784,-12.287997991685387,1.945220103074611,8.447002669985626,1.9629154473468096,,,,,,,,,,,,,,,1,44100,16,1779.3671015167363,0.03335600907029478,0.687165258514937,134.90069294010615,NA,NA,2.101189,0.687165258514937,0.324394,15.33351951608852,57,0.05124417352016458,-0.5695437511889908,-0.5414275960574219,0.9851108612170302,0.29306900754448967,0.6923050993550693,0.992575757646563
Alto2_Ah_15,329.54707073885237,Alto2,Ah,15,Alto2_Ah_15.wav,Vocals/Alto2/Ah/Alto2_Ah_15.wav,Alto2_Ah_15.wav,81.99645653683609,4.1778472195638034,7.60249605689342,1.0158179062189272,-8.60665288613542,2.1029421176158456,1.6963111894661476,1.2195217171625703,-18.849777763651073,1.6464176841291027,2.6327602126891314,2.582194586846618,-26.83138889459082,3.8521674821927534,15.747573391802534,1.9366513935547987,-5.343483855156938,2.5180789009040065,-3.653668792623982,1.907084731199595,-12.333301627025714,2.2777162933669954,14.572301782372948,2.599220271336654,,,,,,,,,,,,,,,1,44100,16,3026.286142905097,0.04208616780045352,0.6262095584605053,136.14459310285656,NA,NA,2.054333,0.6262095584605053,0.380604,22.834811252505325,53,0.06779743491476951,-0.8623097612511108,-0.7830048363782405,0.996926934768727,0.12132795094852339,0.6353950929208906,0.9855435860888385
Alto2_Ah_16,349.3338245406462,Alto2,Ah,16,Alto2_Ah_16.wav,Vocals/Alto2/Ah/Alto2_Ah_16.wav,Alto2_Ah_16.wav,82.35451635015008,3.777520477364301,6.266531857466508,1.0538924293901257,-9.915623401073645,2.6811856510426906,0.18523263124039158,1.3144653093153575,-17.246204784259668,1.6876405693688366,0.3593620824974258,2.3871563457431146,-24.539633058715683,1.8001566618235845,16.920493996905346,1.9699555257096262,-12.01095928745628,2.67588895042156,-8.244905372539924,1.5774940078014983,-12.423261783862435,2.9722319275802698,9.114998063616467,2.45158506354305,,,,,,,,,,,,,,,1,44100,16,3073.8780824015757,0.04700680272108843,0.6225315714900056,149.75057820688474,NA,NA,2.119742,0.6225315714900056,0.318936,22.191750628430984,51,0.06935982522881938,-0.8884904076930705,-0.8811040998892987,0.9988501177920728,0.06313270160729398,0.6316207889038153,0.9856096924396928
Alto2_Ah_17,368.6665185284001,Alto2,Ah,17,Alto2_Ah_17.wav,Vocals/Alto2/Ah/Alto2_Ah_17.wav,Alto2_Ah_17.wav,78.59308350136476,3.934234930222007,6.733198275127941,1.8171370477837174,-12.013548422324932,2.3973176395599105,2.6478619041068785,2.19187186075736,-18.81058710311883,2.0839073236099273,-4.258707415716093,2.40464356946143,-17.872842907260083,2.4225231452139795,19.643062796601285,1.5733127167518468,-6.380216755106305,2.3529337317724806,-9.94678413578162,2.474551993909489,-18.99426186782894,2.9151507180077916,9.698227589979448,2.5862770258716763,,,,,,,,,,,,,,,1,44100,16,2852.083550062641,0.042970521541950114,0.6006419359192893,134.30449211090905,NA,NA,2.05869,0.6006419359192893,0.373166,26.297389427861404,50,0.0740238197984397,-0.9319112532315845,-0.9312608399251695,0.9997689374274269,0.03558466863043204,0.6095316657760155,0.9854154749361407
Alto2_Ah_18,391.0278955559391,Alto2,Ah,18,Alto2_Ah_18.wav,Vocals/Alto2/Ah/Alto2_Ah_18.wav,Alto2_Ah_18.wav,79.55069995769327,4.248103651175706,6.384395050377191,1.6684647408408877,-11.886267751940114,1.9848571165744848,1.8982832392701694,1.662131622721068,-19.688701168638715,2.1470338840857783,-5.588785633714989,2.399205867280755,-13.909513334377325,2.331041824847266,21.26320361196212,2.221987917622485,-9.221278171298339,2.253267340667516,-15.380760319574922,2.641830472037917,-16.360899269236366,2.865535762095749,8.810723703854324,2.5423388028822216,,,,,,,,,,,,,,,1,44100,16,2898.5321091656983,0.045691609977324264,0.6052440661051333,128.90361767556277,NA,NA,2.009787,0.6052440661051333,0.411569,20.832969636624643,55,0.07595081059431169,-0.9311258293537316,-0.9301408077289381,0.9996672316141088,0.03618178790933974,0.6141124630862304,0.9855590017884853
Alto2_Ah_19,415.305,Alto2,Ah,19,Alto2_Ah_19.wav,Vocals/Alto2/Ah/Alto2_Ah_19.wav,Alto2_Ah_19.wav,80.67342538348136,5.247185519810966,6.503877154756791,1.6462861876813721,-11.655975130580021,2.2291557067769108,-1.8753450306932216,1.8858716785260763,-15.032703934773776,2.7861039665780725,-3.025992556271505,2.376956269234249,-15.112853091164553,2.5195498871136675,19.318337193506277,2.31403236735765,-12.299017061207708,2.8813995345881365,-8.784389770826813,2.722955555872476,-17.990499362048013,2.9228598339597105,9.89797275083599,2.7252657155439555,,,,,,,,,,,,,,,1,44100,16,3911.8441232891987,0.040589569160997735,0.5810454698763793,134.73770199528636,NA,NA,1.867739,0.5810454698763793,0.484056,18.37645057905581,53,0.11755195153767656,-0.9562396389371661,-0.9560501057650422,0.9998854440187593,0.02246612158971807,0.5883422072605423,0.9875978005757255
Alto2_Ah_20,437.12301251676,Alto2,Ah,20,Alto2_Ah_20.wav,Vocals/Alto2/Ah/Alto2_Ah_20.wav,Alto2_Ah_20.wav,81.35570062329582,5.444402298045731,5.751864748070367,1.71249415622858,-12.30826184947163,2.1763900353312806,-6.356296538206731,1.7147561341967787,-15.592501005267078,1.6104088263629996,-4.4067769647912245,3.218715545300699,-9.9139217510559,2.8104446033050166,19.86489883672008,3.199246067976549,-13.501155335444997,2.819079778277468,-13.735131269223112,1.9222302743019462,-12.081576258937801,2.684585067135179,9.96051653799446,2.45144513363277,,,,,,,,,,,,,,,1,44100,16,4039.208310316054,0.04206349206349207,0.5759819579582427,140.79619327577498,NA,NA,1.856426,0.5759819579582427,0.503746,18.91552854148482,48,0.12083243572875993,-0.9568073742852133,-0.9563528751917547,0.9998716807544459,0.02230759317275093,0.5827766604426426,0.988340812277487
Alto2_Ah_21,463.670598119264,Alto2,Ah,21,Alto2_Ah_21.wav,Vocals/Alto2/Ah/Alto2_Ah_21.wav,Alto2_Ah_21.wav,81.19001464384306,5.154468234466746,3.2088020249580342,1.7406641440937298,-7.865358909097387,1.6798972679221322,-4.377024642797867,1.821511066821094,-16.039421670710162,2.3813745573946763,-5.000534335611254,2.9449448304976187,-18.48068409029702,5.304686487235147,15.63946824638516,2.7447292069308866,-3.3187309948481833,3.0267849393491213,-6.232505929860269,4.223334948371725,-14.011168709285034,4.723515778555347,12.98299913382026,2.6821720634958024,,,,,,,,,,,,,,,1,44100,16,5208.7091361707435,0.0436281179138322,0.5522815654111697,148.63643515255083,NA,NA,1.855126,0.5522815654111697,0.510353,20.843665120377448,44,0.15489675962625396,-0.8305041392485798,-0.7901166234443299,0.9955301269020236,0.11672157096394313,0.5580048504818838,0.9897433058766936
Alto2_Ah_22,491.244013215614,Alto2,Ah,22,Alto2_Ah_22.wav,Vocals/Alto2/Ah/Alto2_Ah_22.wav,Alto2_Ah_22.wav,82.56313360830706,5.261640695181061,2.6569523956272105,1.8585822360790387,-7.281711967124892,1.5375802321142868,-7.298957279150106,1.980297306774079,-14.81060294731049,2.1594861189520906,-7.629657383069392,3.1830043165221453,-13.659197310551345,5.549801395904225,16.248035452738595,2.713506298030741,-4.0424782296944395,2.8442310278078966,-11.335297858021335,5.396406143681343,-6.312550024414627,3.5993325040205857,6.507389253982404,3.2236010746033337,,,,,,,,,,,,,,,1,44100,16,5510.996814365404,0.046145124716553285,0.5523130805990478,121.41354989729207,NA,NA,1.807406,0.5523130805990478,0.530397,23.198259215146887,49,0.1670061483825105,-0.9805449566506282,-0.9678293505173785,0.9999339688198237,0.016347212835407406,0.5576545556882533,0.990421534201199
Alto2_Ah_23,522.184723453248,Alto2,Ah,23,Alto2_Ah_23.wav,Vocals/Alto2/Ah/Alto2_Ah_23.wav,Alto2_Ah_23.wav,79.39378077591398,4.0892313815265675,4.926650648954054,1.4575497121675924,-7.031781280949636,2.027816487095122,-6.308859389435705,2.979070018070185,-17.69600926380814,1.8589834853647798,-3.966954752427424,2.27780313850939,-13.498111546860804,3.1795425394619983,18.44820125543632,2.274004393448939,0.4353244934144588,2.374862877581324,-10.067078368284744,2.8544151427111273,-18.748155553195012,4.468289570289851,9.440864782309896,2.904959746340477,,,,,,,,,,,,,,,1,44100,16,7422.531850232656,0.04732426303854875,0.44426803849924196,142.66070396561287,NA,NA,1.6188,0.44426803849924196,0.608076,20.05987786173202,45,0.2217668807787303,-0.9953604942335622,-0.9951847891104784,0.999998014307476,0.002413411205956614,0.44770732654199114,0.9923179991953368
Alto2_Ah_24,553.393984327338,Alto2,Ah,24,Alto2_Ah_24.wav,Vocals/Alto2/Ah/Alto2_Ah_24.wav,Alto2_Ah_24.wav,79.62335700391064,3.651097543263503,4.483020797289229,1.6354114772157846,-6.926834086553288,2.2648066633818296,-7.77017079248019,3.281431898450374,-16.43550878612698,2.330880411617899,-4.187611354854535,2.3079845582178247,-10.617637952767481,2.451725146300453,19.105816679513005,2.317805331073227,-3.0381143608099666,2.4702583905405016,-13.700374512811122,2.8047745843543535,-11.319698269600845,3.8902820966353135,5.439576401531979,2.797685894582305,,,,,,,,,,,,,,,1,44100,16,7570.547788579234,0.05006802721088435,0.44304067292752347,151.06164479907952,NA,NA,1.542308,0.44304067292752347,0.644387,15.076024320149823,44,0.2256943616469881,-0.9955159904879977,-0.9954798801606125,0.9999982023804892,0.002265175288847332,0.44607263424170135,0.9932029874028654
Alto2_Ah_25,586.597426568242,Alto2,Ah,25,Alto2_Ah_25.wav,Vocals/Alto2/Ah/Alto2_Ah_25.wav,Alto2_Ah_25.wav,78.00184770970544,4.511670275174169,5.613701036295656,1.8686024962999084,-9.407160828967474,2.182717635218012,-2.4873308907266867,3.7129329096711907,-16.755492002410232,2.6941366659522306,-5.859584115666614,2.819203226152153,-14.542805200772175,2.7462094987936343,14.873482026876188,3.089294124851088,-8.561041235786677,3.2622507726877235,-19.28640740017331,2.9770966960308902,-22.779106307183316,4.624871820037849,1.020773209510036,3.8355819660500896,,,,,,,,,,,,,,,1,44100,16,6081.966554841425,0.051882086167800455,0.46706602872165764,133.66342351383514,NA,NA,1.896688,0.46706602872165764,0.480377,22.335287080597702,44,0.16623145148455665,-0.9895255341852087,-0.9893893138697786,0.9999931197587357,0.005333603157594653,0.4729272984723698,0.9876064042620398
Alto2_Ah_26,621.145200791434,Alto2,Ah,26,Alto2_Ah_26.wav,Vocals/Alto2/Ah/Alto2_Ah_26.wav,Alto2_Ah_26.wav,77.7637458972367,3.7279963650530497,5.021604915666412,1.845304488021442,-11.42870334708855,1.7911400076580706,-0.9066145545625117,3.0681505661886743,-16.4808808303615,2.4823416024592326,-3.846377436693507,3.1563943875486675,-14.11933315965389,1.7869266600382567,15.673071207886782,2.3634472477253543,-14.506031688490015,2.9647363882454694,-18.697214086874848,3.9944320975740903,-17.739969788109033,2.050886136617726,7.5383399272902,4.557260539333646,,,,,,,,,,,,,,,1,44100,16,6119.254074823344,0.055011337868480725,0.47375848873770776,136.55589896937505,NA,NA,1.731039,0.47375848873770776,0.556973,17.874101621630142,47,0.16695476049907576,-0.989203947003518,-0.9889780959828869,0.9999911554817197,0.005541441887138989,0.4799625762506054,0.9870738098762553
Alto2_Ah_27,656.744006122322,Alto2,Ah,27,Alto2_Ah_27.wav,Vocals/Alto2/Ah/Alto2_Ah_27.wav,Alto2_Ah_27.wav,77.17301930293156,4.420279609824099,6.739298541421115,1.6882680767407543,-7.63076302660291,2.1496142114640895,1.9739066425176746,2.4806605715088756,-23.463194597924943,2.5767295088776647,1.4737060929497776,2.1726989774516117,-16.233459911570645,2.1120886158505585,6.081856343815916,3.349386981269764,-19.095285301674654,3.0987193034844127,-17.975501583751797,4.575135934345727,-7.202039911350224,5.755650061535077,19.0375107492893,2.514006475833932,,,,,,,,,,,,,,,1,44100,16,8038.801014033703,0.031337868480725624,0.43565278281325376,141.78396547417455,NA,NA,1.808023,0.43565278281325376,0.535861,14.694861942041728,44,0.2313544147653091,-0.9588267012123706,-0.959173009686699,0.999934935410541,0.02083753385744408,0.4395601923386269,0.9911106383301357
Alto2_Ah_28,695.267382351894,Alto2,Ah,28,Alto2_Ah_28.wav,Vocals/Alto2/Ah/Alto2_Ah_28.wav,Alto2_Ah_28.wav,77.34263908232482,4.9517262161347935,5.553723239147562,1.2033625011918494,-7.110785386282571,2.3117191915378816,2.488615900330888,3.299852808048514,-21.58980878770365,2.259746817525996,-0.16549062002516454,2.159954362845922,-17.85994466914491,2.5257902188437646,3.85724974434008,2.423915061608824,-23.470797006907286,3.1724566732972077,-15.334945174337381,4.1005909501120525,3.569135514548624,4.985125247235569,23.84191158421608,2.568701399604576,,,,,,,,,,,,,,,1,44100,16,8151.224408930116,0.03163265306122449,0.4210636304117415,143.56189163750165,NA,NA,1.904809,0.4210636304117415,0.459441,14.380115214439824,44,0.2332821635608346,-0.9604172752056284,-0.9572502640258319,0.9998973608837949,0.02183949031184568,0.4247542759479397,0.9913111044545422
Alto2_Ah_29,736.898312620066,Alto2,Ah,29,Alto2_Ah_29.wav,Vocals/Alto2/Ah/Alto2_Ah_29.wav,Alto2_Ah_29.wav,77.771718772425,4.715565737040974,5.100394058848877,1.1399188038624386,-7.82191566940453,2.265170702357239,-0.7500061668895072,2.6602499936388875,-22.468888242837917,2.9453381641196925,2.2186879627885836,2.40202825837873,-14.557553482457159,2.433286840466306,5.062478841861932,3.097150544068229,-25.66644943302496,2.3410237132451,-4.820858115511114,4.355677291102648,12.872751053773829,5.408977946223397,23.855121160862748,3.465202432044923,,,,,,,,,,,,,,,1,44100,16,8217.80106526968,0.03365079365079365,0.4366634273536667,122.09198296108507,NA,NA,1.865727,0.4366634273536667,0.485649,13.335841935652057,48,0.2339838600092578,-0.9611170624224832,-0.958017183730959,0.9999016555241336,0.021439386661045556,0.44035008279211957,0.9916278988411289
Alto2_Ah_30,781.3526773198,Alto2,Ah,30,Alto2_Ah_30.wav,Vocals/Alto2/Ah/Alto2_Ah_30.wav,Alto2_Ah_30.wav,78.82704668575951,5.051273120484372,4.353284216478321,1.219952991408988,-7.841006660975494,2.266113103889572,-2.1778263580661363,2.870050565338703,-20.79378729898076,2.6028807784769836,0.031093457488109842,3.2538631881355427,-15.937787303957016,3.13554734608233,2.778113343662354,3.3778431524693016,-25.632442586151942,3.1212652421749825,4.2031859637947475,3.7295008688361686,23.93036368387217,4.611957856235337,26.47656947718878,2.9578893468320313,,,,,,,,,,,,,,,1,44100,16,8316.977243715022,0.0353968253968254,0.4237440062721131,152.13623280387642,NA,NA,1.722545,0.4237440062721131,0.559398,13.872126624832298,47,0.23883329928440897,-0.9631701356907629,-0.9615402070381632,0.9999125933999208,0.019605222051584506,0.4273627439134554,0.9915323979619638
Alto2_Eh_1,146.92111325217562,Alto2,Eh,1,Alto2_Eh_1.wav,Vocals/Alto2/Eh/Alto2_Eh_1.wav,Alto2_Eh_1.wav,76.5170240051161,7.810080686423382,10.89153418394382,1.8041391602829082,-8.629897940092485,2.779189693427138,5.1185016429365495,1.9691084443092794,-5.207355176207986,3.4764473951767263,17.209876699745735,2.7826671011390047,-12.818048288338346,2.873278473840326,8.757937598146151,2.9846090662619353,-11.522029917049162,2.9778464562284506,-0.8188374557718601,3.0115573153249118,7.862240582183689,2.8112330407428288,8.680286551410529,3.0128531698567675,,,,,,,,,,,,,,,1,44100,16,1594.088775800667,0.029841269841269842,0.6670795195475618,150.05121137320052,NA,NA,1.988124,0.6670795195475618,0.38099,17.259951602115137,40,0.04118751574048874,-0.6833844761228587,-0.6708063571303619,0.9923504497045019,0.19551964124832472,0.6776638091562424,0.9843812086971871
Alto2_Eh_2,155.67687565532725,Alto2,Eh,2,Alto2_Eh_2.wav,Vocals/Alto2/Eh/Alto2_Eh_2.wav,Alto2_Eh_2.wav,78.08549551405783,4.559928321188528,10.367306679750335,1.0573910070527106,-8.606589612091298,2.549208856524696,4.5949318826520305,1.8420008301749917,-4.029047791364646,2.9786170313152724,16.07951016365341,2.878692208393885,-13.787796008907732,3.0677248089325047,8.948555113770981,3.076488195422059,-13.564344060181666,3.826255597211925,5.090972611683379,2.924571576673949,8.765223075305501,2.659833885725305,6.296542333904402,3.5007379263792227,,,,,,,,,,,,,,,1,44100,16,1588.55583501276,0.030113378684807256,0.6764513955751329,159.05637965987142,NA,NA,1.958427,0.6764513955751329,0.401347,17.278518726154772,41,0.040699696615876246,-0.6493968305462099,-0.6286471477534613,0.9883695463345682,0.22536118434937974,0.6850636902958508,0.98742847585894
Alto2_Eh_3,164.8833922818614,Alto2,Eh,3,Alto2_Eh_3.wav,Vocals/Alto2/Eh/Alto2_Eh_3.wav,Alto2_Eh_3.wav,78.3412059157791,4.493749438755017,10.414239164899612,1.0568109541345625,-9.156538833790833,2.636972804737589,5.085419139612285,1.4475198825214524,-3.59563447036016,2.5802442966399095,14.585231689651401,2.4848643116096873,-15.911563267118188,2.827729569768759,9.883080179321228,2.714274730088073,-14.998887274831626,3.838239898975606,11.312931826863428,2.5376130880460366,7.217719200662293,2.1575062249044894,4.593063027549998,3.2210236351486574,,,,,,,,,,,,,,,1,44100,16,1571.287335497119,0.031655328798185944,0.6839259382954035,164.421891497146,NA,NA,2.004023,0.6839259382954035,0.396261,20.42608327779947,43,0.039981322479814646,-0.3193269788422733,-0.4043175831169056,0.9506492536917704,0.40324571297494183,0.6929104640071294,0.9870336411723847
Alto2_Eh_4,174.63420077632975,Alto2,Eh,4,Alto2_Eh_4.wav,Vocals/Alto2/Eh/Alto2_Eh_4.wav,Alto2_Eh_4.wav,78.93192481835821,4.901355747471424,9.77877004370028,1.1338122233896661,-9.868527218739466,2.1515327402852176,4.8797244877959045,1.5840313191501787,-3.107440536257355,3.2203698935489915,12.882914306422634,3.4653891955227882,-15.501576590103145,2.6882065325621913,9.572697666491363,2.662706571197788,-14.083928379421707,3.2006688933451652,16.139919181275655,2.514284415803877,4.363705566929349,2.076065503152371,2.2588368454690317,2.9580188206543263,,,,,,,,,,,,,,,1,44100,16,1545.0605867566887,0.036281179138321996,0.6920872862382564,143.28386679296236,NA,NA,1.952195,0.6920872862382564,0.424328,19.640540131772326,42,0.03923871548435841,-0.06860500912971454,-0.13398016425272247,0.8569302210654223,0.6544369934221921,0.7024231084890427,0.9852854751988168
Alto2_Eh_5,184.91803260207467,Alto2,Eh,5,Alto2_Eh_5.wav,Vocals/Alto2/Eh/Alto2_Eh_5.wav,Alto2_Eh_5.wav,78.76142372651789,6.631816064627253,11.831892316534232,2.870034059579997,-8.60355344669023,2.0909700974808456,3.6697028322233853,1.457381396574361,-8.566624177240458,2.833176966670849,16.71922210977421,2.411916223195208,-15.960708926829133,2.7124264004079586,6.271997056277507,2.9245948305707996,-11.57946506778293,2.7179360717799668,3.5048438848157453,3.0540177575343863,6.854643922488794,2.6805518428099124,9.419757587787634,4.480088867746408,,,,,,,,,,,,,,,1,44100,16,1857.643647907041,0.05063492063492064,0.6624477519621408,145.13667893873622,NA,NA,2.094508,0.6624477519621408,0.33634,13.562971398772588,50,0.047634946431987284,-0.7891662988532322,-0.7804690870893118,0.9963131904713746,0.1228448984793689,0.6742086221155896,0.9825560371557627
Alto2_Eh_6,196.03219105275025,Alto2,Eh,6,Alto2_Eh_6.wav,Vocals/Alto2/Eh/Alto2_Eh_6.wav,Alto2_Eh_6.wav,79.50960965694034,5.929607696975027,11.184218814030526,2.4675260416208187,-9.3023131849251115,2.4524979384924848,3.5794579562791635,0.9543925887584528,-7.545251150510899,2.361167667128346,15.688417464003992,1.5939240955511773,-16.607661961790846,2.908572356786141,8.254532193276084,2.47869664283454,-12.5064484744237,3.2265228779220725,7.464405407312494,2.080535645488245,6.794669544737051,2.0793282981545467,4.095625228866047,2.9073007799857202,,,,,,,,,,,,,,,1,44100,16,1864.930267658858,0.051564625850340134,0.6695863501783387,141.8079241846206,NA,NA,2.019195,0.6695863501783387,0.399812,14.546654125970646,51,0.047647416961401755,-0.21865623601097037,-0.4634920454172644,0.9540925076512269,0.34976494840921957,0.6801514753198442,0.9844665114685854
Alto2_Eh_7,207.11495059061713,Alto2,Eh,7,Alto2_Eh_7.wav,Vocals/Alto2/Eh/Alto2_Eh_7.wav,Alto2_Eh_7.wav,77.53500653107241,5.872077465140432,11.540956728170533,2.110785530264904,-7.362963509006908,1.6380813215044883,4.526080998373762,1.0949466503814451,-7.9185499346003905,1.181545306072238,12.738873284216671,2.393989943039952,-16.9017314210148,3.0690105391077824,8.602785767165377,2.405848051404693,-16.32227796480032,3.000182050704357,2.62722744521774,3.0270806180592866,4.142339435873805,3.0186501859583417,14.767890766145593,3.5560040143853255,,,,,,,,,,,,,,,1,44100,16,1768.4149503825674,0.0345124716553288,0.6522831812373951,135.08672311334035,NA,NA,2.003258,0.6522831812373951,0.409254,13.700804602857499,52,0.0409110940518673,-0.8040557817242755,-0.793526826970545,0.9979855402474986,0.11488941120577956,0.6635496171346076,0.983020959388291
Alto2_Eh_8,219.6884050764364,Alto2,Eh,8,Alto2_Eh_8.wav,Vocals/Alto2/Eh/Alto2_Eh_8.wav,Alto2_Eh_8.wav,78.26557728598155,5.357192024750218,11.019631113401408,1.8427648719072678,-7.8171817554708385,1.6232337626685716,4.218610393759651,1.0522811550738531,-7.200745772000958,1.023458001158132,11.101882161196956,2.613591150157779,-17.61130066693517,2.9218090479754593,8.82408668996578,1.7942483815911874,-17.538998615647614,3.63216461132574,5.640026785886533,2.559478505396547,4.034338397426527,2.250226895541821,8.18290379636489,3.134868548439085,,,,,,,,,,,,,,,1,44100,16,1759.860228889922,0.03648526077097506,0.6606179007751057,120.43006892700951,NA,NA,1.980869,0.6606179007751057,0.403459,14.101524866993712,53,0.040727166352800506,0.03903805249655128,-0.31763086740303687,0.921486455322693,0.47721553036906866,0.6709987295007087,0.9845292870623953
Alto2_Eh_9,232.18855313277408,Alto2,Eh,9,Alto2_Eh_9.wav,Vocals/Alto2/Eh/Alto2_Eh_9.wav,Alto2_Eh_9.wav,80.26063134906548,5.903259096117303,10.861184753109868,2.3387679054066344,-8.452102524947332,1.950788295398729,3.275720343483777,1.4544327490244842,-10.148182947598963,1.2890527648499541,12.15405833990648,2.7308738303310744,-19.24797314085099,2.7025742685383114,10.286908302948461,1.7272512280503862,-12.47920743222244,2.846307457800171,6.707880243729304,2.4813402411982084,-1.2464366417556438,2.293759900647683,16.610041862762355,2.8797292088376114,,,,,,,,,,,,,,,1,44100,16,2261.737470693231,0.02528344671201814,0.648701647568671,149.33631697827514,NA,NA,2.004584,0.648701647568671,0.42108,18.715190879167448,47,0.05786151399754794,-0.7262290474783547,-0.7147411321861417,0.9953728182672588,0.1655870485999311,0.6576592917641549,0.9863795063680234
Alto2_Eh_10,245.99344413162137,Alto2,Eh,10,Alto2_Eh_10.wav,Vocals/Alto2/Eh/Alto2_Eh_10.wav,Alto2_Eh_10.wav,80.86398969334024,5.225455633258485,10.374509168615221,1.818489192259295,-9.179920318961921,2.534090197537678,1.470755055350584,1.5132931768182076,-9.82856889342631,1.550450192102279,9.668308395040597,2.742540765358376,-18.745157136657514,2.000481584955917,11.13611942810389,1.591627202737387,-13.435545774151056,2.372912357427843,7.339367980288346,2.088276719082541,-0.8085313257284441,3.1526707944566064,11.37966609319453,2.666154287231964,,,,,,,,,,,,,,,1,44100,16,2248.4314585357088,0.02668934240362812,0.6558112978736412,150.0232999592481,NA,NA,1.959417,0.6558112978736412,0.438917,18.48604625177645,50,0.05714995597882161,-0.5311768493223173,-0.5738667136248068,0.9810252804781675,0.2656181258351242,0.6638541544183578,0.9878846031297892
Alto2_Eh_11,261.49490237979677,Alto2,Eh,11,Alto2_Eh_11.wav,Vocals/Alto2/Eh/Alto2_Eh_11.wav,Alto2_Eh_11.wav,83.6708810002793,6.547970672474979,10.799265431646257,2.3404802605016544,-11.036514254260345,2.921787444921292,-1.551311083887862,2.552146875034184,-8.725596854362761,2.4960011050219633,11.67294043398361,2.6550870484906435,-17.96371100326433,2.797787508215828,12.655132402499843,2.4632021217618765,-17.920585637072186,3.1455652170093007,-1.7815267605276492,3.6467902487368935,-2.2235804542760795,2.8932041957167494,15.562289488958518,3.472356422846186,,,,,,,,,,,,,,,1,44100,16,2738.146604991997,0.043696145124716555,0.6652839381406206,146.46667756478118,NA,NA,1.976536,0.6652839381406206,0.428162,18.947657123128945,50,0.06963174164159017,-0.8422315678104633,-0.8362821512288413,0.9986074834752221,0.0890330872365863,0.6747885828333267,0.9859146332132687
Alto2_Eh_12,276.99826010523066,Alto2,Eh,12,Alto2_Eh_12.wav,Vocals/Alto2/Eh/Alto2_Eh_12.wav,Alto2_Eh_12.wav,83.85043504261468,6.430427093065555,10.02935011387404,2.137498262246745,-11.928151585651998,3.242569234906371,-1.1092983268540557,1.9779055663234144,-6.62409119685092,2.0008411529954775,10.920220335949685,2.1484913766575437,-15.545470847049378,2.715134615669207,12.174700003413951,1.9714070512487059,-20.806041260902486,2.5616317375510076,-0.39983658492331897,2.2834567720289303,0.04385995142333709,3.581567434392081,8.735950637362713,2.3204371462326128,,,,,,,,,,,,,,,1,44100,16,2730.273544794438,0.04984126984126984,0.6700327406756597,125.906593764718,NA,NA,1.865954,0.6700327406756597,0.478647,17.265745516663088,48,0.06939249672333625,-0.717309638967496,-0.7725099476014234,0.9969959943922355,0.12795791149853775,0.6812273024246119,0.9835670682764639
Alto2_Eh_13,294.35936852870117,Alto2,Eh,13,Alto2_Eh_13.wav,Vocals/Alto2/Eh/Alto2_Eh_13.wav,Alto2_Eh_13.wav,85.74087591559119,5.840159077766041,10.372555288485193,1.1836908608798875,-10.803200966610616,2.4307752277236157,0.36769943697135943,1.578464731604475,-7.8910379673247215,1.420453300821074,7.952968122199025,2.55190287786156,-21.304481077447367,2.9731151058324894,8.973369598840176,1.7803090679902702,-19.774921898678407,2.0814062717489863,-1.9143541474144325,2.276520009689859,-10.69383341438272,2.8494854231190923,16.660042653866,3.2629502444180245,,,,,,,,,,,,,,,1,44100,16,3113.2190377785123,0.03226757369614512,0.6614357887588406,130.8242682759584,NA,NA,1.998112,0.6614357887588406,0.423131,19.812168919341595,58,0.08106475162145041,-0.6294012123994599,-0.6229329727924297,0.9889107487524825,0.22976034282187352,0.6710648301342234,0.9856511011410674
Alto2_Eh_14,311.68040215354534,Alto2,Eh,14,Alto2_Eh_14.wav,Vocals/Alto2/Eh/Alto2_Eh_14.wav,Alto2_Eh_14.wav,85.89331371542448,5.008081933835283,8.654619066843809,1.3194273379046728,-12.596491156277414,3.1971102142617696,-0.7852313119240182,1.8091704165648115,-5.4350811686599965,1.8222067061702454,8.126604133696242,1.969165408509118,-17.49222997503806,2.3346902095726785,8.219336793560213,1.7045787998422515,-21.33423575367323,2.7647984416522497,-1.7822699342404729,2.4001012070892505,-6.6250726316891635,2.9746903163786422,12.135717173213367,2.2375986411854436,,,,,,,,,,,,,,,1,44100,16,3124.383287507634,0.03696145124716553,0.6652271296751601,152.85314935409872,NA,NA,1.886836,0.6652271296751601,0.476704,20.56472417673999,59,0.08129356137311858,-0.6492451349664818,-0.6384392225250783,0.9924115493179664,0.21899932961413424,0.6747647508551607,0.9858652646453253
Alto2_Eh_15,331.48107978470125,Alto2,Eh,15,Alto2_Eh_15.wav,Vocals/Alto2/Eh/Alto2_Eh_15.wav,Alto2_Eh_15.wav,82.28317199723672,5.1782079796908205,9.72631019124742,1.1098580993929428,-9.745495606673792,1.81903299375357,-1.978304549363803,1.762219777256856,-9.653924761277587,1.4524030515908477,10.182855392395837,1.7562004897030516,-22.795636688648543,2.1519903172905406,6.604916173257975,1.9047095916010246,-14.224833317754584,2.298320667786421,2.6798092970021696,2.8899620496013925,-5.910669287468141,2.420382268161745,19.600769663338497,3.8195106882885534,,,,,,,,,,,,,,,1,44100,16,3497.7286509135774,0.04090702947845805,0.6108647468651178,157.4139503545675,NA,NA,1.917249,0.6108647468651178,0.477386,19.63350124350306,57,0.08240145211387832,-0.8761642228196209,-0.8716192573374615,0.9989895407696894,0.06852409679657236,0.6210126135398973,0.9836591617407984
Alto2_Eh_16,351.06856355948213,Alto2,Eh,16,Alto2_Eh_16.wav,Vocals/Alto2/Eh/Alto2_Eh_16.wav,Alto2_Eh_16.wav,83.20431173400186,5.192685245376642,8.579549029976205,1.1327429477876,-11.229241125100543,2.48023220508788,-3.490933707672718,1.856276424848439,-7.749594224238749,1.7694139746740176,7.815559367442603,2.4591026803393015,-20.89657117952536,2.43849667922505,5.6557972237159655,2.408458630231392,-17.21361796571448,2.8582086259123702,-2.025515339131585,2.202858986155711,-6.326123008096179,2.4712145326052144,13.271474065739069,2.770253733422566,,,,,,,,,,,,,,,1,44100,16,3524.8798757327677,0.04439909297052154,0.6135773039199865,154.48688026247422,NA,NA,1.853267,0.6135773039199865,0.493216,19.13104687934076,56,0.08307906669444484,-0.8744243712846536,-0.8715064910208753,0.9990460733432187,0.068592300487112845,0.6236969391991024,0.983774755585444
Alto2_Eh_17,371.228468182118,Alto2,Eh,17,Alto2_Eh_17.wav,Vocals/Alto2/Eh/Alto2_Eh_17.wav,Alto2_Eh_17.wav,85.8822414612352,5.244878951859735,9.524933285859708,0.8119221459794139,-13.414013366910705,2.5217984029296456,-7.199944889020056,1.6039970734335909,-11.866422798498979,2.5905235032635523,11.889987284553243,2.820224577585291,-19.542378197040566,2.9062511167607745,13.199176240799803,3.4210461836359514,-18.888899175472183,2.26309302741819,-4.9505865454495455,2.3418112059916614,-12.291790591052777,4.304535469930885,10.901174753996495,3.084480937951787,,,,,,,,,,,,,,,1,44100,16,4587.613484395094,0.05530612244897959,0.6225554672028096,146.89730257137512,NA,NA,1.934985,0.6225554672028096,0.461489,18.06411442181125,44,0.10106255970752542,-0.9434660675323778,-0.9398900380775187,0.999808472705734,0.03098033808332507,0.6357049278056744,0.9793151507441447
Alto2_Eh_18,392.0796559519335,Alto2,Eh,18,Alto2_Eh_18.wav,Vocals/Alto2/Eh/Alto2_Eh_18.wav,Alto2_Eh_18.wav,86.9767214392959,4.476801801506829,8.816525853886382,1.1097678215753657,-14.271591470762099,2.606812022346409,-7.871228677795881,1.4979289760849421,-9.891845795865928,2.689581753203404,9.748852061036976,2.6331030398059565,-18.664322629030583,3.0124519302368253,12.794279945872914,2.836058187433994,-21.397048565580075,2.709418868083802,-4.1672207220922,2.080942866260448,-9.17981225438643,3.333942227162552,9.46527900920662,3.4147181955770263,,,,,,,,,,,,,,,1,44100,16,4635.4142951032845,0.06108843537414966,0.6264358599015238,134.4001300084673,NA,NA,1.820833,0.6264358599015238,0.50914,19.25694232117479,50,0.10342597782965143,-0.8243128646491527,-0.8639796230875277,0.9985586252387545,0.07286792135055313,0.6393269772285879,0.97983642519991
Alto2_Eh_19,415.305,Alto2,Eh,19,Alto2_Eh_19.wav,Vocals/Alto2/Eh/Alto2_Eh_19.wav,Alto2_Eh_19.wav,83.04620290974984,6.740575279378061,7.229496668766707,1.5236216921730097,-14.40566327829943,3.9319733165260193,-7.43386464485658,2.0278640438285582,-11.188650092589928,2.562600802155528,8.465417880748676,2.31110891971575,-22.153970269446898,4.374714011509403,13.359035966050582,3.004866720797844,-18.464028908071487,3.6437538842820363,-2.049767719229373,2.4414355263194625,-10.628102442132025,2.8083861987980665,12.654006871840211,2.6647259793500573,,,,,,,,,,,,,,,1,44100,16,4210.779221572487,0.05049886621315193,0.6201652989765064,148.63053542917243,NA,NA,1.838548,0.6201652989765064,0.509341,17.20419314516734,45,0.08317157837135503,-0.8220156720533964,-0.8201195658854677,0.9975859622386636,0.09859033401838942,0.6348980378124469,0.9767951104610397
Alto2_Eh_20,439.484277916926,Alto2,Eh,20,Alto2_Eh_20.wav,Vocals/Alto2/Eh/Alto2_Eh_20.wav,Alto2_Eh_20.wav,83.80943546618037,6.961738996777472,6.2046211290479185,1.7315428427737387,-15.86977848030828,4.227828441462929,-9.452739656632017,1.9351446583961838,-9.97656123390163,3.8291732635663567,5.419206313503844,2.627846159379805,-19.544730554687614,4.84674794796719,13.932529403973666,3.387040868677617,-19.320699217094106,3.1525207370049797,-1.4043051791992873,2.5454217200020457,-6.773340408772799,3.97340018226267,12.39404020817474,2.856127379583982,,,,,,,,,,,,,,,1,44100,16,4405.012753579693,0.05204081632653061,0.6191741580826917,151.33802108830608,NA,NA,1.747871,0.6191741580826917,0.533316,15.739838499039593,52,0.08547118400593287,-0.8258142637386179,-0.8231334295970812,0.9980056849267379,0.09681893813697348,0.6339516651131053,0.9766898521707059
Alto2_Eh_21,466.666583332954,Alto2,Eh,21,Alto2_Eh_21.wav,Vocals/Alto2/Eh/Alto2_Eh_21.wav,Alto2_Eh_21.wav,83.80095188071991,6.248503736956096,5.204918526282717,1.3440825084439134,-16.911721115881278,2.2487629172010966,-3.673217364022366,2.3480133689830973,-9.077910567626981,3.333121103912803,2.803351719714569,2.8235956110466307,-20.747723701558424,4.210183250042957,12.727526421429243,3.375917556626189,-14.315615238725304,2.5888596904181256,0.447157783695278,3.9114175522711383,-11.629418850700084,6.374159851261941,14.960840708476411,3.722535494364702,,,,,,,,,,,,,,,1,44100,16,4487.265792031802,0.04600907029478458,0.6233013874281045,141.00194668601503,NA,NA,1.937229,0.6233013874281045,0.454646,20.51285980308716,44,0.11767555920830397,-0.5524554715306501,-0.4957320123823771,0.9600783067525778,0.32367880856566833,0.6323317321071582,0.9857189759416922
Alto2_Eh_22,494.89126334237,Alto2,Eh,22,Alto2_Eh_22.wav,Vocals/Alto2/Eh/Alto2_Eh_22.wav,Alto2_Eh_22.wav,85.07960832668554,5.562459829873638,4.475528844792423,1.158189542835973,-16.873459462774022,2.2401480671743994,-4.425079692556243,2.3293647428971886,-8.347722780477248,3.122482060448746,0.3733276591821987,3.0611034023199846,-17.64846640413911,4.53864220133535,12.209672032117819,3.3725857307467617,-14.27633492956594,2.6589119349515866,-0.41157233675705956,4.378058272939104,-8.793710634775243,3.2622029793951097,8.214898052269897,3.667221011067659,,,,,,,,,,,,,,,1,44100,16,4649.630409541944,0.04800453514739229,0.627663652878546,148.03656849310036,NA,NA,1.909683,0.627663652878546,0.460481,19.606547708028135,45,0.12216045345808058,-0.7519575681007015,-0.7039295398143408,0.995104292859189,0.17290678929813422,0.6354628806798414,0.9877266980677903
Alto2_Eh_23,523.551469225732,Alto2,Eh,23,Alto2_Eh_23.wav,Vocals/Alto2/Eh/Alto2_Eh_23.wav,Alto2_Eh_23.wav,84.39430408017375,5.12249186202617,5.393365910183515,1.243509802594822,-18.460868922155946,2.0725437312830866,-5.125441925705928,2.3055424927245323,-6.235143978008642,2.866298296458086,5.654490503448256,2.4011617629243265,-14.405136346465769,2.513060984651998,14.337484782375277,3.97506403211746,-21.57721908203708,2.933435528670935,-15.015186012246934,4.095655021512262,-18.15097235013721,2.94833139553503,11.783220040724357,3.413249726399355,,,,,,,,,,,,,,,1,44100,16,7298.276308557597,0.0691156462585034,0.5519136230529832,152.8209572211342,NA,NA,1.669556,0.5519136230529832,0.576944,17.114816966042063,46,0.1686766899900277,-0.9258250500627501,-0.9255328827731579,0.9994641493314957,0.0386527878272867,0.561981562925199,0.9820849285164969
Alto2_Eh_24,553.623604508028,Alto2,Eh,24,Alto2_Eh_24.wav,Vocals/Alto2/Eh/Alto2_Eh_24.wav,Alto2_Eh_24.wav,84.92879145277644,4.777206870773542,4.507904747242077,1.2266737322963666,-19.059559940311622,2.349269140120512,-4.566091919022271,2.3651009698835557,-6.037126787608257,2.9629137999604254,3.5007624354744005,3.0520666615667293,-13.191084603876702,3.9622068382809266,11.001192884803523,3.15444847899868,-25.30815842664547,3.3093796800716895,-13.041207749850882,3.5891965717813252,-11.596182951627135,3.000236259364125,13.55673437521839,3.1277780648705282,,,,,,,,,,,,,,,1,44100,16,7704.34524031981,0.07433106575963719,0.5557938774352144,143.67313352530235,NA,NA,1.624056,0.5557938774352144,0.582091,18.336592960399024,48,0.17866177894503726,-0.9280404569568312,-0.9278756059532718,0.9995689700058495,0.0373952064370545,0.5654415455958542,0.9829378151715519
Alto2_Eh_25,588.00988908672,Alto2,Eh,25,Alto2_Eh_25.wav,Vocals/Alto2/Eh/Alto2_Eh_25.wav,Alto2_Eh_25.wav,81.40411995615281,6.318199874091221,7.12862120921252,1.2940727591765753,-14.643427397870617,2.4667656145763592,1.864107812332124,2.945722397141569,-10.847852577648869,2.3872876279161894,6.877228076840972,2.9594048904475474,-17.19971819761528,2.908470729199872,0.9065021321500257,2.9429871820606937,-22.982699803497304,3.0875933485270077,-15.916788696768434,4.272235286382137,-13.936926964736827,4.51040438773067,10.337238483273154,4.395617679598685,,,,,,,,,,,,,,,1,44100,16,7474.061895430603,0.029024943310657598,0.5090344313934365,180.59721319841464,NA,NA,1.84398,0.5090344313934365,0.502341,19.050442314945638,41,0.1932270991093168,-0.896261493887426,-0.8950811295789806,0.9992726434328613,0.05532351905952135,0.5152703370985758,0.9878977979981287
Alto2_Eh_26,622.067489594538,Alto2,Eh,26,Alto2_Eh_26.wav,Vocals/Alto2/Eh/Alto2_Eh_26.wav,Alto2_Eh_26.wav,81.5529161997399,6.148955164689737,6.210086119898762,1.1110153437764887,-15.100516134705272,1.989974272603682,2.8711323137748725,3.0875329234066293,-10.375463590533597,2.4828918858734452,6.078318669913105,2.321117820918587,-19.77683227877981,3.7390482975183486,0.501607684042093,2.6168476754634624,-23.83117521150968,2.771683724812729,-13.712458235439781,3.635548255465252,-8.26387920712197,4.934177924779172,15.838926646256088,4.743695749697933,,,,,,,,,,,,,,,1,44100,16,7650.503004159058,0.029183673469387755,0.513935799174339,153.2393198600498,NA,NA,1.752268,0.513935799174339,0.562015,19.35776709455011,46,0.19767033578771864,-0.8943341625121364,-0.8980309065055222,0.9991974253331835,0.0536805040076119,0.5202961469658824,0.9877755239422125
Alto2_Eh_27,656.816299876454,Alto2,Eh,27,Alto2_Eh_27.wav,Vocals/Alto2/Eh/Alto2_Eh_27.wav,Alto2_Eh_27.wav,82.31198531927497,5.632559982218559,7.997673944567867,1.0511211315917806,-13.852092072191915,2.76488747652681,0.7330555561010084,2.8469978692975877,-11.32119836206163,2.4034799905944073,6.458058568711204,2.290292008053342,-22.439384856465637,3.1249525151593023,-9.37846725344471,4.1063287453655315,-17.558309281337284,3.157550793812399,-2.9372847492502157,4.330017662150196,-5.222382959728523,4.169096565604371,14.897348612170077,2.8658973984874208,,,,,,,,,,,,,,,1,44100,16,10916.186466562645,0.029886621315192742,0.4525612815910018,148.13886838527566,NA,NA,1.739906,0.4525612815910018,0.555936,25.55306461323268,44,0.33412054618684073,0.09044673778572415,-0.17231863678284293,0.8354937449149282,0.5898759774461312,0.45640617696612124,0.9915757157348796
Alto2_Eh_28,695.059862684188,Alto2,Eh,28,Alto2_Eh_28.wav,Vocals/Alto2/Eh/Alto2_Eh_28.wav,Alto2_Eh_28.wav,82.51311841932676,5.927618332167147,6.6499185013232625,0.9866853152413284,-13.120226706644653,2.7798032483958104,3.1451020420842393,3.2051205869262382,-11.07391457688797,1.8212467455935073,1.937432106009628,2.774367705705178,-24.085311690945083,2.1896296669233184,-8.031478262717009,3.0725046059296317,-16.63930293332013,2.4555541098064047,-3.411176515750093,4.4510674694878105,-0.5623800275173568,4.115310028055718,22.017498047121148,3.499363486109536,,,,,,,,,,,,,,,1,44100,16,11118.429146950793,0.03160997732426304,0.44307078237105524,175.71178986398613,NA,NA,1.799306,0.44307078237105524,0.535361,23.562315640881113,44,0.3419038686172509,0.33856110458452615,0.33205990189223467,0.46375359407200556,0.9248547418724661,0.44672553194534165,0.9918188030167625
Alto2_Eh_29,734.949921224936,Alto2,Eh,29,Alto2_Eh_29.wav,Vocals/Alto2/Eh/Alto2_Eh_29.wav,Alto2_Eh_29.wav,82.98629968448486,5.891508398869695,6.340916510428728,1.1760904031324912,-15.011381979156909,2.3904761629852644,1.75339751250825,2.812126630899659,-10.801346405894034,2.166729951513922,3.174455777270124,3.175459529225915,-25.93376776126096,2.457057767575428,-4.530724806660517,2.8028722630310594,-13.201717242408154,4.174106391522465,3.5783082286610965,4.633571048229414,6.75688212981321,3.7579741671243716,22.89574702153737,4.5817192691342,,,,,,,,,,,,,,,1,44100,16,11235.378345439873,0.03369614512471655,0.4601451014634584,129.89895399661464,NA,NA,1.816716,0.4601451014634584,0.525521,23.019134706186428,45,0.34492212820690293,0.3330683635007778,0.33433835698522896,0.5012313681262642,1.0047330310125995,0.46396797281869984,0.9917604843885738
Alto2_Eh_30,778.8600073125,Alto2,Eh,30,Alto2_Eh_30.wav,Vocals/Alto2/Eh/Alto2_Eh_30.wav,Alto2_Eh_30.wav,83.88899261262839,6.219416045550652,5.366695961352172,1.2694085648503795,-14.426323942900177,2.277619827087673,1.9902066443346458,3.3421865881051676,-11.58410797547146,2.2679338299333214,-0.7849529356399134,3.151834687878745,-26.611229370481944,2.7500583644025642,-2.9065291356034497,2.7499240143175747,-11.102199393293528,3.8604712291348093,10.209703772320731,3.2989191166861005,14.381468211227148,4.120929595515105,26.453920632270304,4.350456332112812,,,,,,,,,,,,,,,1,44100,16,11465.053442038048,0.03537414965986395,0.45268549411179826,179.29916783643768,NA,NA,1.84844,0.45268549411179826,0.469276,25.773943714984416,42,0.3529017724093111,0.3261649376703573,0.3283905088139803,0.5530075432384569,1.0938052266700824,0.45631796162275484,0.9920396131284449
Alto2_Ih_1,146.38561486441913,Alto2,Ih,1,Alto2_Ih_1.wav,Vocals/Alto2/Ih/Alto2_Ih_1.wav,Alto2_Ih_1.wav,58.91138276741106,9.732356014073648,5.025161365851954,1.856755600159411,-5.623641040339968,3.206025510346291,9.54845050588619,2.296119014478478,9.162601124795424,1.9861496819682787,28.956051534366647,3.891154209738497,-11.264021168331661,2.714823656464988,8.08346677817919,2.1343275796675774,-1.2843024213143024,2.623174868745679,2.66032219764652,3.2564782468360924,3.2019398537807184,3.780187366705364,-0.11631134073851664,3.1050078668448897,,,,,,,,,,,,,,,1,44100,16,817.9460592782306,0.034036281179138324,0.5829301125263219,152.97349738175635,NA,NA,1.987188,0.5829301125263219,0.392751,20.765219900529004,44,0.020131246589319245,0.9127879297647334,0.9055888551024119,0.052351877984890986,1.0566671481413024,0.594266283797206,0.9809240881066834
Alto2_Ih_2,154.87389372347752,Alto2,Ih,2,Alto2_Ih_2.wav,Vocals/Alto2/Ih/Alto2_Ih_2.wav,Alto2_Ih_2.wav,60.99367923311544,3.2338902869175565,5.041685990392783,1.5602205996330736,-6.435392056825093,3.0393127897667664,11.19108767649593,1.8433531855471141,10.869937941838863,1.6052298425596776,26.211946073782457,2.8313402658323095,-14.174332967785913,2.1239364851392546,10.156556775094401,2.4229608519557497,-4.4788758703244635,2.4610337461152603,4.765811857296688,2.578614216625045,1.2270263107371473,3.7727094722442445,-8.239941912798379,3.1814798028721967,,,,,,,,,,,,,,,1,44100,16,814.4560367752836,0.03977324263038549,0.5968733850971303,148.3676589563094,NA,NA,1.896664,0.5968733850971303,0.428074,19.13369543308232,43,0.01953919723641622,0.9563429299735818,0.9508589904501286,0.026636978792782304,1.0574668699793668,0.607258902419009,0.9828977108766818
Alto2_Ih_3,163.8630420878876,Alto2,Ih,3,Alto2_Ih_3.wav,Vocals/Alto2/Ih/Alto2_Ih_3.wav,Alto2_Ih_3.wav,61.56486787409722,3.5173135282101735,4.799477666379568,1.7094910941359496,-5.828141379987121,3.1595525102885227,11.696001931518722,2.1005640036266375,12.734216220569936,2.344836799744228,23.0355395224978,3.3360436424359174,-16.72252843691243,2.914008534183285,11.557951259659852,2.3581749673642545,-6.110574906103405,2.7710162657304833,4.56512086032131,1.92358317762609,-1.4582937855733153,3.120934300504784,-13.97025692349455,2.9156405833188193,,,,,,,,,,,,,,,1,44100,16,810.7665546862781,0.04496598639455782,0.6072540595965022,154.1720482463763,NA,NA,1.889822,0.6072540595965022,0.452441,18.600785519882717,42,0.019416229450157203,0.9675495162742868,0.9656693687587031,0.01843429728170967,1.055492782715285,0.6177545690286149,0.9830021339241178
Alto2_Ih_4,173.91445758903436,Alto2,Ih,4,Alto2_Ih_4.wav,Vocals/Alto2/Ih/Alto2_Ih_4.wav,Alto2_Ih_4.wav,62.086556637460625,3.685076008754055,4.7360165617442265,1.5142290438832442,-6.230566856779114,3.012975393684015,13.393260230725863,2.15441081201044,13.491731691652268,2.0398010641557893,19.384554087821172,2.435266769643612,-17.44815860779782,2.7553342653855393,13.210741063898832,2.7821752934963144,-8.699849511321618,2.5022725942484687,6.5215735037224984,2.3616045655986206,-7.334728593552804,2.5509058063042325,-16.171559700291635,3.718127844775261,,,,,,,,,,,,,,,1,44100,16,817.8645465219597,0.048072562358276644,0.6144619400148849,146.54808483736232,NA,NA,1.842111,0.6144619400148849,0.486404,20.110385146582313,42,0.019651514985967733,0.9733866229827582,0.9726631726422706,0.014653096335371393,1.0573876451611652,0.6252744925656756,0.9827075105743978
Alto2_Ih_5,184.1795611638917,Alto2,Ih,5,Alto2_Ih_5.wav,Vocals/Alto2/Ih/Alto2_Ih_5.wav,Alto2_Ih_5.wav,68.49411040937366,6.636345486714304,5.65261342528945,1.4901116471184785,-11.295156593430187,2.861797714052819,15.307094649332956,1.5501118629824242,10.281018082377443,1.8519830979128984,24.652941748863817,2.920879197541961,-16.32427245080961,2.9519362845302095,4.946110279509987,2.6705260855564337,-4.590109830187749,3.5267892175112534,-3.0700463912712563,3.3369386337921667,-1.3530355840893111,3.640081739885101,-10.987948411092049,2.287548926830781,,,,,,,,,,,,,,,1,44100,16,1300.7362371265917,0.058412698412698416,0.6406390334115244,135.8805355846728,NA,NA,2.076651,0.6406390334115244,0.328813,19.133726798033365,41,0.02793234692979105,0.9608102074218674,0.9576820894471855,0.02372821779054289,1.0976985010891178,0.655538566856405,0.9772713091217038
Alto2_Ih_6,194.9694783921096,Alto2,Ih,6,Alto2_Ih_6.wav,Vocals/Alto2/Ih/Alto2_Ih_6.wav,Alto2_Ih_6.wav,69.37473402063588,5.377816438667187,5.993394901122664,1.087473773750804,-11.63780123808971,2.8300583432955677,16.99090479673415,1.6021565312947799,10.267016673801091,2.227773997906145,21.108175965241063,2.775762146878174,-20.56617831660582,2.7429991178604123,6.263867251786224,2.176045699585258,-8.426750485972557,3.330126790491024,-2.591872208302241,2.179515951269393,-3.517661828712419,2.862041175608309,-15.688672037386814,3.930235219626042,,,,,,,,,,,,,,,1,44100,16,1316.0322060492529,0.06294784580498866,0.6491836538944565,135.861644760187,NA,NA,2.020484,0.6491836538944565,0.393429,19.9490330765398,43,0.028445045865191816,0.9751404396092533,0.9724351107477899,0.015383673056951376,1.1007951670751932,0.6631576296362899,0.9789281233942865
Alto2_Ih_7,208.06660298356636,Alto2,Ih,7,Alto2_Ih_7.wav,Vocals/Alto2/Ih/Alto2_Ih_7.wav,Alto2_Ih_7.wav,71.97102975455094,4.425923740047585,0.9710802900501729,1.5928713954870732,-13.092804576425001,2.110776508835945,23.357645055201957,2.128468969573524,6.2496434808863155,1.8832203731135566,23.14822994253993,2.0938986163498914,-15.540098772380546,1.4832424077265471,14.289149300200634,3.0794352974198183,-3.678605619708888,2.7047198013302216,-4.966634655435145,3.3537377590210964,-5.445199567779629,2.6154482790725897,-8.836213967848165,1.5938366317659747,,,,,,,,,,,,,,,1,44100,16,1341.9544482894814,0.04276643990929705,0.7011476562654162,125.8119270195956,NA,NA,2.187888,0.7011476562654162,0.249474,13.107451395105878,58,0.03480148422790684,0.968363698433502,0.9714234885049041,0.026848703763173637,1.8522262678463826,0.7123983120895184,0.9842073519361617
Alto2_Ih_8,220.3820172732321,Alto2,Ih,8,Alto2_Ih_8.wav,Vocals/Alto2/Ih/Alto2_Ih_8.wav,Alto2_Ih_8.wav,72.074381259196,4.738698384536249,0.05985492004650127,1.1965013971744396,-12.226787609213813,1.414138728440654,24.505880523260256,1.342045935825847,6.389750008269125,1.3718503023997075,20.662456957110223,1.6897020662645572,-17.615062007597075,1.4531093626413136,15.576012431303582,2.961886627292607,-9.879077366773895,3.3100428884875233,-6.488838032528298,2.331379345844981,-9.085043444720958,2.7071394986493504,-12.6950207623182,1.6166778843969143,,,,,,,,,,,,,,,1,44100,16,1333.8581228547573,0.05047619047619047,0.7056509995887095,121.36899053317332,NA,NA,2.153276,0.7056509995887095,0.298903,13.586357176977419,54,0.034190590646260705,0.980551873907235,0.9785317127300224,0.019811786569338612,1.8258675002962133,0.7176995028006156,0.9832123288857101
Alto2_Ih_9,234.2059738745262,Alto2,Ih,9,Alto2_Ih_9.wav,Vocals/Alto2/Ih/Alto2_Ih_9.wav,Alto2_Ih_9.wav,76.19060190469642,4.859569087674609,-0.033153265205010794,1.0164636941152656,-15.992334027623922,1.8316870759071109,22.14755521994191,1.7837337043063797,4.3754469739601785,1.8884032145541685,21.52726926835512,2.5251220705871154,-16.639166053315005,2.2846450038920048,10.110292800074788,2.179139820114335,-1.9709422798942013,2.1292220750822812,-6.852757546555648,2.0471692249037403,-4.781256591307583,2.563464521031314,-10.815422081373748,2.809705322886925,,,,,,,,,,,,,,,1,44100,16,1667.9735947439021,0.07462585034013605,0.7262127873589945,137.72998501744593,NA,NA,2.209332,0.7262127873589945,0.213057,20.430832982979645,46,0.04251255370642211,0.9774264220694512,0.9789401400205636,0.018965050782559625,1.7820963808772718,0.7356270561711818,0.9872023891274649
Alto2_Ih_10,247.97828786543772,Alto2,Ih,10,Alto2_Ih_10.wav,Vocals/Alto2/Ih/Alto2_Ih_10.wav,Alto2_Ih_10.wav,76.27221567998714,4.325345948853797,-1.1534734422786297,0.9036974294604422,-15.771216716886752,1.4060944130048647,23.20213746056046,1.4159960643801464,3.3819039217269524,1.2781159581166657,18.966099836324567,1.7953623293163778,-19.313213971946364,1.797849512750089,12.270068948696341,1.964745109618033,-6.988078309006607,2.0671093032256747,-8.579910701293537,1.7943362212854297,-7.623671664367454,2.4064493033608696,-16.526194834829045,3.2199404625994412,,,,,,,,,,,,,,,1,44100,16,1669.1111628135538,0.07759637188208617,0.7322675702781568,131.19995135237056,NA,NA,2.186919,0.7322675702781568,0.25506,20.23843023237177,50,0.04227965095716407,0.9837529528352856,0.9834118092234564,0.014590724970915217,1.7445794181102805,0.741337128182987,0.987765946746712
Alto2_Ih_11,263.1772010967499,Alto2,Ih,11,Alto2_Ih_11.wav,Vocals/Alto2/Ih/Alto2_Ih_11.wav,Alto2_Ih_11.wav,79.95593351486926,5.4151962849970525,-0.04478021231217211,1.2529382151261592,-17.319396120549676,2.0770165768829356,21.8733035184678,2.1023071672360483,4.5997728903746715,2.7737174754430223,19.17760252624357,2.5194143239854996,-16.962179872352753,2.5632474856698626,0.33306309761788827,2.993775260184714,-8.192611137249665,2.403975396915877,-6.240530815841992,2.250057366539043,-8.304165096390214,2.09301973774743,-3.19035539889573,3.615508915179237,,,,,,,,,,,,,,,1,44100,16,2486.790646800664,0.07585034013605442,0.70608213223462,141.44377976054494,NA,NA,2.21362,0.70608213223462,0.220347,17.331396766008066,52,0.06415756302502468,0.9775423137890068,0.9778228734702412,0.018829961782486672,1.6793126499052302,0.7142894023081116,0.9885098812232533
Alto2_Ih_12,278.52175146301056,Alto2,Ih,12,Alto2_Ih_12.wav,Vocals/Alto2/Ih/Alto2_Ih_12.wav,Alto2_Ih_12.wav,80.68919660584342,3.7444510807217903,-0.3257423685048599,1.0655731415057148,-16.592184709262234,1.5938580628038213,24.048023189945894,2.261768961307036,3.763871194651133,1.824997426249348,17.022699448237056,2.093408570778199,-20.92586179754849,2.434199745864988,1.3152417057244659,2.2838199689722085,-10.742088865322392,2.542542435541067,-6.94507449600014,2.572022882169668,-8.578119616166846,2.489073796094268,-7.226522046957942,3.083807714653168,,,,,,,,,,,,,,,1,44100,16,2478.1059786180203,0.0855328798185941,0.7164147515609451,139.42897946324982,NA,NA,2.194397,0.7164147515609451,0.242133,16.445300367721032,49,0.06357121380817435,0.9821640319358763,0.9804604425437231,0.015959725909847945,1.6176213769949077,0.725018005008585,0.988133738213111
Alto2_Ih_13,293.62184651341084,Alto2,Ih,13,Alto2_Ih_13.wav,Vocals/Alto2/Ih/Alto2_Ih_13.wav,Alto2_Ih_13.wav,83.50037621886993,4.711050272403715,2.141818631700588,1.0001470019757968,-18.986843502522447,2.152594810219004,20.3162475056002,1.745753801153279,3.556153606584522,2.1259309388109293,17.490154675071683,2.0328384892434683,-18.04808517253918,2.556703306784117,-0.0011913635283289387,2.7172769794011726,-7.23663710252131,1.9551265036456167,-5.409120380318497,4.218084560026146,-11.437548731356546,2.618403438930211,-3.339045527520929,3.445854347715823,,,,,,,,,,,,,,,1,44100,16,3638.123950459041,0.06705215419501134,0.6889346028706679,134.85481572042622,NA,NA,2.170596,0.6889346028706679,0.27622,16.19848200510495,53,0.09632855251670808,0.9811283719511636,0.9786317073028966,0.015851326079704565,1.4677792385515458,0.6977086223972631,0.9874245218635131
Alto2_Ih_14,312.07512613199316,Alto2,Ih,14,Alto2_Ih_14.wav,Vocals/Alto2/Ih/Alto2_Ih_14.wav,Alto2_Ih_14.wav,83.65230230431496,4.096699329692862,0.9366755951400293,0.8779240296337456,-19.41116524199283,2.31215765109934,21.42654372818501,2.2454179738073052,3.237013539929315,1.8539553775327737,15.440979378021723,2.1008562913556617,-19.357017989856974,2.336365947290178,2.6887949061345844,2.2982258106163553,-8.013670621308442,2.278031742214766,-5.491189287899142,4.503905701879313,-9.997504357369642,2.7154078294768027,-5.240951303391345,2.605358698968029,,,,,,,,,,,,,,,1,44100,16,3638.2524383024634,0.07054421768707483,0.6967623876814204,138.89292348433446,NA,NA,2.18586,0.6967623876814204,0.258475,16.95227838225491,52,0.09585707200376956,0.9815244248282513,0.9814009232047078,0.013455005713441048,1.433391615926062,0.705759354412705,0.9872520758314689
Alto2_Ih_15,329.224865229805,Alto2,Ih,15,Alto2_Ih_15.wav,Vocals/Alto2/Ih/Alto2_Ih_15.wav,Alto2_Ih_15.wav,83.77296761880214,5.322516527128478,1.3647608261090214,1.9729194260007954,-21.791722448883718,2.806464037947489,19.53370266878172,3.6207107197788444,3.9934031802020997,2.479551918318019,19.146785387614546,2.918852694179085,-19.13397786633082,3.3017706488524508,0.07730961783956639,2.5921106500531743,-3.254544989322109,3.237358364145856,-4.430649863733495,3.7039946384209776,-7.589899612345246,2.7060254776945807,-9.813589721469775,3.510426610020035,,,,,,,,,,,,,,,1,44100,16,4716.325684539188,0.06798185941043083,0.6669611190978039,151.26017801003974,NA,NA,2.165535,0.6669611190978039,0.275248,15.989966973379033,46,0.12150739115337991,0.9812999158987668,0.9740464128318866,0.01736451350590965,1.3207559854780468,0.6764678526607815,0.9859465109456653
Alto2_Ih_16,349.7210881970411,Alto2,Ih,16,Alto2_Ih_16.wav,Vocals/Alto2/Ih/Alto2_Ih_16.wav,Alto2_Ih_16.wav,84.22182996775234,5.024956296795163,-0.08327927952372727,1.7935671586266844,-21.60361566165407,2.4186732788063474,20.32452439913864,3.6352050590385563,3.2651177581019866,2.243356836358308,15.835340327182664,1.8058215629697822,-23.529321435446537,2.314696749130441,1.6660456761318496,2.298531178679705,-7.495974006379848,2.1921774750254697,-6.254035942019888,3.6932172256384606,-10.951885760343835,2.443357512299166,-12.243734617974424,4.567044879713186,,,,,,,,,,,,,,,1,44100,16,4751.95310790485,0.07306122448979592,0.6745791140950267,156.13999733181763,NA,NA,2.134828,0.6745791140950267,0.309274,15.557880970668975,51,0.12259361832375809,0.992382796637801,0.9923345333763294,0.005096880290693744,1.3247322197290565,0.6842763807011387,0.9858284358782401
Alto2_Ih_17,367.7646368712989,Alto2,Ih,17,Alto2_Ih_17.wav,Vocals/Alto2/Ih/Alto2_Ih_17.wav,Alto2_Ih_17.wav,85.45926265531035,6.232804165264182,0.7050615725970392,1.1912977866457666,-21.750449535454944,2.4901439115605655,18.6932079037858,2.306624464615563,2.867286236587659,3.0846594451869436,16.559693503581407,2.933881419806693,-24.679840399938573,3.011323950271408,4.243476535485872,2.2066087006634696,-9.656042785974018,3.5747419693468605,-10.03555463720646,3.190345555364119,-11.24495729003347,3.5468018075737153,-15.989455997453156,3.263118755967596,,,,,,,,,,,,,,,1,44100,16,5703.342715303015,0.08496598639455782,0.6612932530477382,142.937472835151,NA,NA,2.101761,0.6612932530477382,0.339773,21.056637760906714,49,0.14813907943018811,0.9802994638094908,0.9804841416151195,0.013635918026084352,1.3837833250494354,0.6707450770236453,0.9859084705953439
Alto2_Ih_18,390.0497658695451,Alto2,Ih,18,Alto2_Ih_18.wav,Vocals/Alto2/Ih/Alto2_Ih_18.wav,Alto2_Ih_18.wav,86.27039560770956,5.88663611219606,-0.45233478623767054,1.1462105631712394,-20.66222151116817,1.9556018496709437,19.054533422152723,2.074646210463689,3.7032455848415085,3.160473942075774,12.236998798781544,3.186251210778153,-25.49115754410654,2.547986196700422,6.874093309547321,2.8919873344388294,-13.033651885699067,3.0601294409947437,-10.122680923460992,2.903408572012586,-13.188788543168496,3.3029452739230845,-18.73208877083602,3.432904767869529,,,,,,,,,,,,,,,1,44100,16,5703.801726703333,0.09433106575963719,0.6720992830568423,146.68150082974574,NA,NA,2.131704,0.6720992830568423,0.314879,13.902314619919737,52,0.14897164382771566,0.9861264922488355,0.984731354017637,0.010601666853205913,1.3780829441400646,0.6819173754928692,0.9856022257404269
Alto2_Ih_19,415.305,Alto2,Ih,19,Alto2_Ih_19.wav,Vocals/Alto2/Ih/Alto2_Ih_19.wav,Alto2_Ih_19.wav,87.82807619352853,6.104992065964924,0.2393509391928699,1.8158198037242894,-21.9226762377537,1.7581846779464705,15.630395714262159,2.359117164070762,2.8924183624417044,2.1971365947606225,12.189809203297091,2.48971772726381,-25.609951170023354,3.2464765030597476,4.077444370811285,2.7533761217945156,-12.675919719411054,3.6580617735566587,-6.959945957158244,2.847807696795869,-9.912265468069455,2.618882032300967,-18.89274160179748,3.7028188531081607,,,,,,,,,,,,,,,1,44100,16,6367.405119478698,0.09947845804988661,0.656901580372735,153.71913189272638,NA,NA,2.145583,0.656901580372735,0.314518,20.411512809777985,46,0.15576717863989348,0.9881661855816309,0.9865223212772724,0.008690296601036613,1.280893285233733,0.6684821722202517,0.9826762891685596
Alto2_Ih_20,437.470712187248,Alto2,Ih,20,Alto2_Ih_20.wav,Vocals/Alto2/Ih/Alto2_Ih_20.wav,Alto2_Ih_20.wav,88.70787926957071,4.837842925546439,-0.7431544655945362,1.7179696146630326,-21.03887073535421,1.7567468885160318,14.812345472920219,2.362349935957272,1.5068114804430517,2.9475493547487757,7.6835624577791775,2.401375714573937,-26.91668978867964,3.1006009798811993,5.13441368472623,2.3935566073998777,-15.403328107915028,3.7126048802633016,-6.610088878048995,2.8986184581014367,-12.795921813066277,2.5598227541022114,-18.684614788517674,4.056838084674999,,,,,,,,,,,,,,,1,44100,16,6439.997377139965,0.1035374149659864,0.6643662114923128,157.3655595012579,NA,NA,2.128005,0.6643662114923128,0.313611,15.508196906214566,48,0.15917921901213508,0.9883056812482511,0.988428836758725,0.007489250130547539,1.2869787258863934,0.675123316220096,0.98406645946105
Alto2_Ih_21,465.218943820198,Alto2,Ih,21,Alto2_Ih_21.wav,Vocals/Alto2/Ih/Alto2_Ih_21.wav,Alto2_Ih_21.wav,90.5918569912104,6.086850950886031,0.1897760263369888,1.1498746375308502,-24.9507619658567,2.56227645544986,11.451648374286107,2.630330386727346,0.48576452048899976,2.4197350437750487,10.776109867813899,2.5987022029878912,-27.359831803358553,2.758268520545533,-1.0482525201565285,3.9254619222375413,-14.15053690866899,3.4272825025414666,-9.336745499913471,4.395754320813962,-15.609710008525179,2.9934009646328503,-11.135250958690204,3.2214149909904175,,,,,,,,,,,,,,,1,44100,16,7217.885958706871,0.09882086167800454,0.6672955307053708,146.7000069649638,NA,NA,2.186929,0.6672955307053708,0.262042,19.61344209544918,44,0.18400369266220012,0.9394454428544233,0.9398703908666726,0.03743959345550998,1.2078568252354533,0.6794213251860988,0.9821527614291374
Alto2_Ih_22,493.129053604308,Alto2,Ih,22,Alto2_Ih_22.wav,Vocals/Alto2/Ih/Alto2_Ih_22.wav,Alto2_Ih_22.wav,91.01259251757014,6.0571896884248595,-0.746186376924147,1.2574193237874212,-23.613629981826545,2.1135441101842445,12.229842135054778,3.1158832405675163,0.8169444395172518,2.6511466729367155,8.367472552416396,2.306207348085788,-27.884173854284498,2.6633083643601783,2.505485269905383,3.073372173247552,-15.84348346438907,3.563832179091947,-10.092995075426112,3.8687930811903812,-16.704410572316313,3.711408526368693,-10.98210641443842,3.106385574338774,,,,,,,,,,,,,,,1,44100,16,7302.005107989382,0.10555555555555556,0.6719561832716091,155.0021322828698,NA,NA,2.218297,0.6719561832716091,0.225448,15.553188876206484,47,0.1865050116131154,0.9536214258613104,0.9517387774268941,0.03172289942912019,1.2829101636295854,0.683716001189419,0.9828001423144229
Alto2_Ih_23,527.903811546118,Alto2,Ih,23,Alto2_Ih_23.wav,Vocals/Alto2/Ih/Alto2_Ih_23.wav,Alto2_Ih_23.wav,88.49273873551326,7.366434924243551,3.328599659696561,2.0848986945675003,-21.919409607714783,2.1402379257258257,6.920656763380959,3.2954456341540186,1.1233904208556982,2.9385655376185578,11.846484971080496,2.398270163125636,-22.927553996628163,3.1248949128566963,-5.977361562086564,4.125435760453716,-23.32227585443803,2.9544358951447114,-6.733632426932188,2.7615456674858496,-13.864314661498538,2.6655671580621805,-3.241426310091473,4.676093114730447,,,,,,,,,,,,,,,1,44100,16,9646.139944808543,0.05680272108843538,0.5791363023799813,154.06640569023563,NA,NA,2.046235,0.5791363023799813,0.386359,16.34979471944196,48,0.23724273870617896,0.8632718614410956,0.8617994704679559,0.07985537804092138,1.0757896590847231,0.5893735365808891,0.9826303124156257
Alto2_Ih_24,558.635697133698,Alto2,Ih,24,Alto2_Ih_24.wav,Vocals/Alto2/Ih/Alto2_Ih_24.wav,Alto2_Ih_24.wav,89.0129928306053,7.427713171496968,1.776316286678075,1.788811734601387,-21.85543939389741,2.422947304284002,7.526490219757196,2.174415933999381,2.131960430806956,3.1921458139356966,7.2023901829496095,4.224040587430903,-27.529945964805947,3.2562181978158233,-8.716437018714242,4.010521020357142,-21.691002172717788,2.636846469446106,-4.310916006231829,3.2825982624561054,-13.657959191565737,2.8173036093099864,-0.8463770279360507,2.9129981758638115,,,,,,,,,,,,,,,1,44100,16,9770.712079453691,0.0626984126984127,0.5899246577624531,135.2778179576002,NA,NA,2.131132,0.5899246577624531,0.322205,16.033975839941434,45,0.24247383556006083,0.8622734768265785,0.8625374040863466,0.07954852709394235,1.0778358008422255,0.600286612950009,0.9827383203889326
Alto2_Ih_25,587.748090829438,Alto2,Ih,25,Alto2_Ih_25.wav,Vocals/Alto2/Ih/Alto2_Ih_25.wav,Alto2_Ih_25.wav,90.57895657375448,8.224525200635616,4.813078681891338,2.320651640406899,-19.531347521440026,1.7305791343537216,7.51643765296905,2.3230492803846174,-0.027319353784981678,2.7394666358688036,6.468632958374089,3.1497825695584165,-25.577403310733942,3.8999272764320767,-11.100417221860019,4.489199541986593,-26.090383771966888,3.586362727122364,-4.277078370836031,3.4492316126549434,-11.953700667810919,3.9259828246290462,6.703496003742192,4.323182115175126,,,,,,,,,,,,,,,1,44100,16,14641.244308545405,0.047528344671201816,0.5364966848711074,160.39458470566112,NA,NA,1.875726,0.5364966848711074,0.48262,15.803315170501733,44,0.41446947144165447,0.1529015072556786,0.1533557202508191,0.6687513268144398,0.9110179879030894,0.5430281342740231,0.9879721712547221
Alto2_Ih_26,624.185820504208,Alto2,Ih,26,Alto2_Ih_26.wav,Vocals/Alto2/Ih/Alto2_Ih_26.wav,Alto2_Ih_26.wav,91.15920838940099,8.039192007214703,3.5404459647076005,2.102569497906988,-19.392430110734864,1.7200981683655243,8.77791734744844,3.0736391846227797,-0.6129990810296587,3.445515307418787,2.432517564284917,3.7202655506727713,-27.970087299540648,3.3085035565418046,-10.524220016727513,4.387177794732996,-22.4912490523554,3.5663629813720212,-1.1019186665286582,4.622510171868856,-9.550650880539912,3.974860414326982,10.427680404555094,4.344316791664655,,,,,,,,,,,,,,,1,44100,16,14927.625815104786,0.05056689342403628,0.5446815873776774,159.29812184823183,NA,NA,1.945229,0.5446815873776774,0.440947,16.884918088764092,44,0.4239641167648708,0.1621125228603939,0.14893338560357627,0.6937217259967878,0.9365189960852907,0.5513327847752358,0.9879361474934417
Alto2_Ih_27,653.677443231298,Alto2,Ih,27,Alto2_Ih_27.wav,Vocals/Alto2/Ih/Alto2_Ih_27.wav,Alto2_Ih_27.wav,90.93519440924543,6.253008887054485,3.9674013175756793,1.9979491590961198,-19.67011499210156,2.523123159248273,3.54650198315577,3.00695387449055,-5.278535812555628,3.538690807104475,6.159465671605357,3.598023370946821,-28.0328465985722,3.0730710142003606,-10.425382052788143,3.468039433187135,-21.405215083278883,3.366110749361893,-2.108712911761317,5.314157999045363,1.3590682612025107,2.782985207789067,15.383685699727716,4.79772384302555,,,,,,,,,,,,,,,1,44100,16,14296.993746485328,0.05752834467120181,0.5356608878369903,144.7854507832044,NA,NA,2.094437,0.5356608878369903,0.352961,25.183091964197008,42,0.3496291751218178,-0.2706432120354101,-0.4310046193403808,0.948910809184192,0.37730546763200845,0.5435622589905628,0.9854637237540259
Alto2_Ih_28,692.693224986076,Alto2,Ih,28,Alto2_Ih_28.wav,Vocals/Alto2/Ih/Alto2_Ih_28.wav,Alto2_Ih_28.wav,90.95083916775663,6.633240180889503,2.66016985129038,1.8946866070466604,-19.205012789729015,2.406198421875536,5.232265572117584,3.4379235702510353,-5.864818387427444,3.1240151354994077,1.7181783683713696,3.58813139227822,-29.35529152960533,3.0238748094312817,-9.530290534855181,2.9355034068419332,-19.322420870914613,3.9754401741679577,0.7459202058642409,3.754040662449108,5.387659749504742,3.6642261503812823,18.37013843785094,2.641790722746398,,,,,,,,,,,,,,,1,44100,16,14508.774296261716,0.06140589569160998,0.5315839430641774,172.4422822976644,NA,NA,2.028827,0.5315839430641774,0.369463,27.434176036488005,43,0.35085006569712096,0.9549558684863387,0.772181936155964,0.13496914429375984,1.0499162156850659,0.5395060062261496,0.9853160797645477
Alto2_Ih_29,733.901575808478,Alto2,Ih,29,Alto2_Ih_29.wav,Vocals/Alto2/Ih/Alto2_Ih_29.wav,Alto2_Ih_29.wav,91.80290107169617,6.169888059295533,1.1770686547647664,2.361490052401716,-19.163359862837115,2.4844551603986043,4.241306935849422,3.774522118793896,-4.436237235586005,4.687433135337127,-1.4045502053635843,3.9287183027340586,-29.77582413355497,2.6089526015611133,-7.6198169640142375,3.43708240233857,-14.219145095671456,4.267902873515961,7.396630710768174,5.392794707606391,11.851521325201508,3.480694274634836,17.238701003867956,3.8218255703385546,,,,,,,,,,,,,,,1,44100,16,14469.243203727492,0.064467120181405893,0.5467945899122586,149.67779655622113,NA,NA,1.991358,0.5467945899122586,0.435067,23.918210997429483,42,0.3534548026662485,0.977807721072016,0.977633699242983,0.012324030956510173,1.0896937850780728,0.5546592468644311,0.9858207412990362
Alto2_Ih_30,775.470418037564,Alto2,Ih,30,Alto2_Ih_30.wav,Vocals/Alto2/Ih/Alto2_Ih_30.wav,Alto2_Ih_30.wav,92.33901418981822,6.426914377355648,-0.04939758580271586,2.548146543697742,-18.758741616718424,2.8939962933611953,3.886534196653364,3.3618874933760585,-6.0024059607160165,4.331923133763342,-6.011968160124986,3.505292925404195,-29.695555468472982,2.7779817254928516,-5.256162609590981,2.423593816148787,-9.672165832805149,3.9929939883984673,14.524834445363313,4.094985516805294,15.386021385068902,5.328574253833715,16.097857543422432,5.108545304159893,,,,,,,,,,,,,,,1,44100,16,14817.59077029819,0.06761904761904762,0.5427259222050652,183.56226506616923,NA,NA,1.906189,0.5427259222050652,0.467464,24.926889274756594,41,0.3687486836991321,0.9780493782640828,0.9780172607295032,0.012555898544719175,1.1297856804750106,0.5505525559814357,0.985784038796408
Alto2_Oh_1,146.00988061845516,Alto2,Oh,1,Alto2_Oh_1.wav,Vocals/Alto2/Oh/Alto2_Oh_1.wav,Alto2_Oh_1.wav,74.58214270994291,11.968964740038842,12.05461882671969,3.983173455836356,-3.1600370797178616,3.086645068415746,16.885869985053112,2.121273997373346,-15.061890536727853,2.122410816350577,5.626713324129914,2.53483954132678,-16.48579950278969,3.9098606472576223,5.731645930522767,2.1125569960659374,7.450426113521576,1.7086308170621332,-0.6061766719005384,2.4944671662573414,-2.376299399222584,3.3045458622001234,11.394952090293385,1.9859124199449267,,,,,,,,,,,,,,,1,44100,16,2124.1786752444636,0.0454875283446712,0.6249356322857939,152.25131196187468,NA,NA,2.120236,0.6249356322857939,0.319576,17.590392575866655,40,0.04960296365775181,-0.3917802770665175,-0.3053475597436765,0.9599046403894615,0.5108218848555888,0.6414892986881059,0.9741949453620419
Alto2_Oh_2,154.75308672076065,Alto2,Oh,2,Alto2_Oh_2.wav,Vocals/Alto2/Oh/Alto2_Oh_2.wav,Alto2_Oh_2.wav,77.12912099531383,7.239495584794381,12.215294068088523,2.2512561713561157,-3.3723354740451614,2.2435940330877604,15.802985472356102,1.6368741092202848,-16.565327810154464,1.6700185478058003,5.370595193466632,1.8980039360608387,-17.22445009882359,2.410581499655541,10.77760983068522,2.261333872984503,4.710616543646591,2.2764907102551386,-1.9751607018845714,2.5111124792741277,0.8648876202350038,3.0885255981653366,3.936539255472317,2.636526871365321,,,,,,,,,,,,,,,1,44100,16,2127.928726076558,0.04675736961451247,0.6365040056041908,140.41193877171014,NA,NA,2.21036,0.6365040056041908,0.203546,17.55674209149333,44,0.05004120803495181,-0.4460549567965501,-0.4089538621477519,0.9832567352886574,0.4124692167163584,0.6519456476590744,0.9763145254357791
Alto2_Oh_3,163.79121973675376,Alto2,Oh,3,Alto2_Oh_3.wav,Vocals/Alto2/Oh/Alto2_Oh_3.wav,Alto2_Oh_3.wav,78.1588309226383,7.130591755280712,11.715928547463928,2.212139767649613,-3.041881790820013,2.5613834048721293,14.080167141399205,1.678906570777174,-17.392082186731777,2.213168426855578,5.695501908029473,2.164978160200532,-16.972539037174485,2.956964629848653,14.70778878459693,2.177688779629856,1.785829106682503,2.476900131755049,-3.5807236228269517,2.5823325531920966,1.874489100680274,1.8928407314793092,-1.769922523690451,2.6009535179957126,,,,,,,,,,,,,,,1,44100,16,2120.4091377164814,0.04739229024943311,0.6479183348063392,153.51729109010307,NA,NA,2.155756,0.6479183348063392,0.246486,16.632363070375177,46,0.04978190892098834,-0.6858951842992428,-0.5860988287564203,0.9932665590419142,0.25919834545673437,0.663562063246346,0.9764246190273853
Alto2_Oh_4,173.75423690431603,Alto2,Oh,4,Alto2_Oh_4.wav,Vocals/Alto2/Oh/Alto2_Oh_4.wav,Alto2_Oh_4.wav,79.11233336791182,7.10020599968847,11.733909809253976,1.975108828893624,-3.415453352442873,1.9699873900205036,12.3686543775822,1.411944933918601,-18.81013078468379,1.9105400631017477,6.2000017871955055,2.0426700464972036,-16.526731003880496,3.2446487670764643,18.664900533041376,2.117815739736711,-4.151515772279241,2.073403436411644,-2.6050455755781634,2.4533129815864716,0.4605251547481065,2.4704011143246647,-7.702400655951795,2.5851499978868966,,,,,,,,,,,,,,,1,44100,16,2116.929793352127,0.04791383219954649,0.656874444429516,136.04303028183207,NA,NA,2.145309,0.656874444429516,0.27326,16.991840336027366,50,0.050021923165493136,-0.7492202253774175,-0.7067142938871626,0.9955333550071355,0.17107473935614287,0.6731687272241467,0.9757946527584235
Alto2_Oh_5,184.3782779457419,Alto2,Oh,5,Alto2_Oh_5.wav,Vocals/Alto2/Oh/Alto2_Oh_5.wav,Alto2_Oh_5.wav,81.6667397499411,6.613440108701851,12.521317524607126,1.5355667812721934,-3.2681225515927754,1.8543732065708476,10.223902940873423,1.2617283920258466,-20.51152747864566,1.5431948222753378,7.316204303330536,1.684744703640099,-19.073053002176522,2.5246402301490205,16.644298813007495,2.2112589491277976,3.9654899446844256,1.87377336920318,-3.0892455811940307,1.7006184746155908,-6.787062103068852,2.231852982829609,2.3078940879524668,2.2965719564013978,,,,,,,,,,,,,,,1,44100,16,2932.9557968670983,0.044897959183673466,0.6278078998273893,152.9877211853747,NA,NA,2.136645,0.6278078998273893,0.278831,13.535135349368769,45,0.06740757756101164,-0.9109793460320825,-0.9037419776084662,0.9997264845013828,0.05054870642261741,0.6425808380418211,0.9770099926112793
Alto2_Oh_6,195.3092912405385,Alto2,Oh,6,Alto2_Oh_6.wav,Vocals/Alto2/Oh/Alto2_Oh_6.wav,Alto2_Oh_6.wav,82.38398372813207,6.252812457179019,11.946400591402888,1.3618612699138932,-3.635232343783429,1.820957961377608,7.561197190929894,1.3970271614084202,-20.471797597130944,1.5602146468089766,6.999818879015321,1.7412939640434075,-18.146582893307784,2.1497440050322196,20.053117950561578,2.444091447590606,-1.4706483819924239,2.3428696499433426,-4.2396544291356335,1.898455088310339,-5.2716207127324495,1.6551942081663873,-0.1605062837989738,1.5611453890881481,,,,,,,,,,,,,,,1,44100,16,2931.6839771558653,0.04621315192743764,0.6367666236610874,140.8069347561309,NA,NA,2.125075,0.6367666236610874,0.269767,13.298233237565416,46,0.0670443832348114,-0.9413532664189384,-0.9202591343403839,0.9998457824616619,0.04151969220914358,0.6518899440745242,0.9768008073281341
Alto2_Oh_7,206.8224582428177,Alto2,Oh,7,Alto2_Oh_7.wav,Vocals/Alto2/Oh/Alto2_Oh_7.wav,Alto2_Oh_7.wav,84.03155869117738,6.5665734726665574,12.777405047972227,1.5577756890085281,-5.425167663549548,2.903514557149868,9.608828499165,1.5114936183183765,-19.146129593189812,2.2295442952120363,4.085402976565756,1.6509194521859074,-19.28116460741654,2.843478548638506,18.103454528686292,2.250825793052434,-3.1872448903101414,2.5631408842708074,-1.239967427733838,2.0458761012116207,-5.598532063785217,1.9782602126776017,2.6466843971904437,2.367510809645975,,,,,,,,,,,,,,,1,44100,16,3217.562202832672,0.04360544217687075,0.6371741444220217,138.66484403409046,NA,NA,2.087053,0.6371741444220217,0.34262,14.572518247107457,58,0.06266348909130265,-0.818316411701761,-0.8071867269694464,0.9985289439228464,0.10653555109734998,0.6514817595198223,0.9780383489042792
Alto2_Oh_8,219.45712661334144,Alto2,Oh,8,Alto2_Oh_8.wav,Vocals/Alto2/Oh/Alto2_Oh_8.wav,Alto2_Oh_8.wav,84.77502014060812,6.154052127832872,12.070437874301428,1.376892950609584,-6.168297784445028,2.761200979816403,7.989812789977046,1.3754752772176466,-18.47974505691796,2.208915060075689,3.665119195112094,1.8098089650153302,-17.50683775205872,2.2792540617307995,19.443409935969537,2.410669081200779,-8.664685286631487,2.848599572342307,-3.17394015789667,1.8157592211164717,-6.737944815045362,2.0651251426386956,-1.4039319910205956,2.4157936481638793,,,,,,,,,,,,,,,1,44100,16,3218.41547903361,0.04505668934240363,0.6464673151737337,129.20339064165833,NA,NA,2.130853,0.6464673151737337,0.298706,14.489122013855212,58,0.06263530473603166,-0.8174977468557187,-0.809974018867868,0.9980443158487522,0.10478291310011983,0.6609444072414191,0.9780963543846171
Alto2_Oh_9,231.44902342840527,Alto2,Oh,9,Alto2_Oh_9.wav,Vocals/Alto2/Oh/Alto2_Oh_9.wav,Alto2_Oh_9.wav,83.29363135801292,8.433810758303734,12.858901523405628,2.29311471721606,-8.097853642370197,3.4362671113710372,6.832721924270973,1.6968347335022076,-18.943022867571926,1.8929246449494164,1.4965942586853151,2.150919112765342,-16.799934104062928,3.302557304698543,19.65698753119157,2.5455015195826802,-0.5113986765620347,2.9012047353014685,-1.6973905191592256,2.503472071936056,-6.964399728482372,2.7945936254367227,-2.231386047561425,2.777541759801222,,,,,,,,,,,,,,,1,44100,16,3886.3286697317794,0.04217687074829932,0.6244527282240876,135.5592570170724,NA,NA,2.088209,0.6244527282240876,0.333205,17.292886591750168,58,0.09093660216697333,-0.9096400021444271,-0.9076184296433313,0.9996486956394742,0.04841068573940999,0.6371806874600375,0.9800245684050991
Alto2_Oh_10,245.1207820003722,Alto2,Oh,10,Alto2_Oh_10.wav,Vocals/Alto2/Oh/Alto2_Oh_10.wav,Alto2_Oh_10.wav,84.25825739650642,8.008785130802956,11.77879003980862,2.262050733518254,-9.117155395322339,3.3158638903247435,4.689658711989022,1.84832275360834,-19.539830098520348,1.9511579786313527,0.4871835278986148,1.9724058386174825,-14.237756517367698,2.559186443651303,20.34710913553999,2.036465775917053,-6.134149619213349,2.7491692505973067,-4.083787322423494,2.082344787364867,-8.505050878062308,3.2219848356127154,-5.969623769486772,2.5241778714639205,,,,,,,,,,,,,,,1,44100,16,3940.652393718082,0.04482993197278912,0.6320928938926998,137.33027613213918,NA,NA,2.104367,0.6320928938926998,0.321698,17.58379229059987,55,0.09344522537531239,-0.9282918902157101,-0.9196617706913309,0.9996354056130415,0.04183494179408654,0.6446524419163558,0.9805173342920718
Alto2_Oh_11,261.69646556476266,Alto2,Oh,11,Alto2_Oh_11.wav,Vocals/Alto2/Oh/Alto2_Oh_11.wav,Alto2_Oh_11.wav,87.18836231112523,8.39477384898209,9.67645741174212,1.6634794782644866,-11.231305251439077,2.891799833581837,8.673161913922133,1.9711241823380012,-18.99809265126533,1.4659599537709849,3.5785195569199852,2.200205390138128,-21.65926102089159,4.305543707473506,12.731220409658208,3.286539618076431,-3.682001745621224,3.4279656575437265,-8.71851994330772,2.6886329034993675,-12.3485808573708,2.1025169829344454,4.319504829461857,4.517376163765569,,,,,,,,,,,,,,,1,44100,16,3817.4666128858285,0.038707482993197276,0.6788356025866817,129.5676729056676,NA,NA,2.213157,0.6788356025866817,0.209535,13.768040013190793,58,0.09219695800081362,-0.4948855832313614,-0.4849630413584897,0.984657775644304,0.3415136484518929,0.6908986740264621,0.9825400280919944
Alto2_Oh_12,277.4065340988044,Alto2,Oh,12,Alto2_Oh_12.wav,Vocals/Alto2/Oh/Alto2_Oh_12.wav,Alto2_Oh_12.wav,88.32887713138639,7.7411701496690455,8.657126785964024,1.691978633342123,-11.714091444802465,2.6582250165015764,7.5594313288950366,1.9733705833371125,-17.801427077117143,1.8059215518816452,4.430848960416623,1.9051198385610855,-19.121944705644616,3.6541334941844843,15.262371985893541,2.1401080463103983,-9.398853859560077,3.4594066927258087,-12.962457621477078,2.965192346336323,-11.407943113795362,1.9403242828062248,2.549167446374195,3.6476169176587794,,,,,,,,,,,,,,,1,44100,16,3824.7510711960986,0.04306122448979592,0.6890960665584789,138.24912518237306,NA,NA,2.218809,0.6890960665584789,0.200647,13.641772259823092,58,0.09365776771936227,-0.4978346521440419,-0.48286333823433714,0.9816118722422861,0.34232924482802046,0.7010715482798476,0.9829183173233148
Alto2_Oh_13,293.6814322346102,Alto2,Oh,13,Alto2_Oh_13.wav,Vocals/Alto2/Oh/Alto2_Oh_13.wav,Alto2_Oh_13.wav,89.04290312119257,6.530883152376123,12.528625441984833,1.6155822572516454,-11.268141436252435,2.7692269429601355,7.279894242739731,1.4471726709631767,-22.144061352926617,1.9775141626474688,-0.5163242452741248,2.3558346368923986,-19.677369313526626,2.575214743545125,11.474705945590914,2.0371457679447746,-4.865752797781089,1.8784026991054075,-8.624232930624668,2.1204789956901227,-15.805237187524222,2.8443998443328105,4.2784180356051,2.417882415196414,,,,,,,,,,,,,,,1,44100,16,5974.447565596976,0.04201814058956916,0.6114586432237172,119.72014780198839,NA,NA,2.11726,0.6114586432237172,0.3101,16.77741145469815,55,0.13922121553400113,-0.8800329617774734,-0.8796808455886409,0.9993947147375962,0.06397167225628284,0.62405676759681,0.9798125346487194
Alto2_Oh_14,310.80176865938563,Alto2,Oh,14,Alto2_Oh_14.wav,Vocals/Alto2/Oh/Alto2_Oh_14.wav,Alto2_Oh_14.wav,89.48940021787097,5.780495489179165,10.104654313983767,1.0398244301216668,-12.164633742311038,2.5807281641664814,5.826207856317626,1.4098360497178084,-20.132703078802077,1.990927107160176,1.5386494463209057,2.2094285349398817,-15.162177200841077,2.466680316083946,13.460069546681147,2.096443000822296,-9.374658058854571,2.650950323247765,-11.302427496497792,2.7826023021054644,-14.666613863457306,2.2923638598465583,2.58536300808436,2.7969420118769497,,,,,,,,,,,,,,,1,44100,16,6045.396589509253,0.04426303854875283,0.6182137720056801,126.54685932376661,NA,NA,2.152032,0.6182137720056801,0.292752,15.800125739097442,61,0.1389899253307324,-0.8846510751953598,-0.8812180279104802,0.9993128214559935,0.06309760267326844,0.6302902352463503,0.9808398376409082
Alto2_Oh_15,330.54130896686377,Alto2,Oh,15,Alto2_Oh_15.wav,Vocals/Alto2/Oh/Alto2_Oh_15.wav,Alto2_Oh_15.wav,92.32743173019135,6.754738867690409,6.80809259810276,1.3142198233319868,-12.406611778623963,2.197711281682887,4.683807960655527,2.31711584402806,-18.06730836469465,1.8850168360317527,-0.08756433509921108,2.319186383632043,-27.38751079864454,4.650241090408345,13.3325126771125,1.9815333347658899,-1.5870707772564687,3.414651472889368,-2.0588371791613422,3.2331003757206345,-18.364500907542254,2.722420686105919,15.656954895026251,4.065962608487169,,,,,,,,,,,,,,,1,44100,16,6238.194895081044,0.07192743764172335,0.6507235048995011,142.7138273000708,NA,NA,2.16811,0.6507235048995011,0.281456,20.135777120689266,55,0.12339872956469118,-0.5813163710907551,-0.4019549370084847,0.9611971456278511,0.4100268791312755,0.6686478137839683,0.9731931989980928
Alto2_Oh_16,349.9562851678645,Alto2,Oh,16,Alto2_Oh_16.wav,Vocals/Alto2/Oh/Alto2_Oh_16.wav,Alto2_Oh_16.wav,92.82253473383557,6.2556750350797445,5.07946612021477,1.3349340659075668,-13.595970893659661,2.384413050249676,3.632595764744342,2.373548456762788,-16.941942280730053,1.6944731026356648,-2.0297857762501725,2.3526957966349062,-25.709059679062026,3.151952286142967,15.602259578889296,2.4795683081676763,-6.830621339134213,2.4497365550050554,-9.453892779946015,3.176866881986084,-17.85343086483272,2.5189539323588153,12.700050035808342,2.8705542910417328,,,,,,,,,,,,,,,1,44100,16,6325.179584972363,0.07564625850340136,0.6506584157101555,138.32765022367445,NA,NA,2.164581,0.6506584157101555,0.288695,19.61286719385493,54,0.1273581121119285,-0.6181340292196861,-0.6105246176025184,0.9812562044851924,0.23729853694548964,0.668290493620974,0.9736161473504085
Alto2_Oh_17,371.2911792898298,Alto2,Oh,17,Alto2_Oh_17.wav,Vocals/Alto2/Oh/Alto2_Oh_17.wav,Alto2_Oh_17.wav,93.95395092789443,6.54850174217016,6.812359579701688,1.696981883257525,-15.892344643115763,2.2712516380424113,3.6787715298488113,2.1760800915096397,-16.379907297473398,2.3264311749359843,-3.0167128564286108,2.458357552315558,-18.730868066019248,2.0017239283207444,15.390262573557552,1.843926592454565,-4.523307435919094,2.494520132758775,-4.879253057292516,2.5806053404407736,-22.32921505885329,3.3957726585718695,10.861241343611193,2.5266835342470255,,,,,,,,,,,,,,,1,44100,16,9354.780703146187,0.05335600907029479,0.6190220511592907,141.89187369075384,NA,NA,2.127147,0.6190220511592907,0.314312,16.6169833235059,47,0.2292092105245523,-0.820774395249324,-0.8205183149865045,0.9973797246463898,0.09832990533751212,0.6301980341159082,0.9822659190419467
Alto2_Oh_18,392.7905422650301,Alto2,Oh,18,Alto2_Oh_18.wav,Vocals/Alto2/Oh/Alto2_Oh_18.wav,Alto2_Oh_18.wav,95.03630833886055,6.7355635401853995,6.285574557301501,1.8616403636756793,-16.050050200676647,1.9963655475162956,2.1645307432318677,2.0867660281009695,-17.306195708695107,2.180903293438413,-4.519139204664525,2.1579311361478384,-15.041014615028516,2.1830138749173766,17.687207198686853,1.8853513894302114,-7.380083886573803,3.1539663346010522,-10.955655123156289,2.9422826394833095,-20.765337378230942,2.5727379608637273,10.721553821322553,2.5280526101041687,,,,,,,,,,,,,,,1,44100,16,9546.586267824294,0.05589569160997732,0.6218531589395596,129.72443066427275,NA,NA,2.116995,0.6218531589395596,0.309419,18.623614353382674,49,0.23481105427843257,-0.8203599640115457,-0.8205002689567705,0.9977009499553436,0.09837243928625387,0.633056362224083,0.9823029923510068
Alto2_Oh_19,415.305,Alto2,Oh,19,Alto2_Oh_19.wav,Vocals/Alto2/Oh/Alto2_Oh_19.wav,Alto2_Oh_19.wav,92.58308719514515,7.964219659997099,4.139706770361097,1.630010646109971,-14.909362400880415,2.2363234305224102,7.457784258063006,3.5866937740299347,-12.122441825104644,4.266694701228986,-5.870960410558865,2.7964593473909662,-24.48199940112942,3.3182268026101656,9.732455752301595,3.541095400218064,-6.955717748117793,4.567856789504201,-7.1444801037703,5.194347060505563,-16.37347422493283,3.45686234795495,13.976132015153507,3.8297429608826605,,,,,,,,,,,,,,,1,44100,16,8529.163996031039,0.07095238095238095,0.6309848583066852,144.16259811264837,NA,NA,2.170758,0.6309848583066852,0.271662,15.804781938742531,44,0.1934045468219267,0.7087436036538359,0.7086436473369233,0.2395822164699869,1.40501701248205,0.6439376569799826,0.979885011331617
Alto2_Oh_20,447.176660931462,Alto2,Oh,20,Alto2_Oh_20.wav,Vocals/Alto2/Oh/Alto2_Oh_20.wav,Alto2_Oh_20.wav,92.75598193911414,8.32697081685304,3.2992971495286687,1.671001368048971,-15.173216819497886,2.729914661017931,6.676092701838984,2.513667561227506,-14.42868348976898,2.9562090298959913,-7.841405759751038,2.832803737554394,-21.82944911900822,3.637871380325745,13.022962601928846,3.543609814394861,-9.275880154731459,3.8610786702399316,-8.833977758374465,3.350119712610438,-10.276490290790873,3.4523158820299233,13.70332205108171,4.563887029023182,,,,,,,,,,,,,,,1,44100,16,8653.042338699312,0.07598639455782313,0.6319145287199414,157.61594056940433,NA,NA,2.113548,0.6319145287199414,0.308076,15.159495384169185,43,0.19718549954743658,0.7077700032123933,0.7081189355625914,0.2221368893698777,1.2999686284926077,0.6449530494266487,0.9797837676427792
Alto2_Oh_21,464.995750230596,Alto2,Oh,21,Alto2_Oh_21.wav,Vocals/Alto2/Oh/Alto2_Oh_21.wav,Alto2_Oh_21.wav,91.19360798235778,8.52305151570667,3.137040648162313,1.802601264275211,-16.5684965616148,3.0022221356706806,10.060138932184316,2.715902121068634,-16.261144154486963,3.6139113934897242,-10.17308507000348,3.3441459585806492,-20.92888425646612,4.003659508384879,11.453598252382525,3.387633000211493,-3.3728354739363575,4.611262179377504,-11.170919368712743,4.199278413662385,-18.517931503547914,5.675785740365259,8.348652691439963,4.487890731781921,,,,,,,,,,,,,,,1,44100,16,9148.506585940262,0.07918367346938776,0.6204716537708612,139.64634504441352,NA,NA,2.21799,0.6204716537708612,0.205076,19.567979982404754,41,0.17761888348546978,0.3982109160286842,0.5809495000217071,0.27814528756463164,1.0493571856649184,0.6371775088821976,0.9737814739559099
Alto2_Oh_22,492.0335196809,Alto2,Oh,22,Alto2_Oh_22.wav,Vocals/Alto2/Oh/Alto2_Oh_22.wav,Alto2_Oh_22.wav,91.66134810020445,8.209565310873275,2.54999249972889,1.8505025235974222,-16.09895719267041,2.334905646347315,9.655501548081372,3.033320914173607,-18.798874988230416,3.044953488306064,-10.076253806673257,3.7003417061343336,-16.664130437994714,3.4020938451187166,14.84790930496823,3.1155639332743377,-7.83580110817439,4.4105530474349806,-14.514269945723342,4.116202315733344,-15.324158360053987,4.45020968148718,4.853525044079436,5.299348418452001,,,,,,,,,,,,,,,1,44100,16,9288.86025829172,0.08272108843537415,0.6230985797153179,151.04261867919297,NA,NA,2.207698,0.6230985797153179,0.231173,21.725068098075397,44,0.18351836494802426,-0.36114762767729425,-0.18124092472405665,0.9002717272485196,0.62400957456775,0.6396239667144469,0.9741639027630331
Alto2_Oh_23,524.76951274929,Alto2,Oh,23,Alto2_Oh_23.wav,Vocals/Alto2/Oh/Alto2_Oh_23.wav,Alto2_Oh_23.wav,92.09848453458933,8.95967562210013,4.426970027616999,1.957089768334056,-16.600195184379757,2.5924214734348476,12.763942179851295,3.504569440344715,-21.41807514803885,3.1316458686146915,-6.83904015465848,2.9363204540804513,-17.493494348376615,3.7937214078475505,11.208204218254625,3.165350549187146,-0.26623197481410205,3.5962423330832816,-13.775522012148176,2.8698311679253425,-24.49600269705649,3.540392436362627,0.44519104259424425,3.965637818303169,,,,,,,,,,,,,,,1,44100,16,14479.389720391211,0.051496598639455785,0.5701684046857113,175.0104307204701,NA,NA,2.187601,0.5701684046857113,0.247039,22.412802056775963,42,0.3032206985578472,-0.8551210211512934,-0.8522592455165691,0.9979924742676708,0.07960233508024504,0.5843027346816826,0.9758099198291936
Alto2_Oh_24,555.946016594846,Alto2,Oh,24,Alto2_Oh_24.wav,Vocals/Alto2/Oh/Alto2_Oh_24.wav,Alto2_Oh_24.wav,92.80587362735776,8.977645541486897,3.043225404997015,1.9960717587236951,-16.157124397511115,2.6266962631818402,11.209393615591972,3.1358365982553864,-22.90990953073489,2.9076549079069807,-6.489733838552091,3.5127708327838953,-15.24001905652585,3.2838771500019255,12.199624883258881,2.0305613732650896,-6.11281492798679,2.7882167168429404,-18.057620527007845,3.239985460845709,-20.20260708957953,3.418433774103152,0.8993404658765766,3.33493468583389,,,,,,,,,,,,,,,1,44100,16,14584.969393812637,0.052244897959183675,0.5802335751515156,165.87218137449904,NA,NA,2.213672,0.5802335751515156,0.230167,20.61647134248811,40,0.3114023443751065,-0.8555914553966893,-0.8551045197845547,0.9987078701639078,0.078005446539017545,0.5936171706298394,0.9774541638272971
Alto2_Oh_25,587.817600197936,Alto2,Oh,25,Alto2_Oh_25.wav,Vocals/Alto2/Oh/Alto2_Oh_25.wav,Alto2_Oh_25.wav,89.96754371982398,8.30439860583705,6.975592890958931,2.0721505394514863,-16.119052930749792,2.2971321982074033,9.535580720821502,2.44833403565819,-20.954095451312064,3.3102021493156757,-5.010310019628214,2.8269085593758727,-14.03983137567689,3.474997366413191,6.552311190308362,2.7744750765824358,-7.813183379559479,2.396619122276567,-20.04537238833181,4.7456816410055325,-23.603250941304232,3.4738903732105895,0.9707557659422763,5.077171796126078,,,,,,,,,,,,,,,1,44100,16,16295.407860861196,0.0364172335600907,0.5098000621726092,163.84050013379255,NA,NA,2.143206,0.5098000621726092,0.281537,18.270423073000302,42,0.413615289724236,-0.9455326840893471,-0.9455197231250756,0.9998473323980175,0.027998667324842484,0.5201384359949228,0.9801238033821931
Alto2_Oh_26,620.782162332174,Alto2,Oh,26,Alto2_Oh_26.wav,Vocals/Alto2/Oh/Alto2_Oh_26.wav,Alto2_Oh_26.wav,90.49564384509928,8.990341130934086,6.05151939282366,1.5370067166738484,-16.333847262434478,1.9667062733146556,8.855297011407254,2.711995468193662,-21.304436648097028,2.864216059580365,-3.1055747390072885,2.789102310550349,-13.704177088128327,3.5179806072860393,7.276909786065457,3.0953089894268113,-12.493314005561247,3.342924752736265,-21.759638590540597,3.650941694124438,-15.543317868418612,3.2319690628554367,5.4211676581073975,7.470030211102216,,,,,,,,,,,,,,,1,44100,16,16476.412115691524,0.039863945578231294,0.5158348800689747,169.81760499558953,NA,NA,2.136427,0.5158348800689747,0.315769,18.7195892920167,44,0.4137645795268958,-0.9479137981465604,-0.9473906323779068,0.9998443981552155,0.027011109447111027,0.5264316575538899,0.9798705542631042
Alto2_Oh_27,658.835751302938,Alto2,Oh,27,Alto2_Oh_27.wav,Vocals/Alto2/Oh/Alto2_Oh_27.wav,Alto2_Oh_27.wav,86.51454033046383,10.304568570268575,5.8452042628221514,1.580271301598599,-14.17686841030644,3.4733039320174557,7.947039081608108,2.137185304785425,-19.022340881611697,2.641343564082895,-1.4540299054377346,2.9050920656980237,-19.914324963717334,3.4225881034765955,1.4017115137642895,4.048246520468563,-13.860255315225407,2.9917828515399814,-17.585366792240258,4.387974285223112,-10.404004163462277,4.688067743286212,20.372819602078266,3.7456160049972285,,,,,,,,,,,,,,,1,44100,16,15225.82540066221,0.03070294784580499,0.49000835648813057,134.3257065633903,NA,NA,1.934959,0.49000835648813057,0.449749,18.293210517638325,44,0.4045031491616885,-0.853858125338305,-0.8549736138467393,0.9985143709331412,0.07806630221452544,0.49705527398126814,0.9858226682986505
Alto2_Oh_28,695.410671682232,Alto2,Oh,28,Alto2_Oh_28.wav,Vocals/Alto2/Oh/Alto2_Oh_28.wav,Alto2_Oh_28.wav,87.43829086925554,10.38090394780108,4.796337879050776,1.441546124590727,-14.094736411886075,3.264712731165724,7.611150048918924,2.7475650986313362,-18.54140087385388,2.427678240130298,-1.1535461446034527,3.0820460661456575,-19.717319779057057,3.4047468386324398,1.9691821997112817,3.422788432939446,-17.68710929714931,2.783991470499868,-16.899247568873136,4.21162249322777,0.09801022138796703,3.5473306435213323,25.829413745868333,4.038135580597553,,,,,,,,,,,,,,,1,44100,16,15468.072533726789,0.032517006802721085,0.4929293731525502,161.17750807951296,NA,NA,2.112712,0.4929293731525502,0.320398,20.80725950240005,38,0.4059890424322119,-0.8282015465334146,-0.829455183182907,0.9984981253346493,0.09308163514622879,0.5000967970958283,0.9856679267195853
Alto2_Oh_29,739.017667866434,Alto2,Oh,29,Alto2_Oh_29.wav,Vocals/Alto2/Oh/Alto2_Oh_29.wav,Alto2_Oh_29.wav,88.15346562156303,10.579647317966455,3.3762114865997566,1.7844246812337496,-13.840395095807716,3.3219942596001504,5.582331559201987,2.8704991911169584,-19.281983552607485,2.699583542818499,-2.3708733459448474,2.452658664562118,-18.075445168873536,3.5405665261161845,2.649586294308064,3.5094772714603133,-18.9271127870719,3.472797370342156,-8.335816889607127,5.404227019506494,12.330160159222602,5.87176388289094,28.36836817746817,3.222233061943082,,,,,,,,,,,,,,,1,44100,16,15727.021454853984,0.03435374149659864,0.5022945282137153,155.73586537195524,NA,NA,2.12255,0.5022945282137153,0.324961,17.411854461526197,40,0.4135235413975125,-0.8275004592548738,-0.8251994502408675,0.9983894576455148,0.09561641389226104,0.509441030433029,0.9859718754627221
Alto2_Oh_30,776.066263698964,Alto2,Oh,30,Alto2_Oh_30.wav,Vocals/Alto2/Oh/Alto2_Oh_30.wav,Alto2_Oh_30.wav,89.38428872158143,9.34312319915553,2.4489666239313554,1.77378208529648,-13.715638829360547,2.9770752625888734,3.5431911328394974,3.2513069242207253,-19.43437653170258,2.486649326704127,-2.962667212822658,2.7419755929122327,-17.755688135262737,3.1013787182224566,2.8262674162854955,2.673058527823429,-19.387766581619992,3.7341290789843886,-0.15995731109591013,4.881092814443801,22.00488543840542,3.985016963799668,26.736112240943058,3.464249270709883,,,,,,,,,,,,,,,1,44100,16,16063.503704218805,0.03687074829931973,0.5055095489343715,176.3876913594057,NA,NA,1.983832,0.5055095489343715,0.428104,16.795384409539167,42,0.42440081999143653,-0.8455410824252478,-0.8429262312413854,0.9986685569182606,0.08511715299109669,0.5125305823814091,0.9863012399876407
Alto2_Uh_1,145.60841378342187,Alto2,Uh,1,Alto2_Uh_1.wav,Vocals/Alto2/Uh/Alto2_Uh_1.wav,Alto2_Uh_1.wav,53.75452164375263,13.282053996647788,11.613314140338025,3.7893762743277164,10.917583599805559,2.4515073432123953,21.5535834835788,3.916915620695855,-6.717917733334875,3.2786642494369787,12.035030249819533,3.520744645563723,-13.239952341463866,5.603491129725506,0.4147404404358468,3.4984585707882276,2.9074444476553785,3.2491530410165552,-2.3254811651676,3.683616059565901,4.087526419358277,3.2010249300506897,9.473364308827716,4.083313300140914,,,,,,,,,,,,,,,1,44100,16,2000.7229774557568,0.013151927437641724,0.4317574820617962,150.86572876227362,NA,NA,0.917092,0.4317574820617962,0.774393,11.963152991818731,38,0.05383732051563361,0.4257996274035317,0.5230622067486752,0.5942767243688759,1.8977745778256585,0.43960986656152606,0.9821378337998907
Alto2_Uh_2,154.40582962621085,Alto2,Uh,2,Alto2_Uh_2.wav,Vocals/Alto2/Uh/Alto2_Uh_2.wav,Alto2_Uh_2.wav,56.63928876417921,5.0368088181095025,12.083543979380048,1.581307518058677,12.073081538573708,2.2130175349280803,19.76810131572706,2.0060292690708224,-8.100433220602799,3.1289370928520874,11.081311780503292,3.42631336974723,-15.36740342584659,4.218216628184676,4.241215545813404,3.987737596805944,1.8230203527197122,2.9507230387242496,-1.2826822019620006,3.471683229783706,6.582056573877707,3.0480113236212985,1.7145162015092987,2.5635944383007643,,,,,,,,,,,,,,,1,44100,16,1984.3123525119875,0.0136281179138322,0.44244952196198,169.06879646616832,NA,NA,1.027296,0.44244952196198,0.756966,12.141581844817447,42,0.053367194588527275,0.20486383449553475,0.4516353592818051,0.6771149087028424,1.7924641211048524,0.44930687078729986,0.9847379390987188
Alto2_Uh_3,163.7329173664047,Alto2,Uh,3,Alto2_Uh_3.wav,Vocals/Alto2/Uh/Alto2_Uh_3.wav,Alto2_Uh_3.wav,57.66717815371634,5.362133826019527,12.713369065737023,1.6534069759143621,12.174612481331478,2.27602555390125,18.35583020447051,1.8259756269683542,-9.373610196334056,3.5182999106770514,9.779149735004488,3.4930323500802807,-17.059516812249484,4.109237447784605,7.705195912875322,4.303083664668876,0.16313765749755052,3.2199236247644545,0.02399135200163868,3.62254696179526,6.817678916574072,3.1751082313078127,-6.956540739797439,3.3529071059098046,,,,,,,,,,,,,,,1,44100,16,1974.7394647191509,0.014331065759637189,0.45063820183403447,160.50910789647202,NA,NA,1.040074,0.45063820183403447,0.746097,11.708691050767612,39,0.05352660106950982,-0.6009920740952991,-0.17025606252978548,0.9610289014448522,0.6813960894880907,0.45782463938213264,0.9843030782314451
Alto2_Uh_4,173.29290598027467,Alto2,Uh,4,Alto2_Uh_4.wav,Vocals/Alto2/Uh/Alto2_Uh_4.wav,Alto2_Uh_4.wav,58.63232836542208,5.457303358690864,13.041285677126028,1.4627509830649574,12.685150364990896,1.9127526979697869,16.33125078231231,1.6393563545689023,-10.246718915669973,3.284374165967175,9.011828085199287,3.546427906465785,-17.934113146073113,3.388796487503647,12.256156424593552,4.601268299924354,-3.292717710675376,2.6090591141955075,2.397157607831007,3.124513768893467,3.1442004035578672,3.295838784236681,-12.838256607949047,4.473117599570961,,,,,,,,,,,,,,,1,44100,16,1963.5226652484284,0.015238095238095238,0.46082876472675177,154.66362196009624,NA,NA,0.886623,0.46082876472675177,0.801107,12.824756445084933,43,0.0533412878874792,-0.7080726266050603,-0.5281475674566686,0.9908434399820456,0.3059468191303375,0.4682023110582887,0.9842513670749076
Alto2_Uh_5,182.79074171750813,Alto2,Uh,5,Alto2_Uh_5.wav,Vocals/Alto2/Uh/Alto2_Uh_5.wav,Alto2_Uh_5.wav,63.664996744431065,6.002123321534111,15.216924829853733,1.4925650991026824,6.505321279446401,2.0346021975938045,12.382869420999173,2.0716238145619594,-9.712220992307007,2.1595121063783522,11.264551804059009,2.5666570145604175,-17.907686191075772,2.5030564586581265,10.750557371089101,4.243386387141835,0.853779528642007,2.2610686627888534,2.3377068679403514,2.2092971164660526,6.234965985940865,2.8613047675482917,-4.25666403291469,3.651028045662387,,,,,,,,,,,,,,,1,44100,16,2522.861602998839,0.017188208616780044,0.47146226176848177,179.21028639004945,NA,NA,1.049173,0.47146226176848177,0.776002,13.601006871663653,46,0.06676324890211702,-0.6487279278439397,-0.42945770134577416,0.9840244382163991,0.3927556334009445,0.47995538771302215,0.9823043429411014
Alto2_Uh_6,193.9661724836948,Alto2,Uh,6,Alto2_Uh_6.wav,Vocals/Alto2/Uh/Alto2_Uh_6.wav,Alto2_Uh_6.wav,65.32015559956243,4.751494628118191,15.218508781251627,1.4110553757925788,5.764851169798449,1.5161310967947568,10.148158152011058,2.488953500560187,-10.140072360150137,1.8699857337176504,9.360622588165574,2.2223969527943495,-18.466643294444932,3.4718482096901178,14.828059214925544,3.9672132512619984,-2.588174741973181,3.0430034077543566,3.96656301977071,1.8854499121660742,2.0839642529068616,2.7034718996239087,-11.80755561690363,3.001037651539797,,,,,,,,,,,,,,,1,44100,16,2477.299836130515,0.017936507936507938,0.48366620625489126,150.83228882358296,NA,NA,1.198163,0.48366620625489126,0.743387,14.493099483555245,47,0.06566224026225315,-0.9653470553463752,-0.9299664344384839,0.999832968496204,0.03628139147928584,0.49182291764209607,0.983415349113234
Alto2_Uh_7,207.5903817223487,Alto2,Uh,7,Alto2_Uh_7.wav,Vocals/Alto2/Uh/Alto2_Uh_7.wav,Alto2_Uh_7.wav,71.40683920658745,4.613796612947472,12.982267146161236,0.9095498641924831,1.987678094374736,1.2644702872907365,15.162877822878922,1.7294881831450541,-12.965196065470389,1.2066924012038363,12.401380678074474,2.1129063968782926,-19.29179075914439,3.0024283323801515,11.126207316613524,1.437456239682349,-2.160883856795991,2.1080312151828053,-6.939423293686224,2.6488090225842233,4.562610917207925,2.278576691139005,-3.5688695293701813,3.554504953298702,,,,,,,,,,,,,,,1,44100,16,3265.849296161655,0.018843537414965986,0.5104045381448625,135.33794814239457,NA,NA,1.969324,0.5104045381448625,0.416479,16.815311361677256,56,0.0902568188420052,-0.2119093624787956,-0.08964955574610954,0.9397879818950085,0.7851482178935791,0.5188834095232789,0.9836593901003573
Alto2_Uh_8,219.8861316374243,Alto2,Uh,8,Alto2_Uh_8.wav,Vocals/Alto2/Uh/Alto2_Uh_8.wav,Alto2_Uh_8.wav,72.392425374454,4.3160079216664355,12.186421283556449,0.9201295198266922,2.073182628700795,1.3770759201619744,13.023429677775557,0.8915873307733718,-12.910221312668357,1.2875619309439925,11.086089535083,1.6312211155548522,-19.357019859212397,2.5290633407839356,14.461150792991953,2.187964415867401,-7.63227020449368,2.45424367198854,-4.907325080150809,2.440032616996453,2.6609238954729126,1.5715793275209653,-13.42130792915241,2.883844333122877,,,,,,,,,,,,,,,1,44100,16,3225.2111036660135,0.02038548752834467,0.5193740502742504,131.8373413240884,NA,NA,1.902092,0.5193740502742504,0.4608,15.896247470814014,52,0.08843457964297283,-0.23767269298167853,-0.12678172832720114,0.934128853379368,0.7239187167851892,0.5277402884115866,0.984147054297262
Alto2_Uh_9,229.2926543397639,Alto2,Uh,9,Alto2_Uh_9.wav,Vocals/Alto2/Uh/Alto2_Uh_9.wav,Alto2_Uh_9.wav,72.70064059291336,5.188523295683492,10.878588254308179,0.7868508215129224,-1.0792842344154803,0.9944173860869486,15.083787388806384,2.3233144811773743,-13.057398469764076,1.7463813933045498,13.135323157107699,1.896704526224808,-20.725628685953133,3.1408430102700846,14.541799252882594,3.1098132946696713,-2.3115390563312896,1.6322047050436879,-6.544710017232269,2.3982036878882274,4.5963016800806304,2.4324537264065684,-5.318083213907482,2.7288826523668828,,,,,,,,,,,,,,,1,44100,16,2732.68693935463,0.01947845804988662,0.561946355049671,138.24816988576137,NA,NA,2.011312,0.561946355049671,0.401329,20.763860354915735,55,0.07429999777606884,0.34843973517709603,0.47237782599743705,0.5744767084829767,1.6031296802894033,0.5711396276623314,0.9839036337746545
Alto2_Uh_10,242.8867407518268,Alto2,Uh,10,Alto2_Uh_10.wav,Vocals/Alto2/Uh/Alto2_Uh_10.wav,Alto2_Uh_10.wav,73.9763564827528,4.909568927528821,10.375534422072922,0.6499359167252603,-0.5553020253633385,1.1229311199309355,12.410157298321357,2.459956398584241,-13.334546091046036,1.5882442124731317,10.057770983458056,1.6786521087260957,-20.558118946464948,3.23472871602825,17.320512631805002,3.479658233466958,-8.60578451722463,2.9685039008870118,-4.079965189142779,2.667734766473437,1.6905724618131002,2.556458566729639,-15.755314892181957,3.3952187809903487,,,,,,,,,,,,,,,1,44100,16,2696.0979881554435,0.02383219954648526,0.573560602295145,143.109898487296,NA,NA,1.96224,0.573560602295145,0.421481,19.107209168134293,55,0.07265707388007481,-0.6015751807503497,-0.3309875832956644,0.9564290945846781,0.4807429821321605,0.582876885254723,0.9840167225785482
Alto2_Uh_11,260.54052818094397,Alto2,Uh,11,Alto2_Uh_11.wav,Vocals/Alto2/Uh/Alto2_Uh_11.wav,Alto2_Uh_11.wav,76.01843448020875,6.281662694670164,10.571811296423032,1.4961636611937223,-4.249803136653034,1.9168809525082557,18.036641039901564,3.1619747796880286,-13.302258506565629,2.108478197988501,10.063942424686253,2.897039497775974,-23.095494340152737,4.100878844698278,8.065002328772907,3.3841659139216085,-5.233826903093418,2.1949645610224695,-5.55332962342313,2.122968720259885,0.9851857009582233,1.912508785691361,1.9824972460266812,4.706202637986149,,,,,,,,,,,,,,,1,44100,16,3583.303138712875,0.016780045351473923,0.5733326580834764,149.22734389296045,NA,NA,2.088114,0.5733326580834764,0.308236,25.37571838213508,47,0.10752831602581185,0.35005679401894074,0.4064927793193776,0.5977632538246453,1.4165787221302293,0.5791341110940165,0.9899825396235411
Alto2_Uh_12,276.54454693563906,Alto2,Uh,12,Alto2_Uh_12.wav,Vocals/Alto2/Uh/Alto2_Uh_12.wav,Alto2_Uh_12.wav,77.58401794694181,5.53684928082778,9.605129369067395,1.4685180861397422,-3.3572449301579903,1.3445713743393972,16.485533040515925,2.0789035964884635,-12.451546907820376,1.7447395312047635,8.599230501282975,2.8367257369168937,-21.868156266173976,3.758777291088754,11.672989055862544,2.86737140132341,-8.397696116150556,2.3517279182624615,-5.119880975433233,2.06066057621954,-0.22156978458850088,2.2178809093039766,-5.245160016748716,2.8711386003247754,,,,,,,,,,,,,,,1,44100,16,3560.8892989544697,0.01820861678004535,0.5846323891509977,156.54346967315266,NA,NA,2.090494,0.5846323891509977,0.308678,20.24402055131466,49,0.10618867360631133,0.31546380023295817,0.3671091526783415,0.6549722580832286,1.4148072650526067,0.5898691691854124,0.9911221329949376
Alto2_Uh_13,293.2860564232913,Alto2,Uh,13,Alto2_Uh_13.wav,Vocals/Alto2/Uh/Alto2_Uh_13.wav,Alto2_Uh_13.wav,82.79619837304875,5.5901129045814155,11.107904109257355,1.1832587953697793,-6.2314846721923915,1.7448919611569542,15.517855296839677,1.4746033943946892,-14.416728681324097,2.529907410453678,6.52664753145716,2.02321796621721,-25.348429728210135,4.042428484219492,14.111975610763489,1.8656811546340106,1.5255394303969656,2.6821454239437332,-7.446520135360004,2.9609293403325068,-0.959067543093565,4.038347414694795,6.747381248401828,4.432333401609201,,,,,,,,,,,,,,,1,44100,16,5250.9993062957565,0.019705215419501133,0.5921607376390342,124.38624944348845,NA,NA,2.034854,0.5921607376390342,0.374342,18.513706419884844,43,0.15125786540222771,0.6693412574101578,0.6785667616233916,0.2501447307064216,1.3062887729957606,0.5981345094122904,0.9900126615681716
Alto2_Uh_14,311.1760042068431,Alto2,Uh,14,Alto2_Uh_14.wav,Vocals/Alto2/Uh/Alto2_Uh_14.wav,Alto2_Uh_14.wav,83.3666920072381,5.008641617414119,9.555791670101504,1.2578668125838226,-7.062980147361794,2.5027528971421447,13.977896046765645,1.551940912585603,-14.981729738001746,2.8016091697493737,6.653071954608241,3.588658836223064,-22.441804646973402,2.603350001830512,20.113724766321578,2.662536485269066,-2.265543351459036,2.8514906093803756,-7.836106243316702,3.900223103252335,-0.0832535836611298,3.163233699599158,-0.5234875223804543,4.463421854367476,,,,,,,,,,,,,,,1,44100,16,5168.410444947134,0.022857142857142857,0.6012340954970246,123.34478006607327,NA,NA,2.104401,0.6012340954970246,0.303984,18.675155457778725,43,0.14938053048807298,-0.15747163436376369,0.14037029515136187,0.7564532455279057,1.0034981411243284,0.6072757720137245,0.9900511813658138
Alto2_Uh_15,331.1693917081915,Alto2,Uh,15,Alto2_Uh_15.wav,Vocals/Alto2/Uh/Alto2_Uh_15.wav,Alto2_Uh_15.wav,79.35343852986959,4.4553643490153325,8.26471741255086,0.8644114452288184,-7.413278252256832,1.7573596706489782,19.129981377406047,2.4159216835655886,-13.650982641005717,1.3895453531232191,6.470709870229852,1.689525597652146,-13.863940672173054,2.202793299193998,10.31153568673029,1.7126367867238792,1.7025694650091192,3.1773093383642,-8.427555966914497,2.92175206985418,-7.858332555711096,3.54076726783103,4.533545159313338,3.8736360542969215,,,,,,,,,,,,,,,1,44100,16,7751.5321367353035,0.015918367346938776,0.48402152608731674,151.1243626028683,NA,NA,1.963078,0.48402152608731674,0.434498,15.863237751381165,54,0.24662665057897598,0.21191330578408857,0.40072396143181627,0.5721032593274148,1.3372113887079335,0.4868831472272159,0.9941225709778702
Alto2_Uh_16,351.6249411192967,Alto2,Uh,16,Alto2_Uh_16.wav,Vocals/Alto2/Uh/Alto2_Uh_16.wav,Alto2_Uh_16.wav,80.05586171448903,5.035541323094331,7.24260220550932,1.0193581989966751,-7.762425381439577,1.545507566761205,17.8629519577878,1.980773170428283,-15.625547591656204,1.9072551491707412,5.264882881644677,2.031229668540142,-15.178489641443552,2.2753458593979192,11.536680132324,1.909853363043215,-3.7019719988094835,3.2265421840374833,-13.38636716978871,3.4425914653453296,-7.528219091873597,3.9661877685452813,-3.514724344638514,3.6652796983029727,,,,,,,,,,,,,,,1,44100,16,7587.301221980181,0.01650793650793651,0.48969681931433584,140.34816781528951,NA,NA,2.104685,0.48969681931433584,0.31057,17.954431839525185,56,0.2402702713017985,0.09067214042626275,0.13174758101227355,0.8065831400056346,1.0513630571290868,0.4923509475856773,0.9946092755901935
Alto2_Uh_17,371.64394183548075,Alto2,Uh,17,Alto2_Uh_17.wav,Vocals/Alto2/Uh/Alto2_Uh_17.wav,Alto2_Uh_17.wav,82.9551297145418,6.387969518304057,7.846886261079675,1.6324328894874394,-8.322802456161089,1.9142129728095383,16.049688034785422,2.628130618220627,-16.804185144443466,2.098962662361884,5.667541813785608,2.3033634940588006,-15.749513173531552,2.282404593000083,5.692263636533067,2.9349272823462984,-0.45508015545687974,2.8898309077089848,-12.44430707318397,3.1287388994174226,-18.550841833547313,5.647033380401441,-3.52325901775937,4.701402759679571,,,,,,,,,,,,,,,1,44100,16,8987.609882287945,0.018571428571428572,0.5184277087870158,142.94435743486815,NA,NA,2.085965,0.5184277087870158,0.340497,21.72245479124665,52,0.27841126703391117,-0.2508239017385897,-0.2423378511778852,0.9526748821850315,0.5810059620100987,0.5220129196027411,0.9931319500320918
Alto2_Uh_18,392.1777550136461,Alto2,Uh,18,Alto2_Uh_18.wav,Vocals/Alto2/Uh/Alto2_Uh_18.wav,Alto2_Uh_18.wav,84.55934758667749,4.913974023753482,7.178192806130348,1.7192311091356214,-8.119380726458022,1.4452356861417288,14.480192297598936,3.32949404909783,-18.226803018811204,1.959507048334204,5.374165637975718,2.1842579053481375,-15.897157962906096,2.6617023969268936,9.485486702310485,2.7414572509150514,-3.592324679162463,3.207775896578001,-16.127335514417464,2.233641262872347,-17.577820099252957,4.428942411857321,-6.4384498336964375,3.6786180308250103,,,,,,,,,,,,,,,1,44100,16,8817.017826486815,0.01947845804988662,0.5320373156826312,129.2877813819463,NA,NA,2.099951,0.5320373156826312,0.317736,22.06301969567175,49,0.2728707466085488,-0.25241683172236357,-0.250020766157604,0.9609608201299237,0.5765509495085732,0.5355487811467007,0.9934432388090758
Alto2_Uh_19,415.305,Alto2,Uh,19,Alto2_Uh_19.wav,Vocals/Alto2/Uh/Alto2_Uh_19.wav,Alto2_Uh_19.wav,87.5134295377823,6.669751542804315,7.282191206667421,2.066904326134706,-12.64668862913883,3.2765126652926213,17.390422722914284,3.1684791864075232,-16.79613677688666,2.6973985129180167,7.056838756802183,2.6373516491019378,-16.355042574967893,3.327126047918058,1.4999466293210253,3.81358242032883,-5.935767486321358,3.5024705963750806,-9.192480370021462,3.762531064399963,-15.250389900710728,2.586689199275119,-4.936015096202663,3.0090875909169617,,,,,,,,,,,,,,,1,44100,16,11035.100617075868,0.022970521541950114,0.5423416995242648,141.7647098979772,NA,NA,2.133384,0.5423416995242648,0.32018,14.881094150233126,47,0.33323896951377385,0.28936140933345494,0.2978842926346655,0.7227083008970475,1.3359503883067192,0.5461578318444603,0.9930127664611019
Alto2_Uh_20,455.518416974874,Alto2,Uh,20,Alto2_Uh_20.wav,Vocals/Alto2/Uh/Alto2_Uh_20.wav,Alto2_Uh_20.wav,88.22722940211322,6.976397882007134,6.394734383785299,2.2412987753098927,-12.32278220434634,2.300498360056688,14.865285635083788,2.749107022209619,-18.9604092411345,2.371540182927382,5.79526176073296,3.212048495132719,-18.351590670024002,3.373380383088144,4.005323492091306,2.572789884688381,-8.667402950166892,3.7573548148597604,-11.338050421037408,3.6800291355078243,-13.606956718454141,3.491942974725708,-5.346152279018384,3.3523819040651808,,,,,,,,,,,,,,,1,44100,16,10916.450847744378,0.02562358276643991,0.5482940004194268,146.85413420334612,NA,NA,2.219596,0.5482940004194268,0.175877,13.309848972490434,49,0.3296038642981348,0.27194089558547563,0.28801390314710934,0.7718967434501991,1.3963948759005846,0.5529104991531218,0.991650549698792
Alto2_Uh_21,464.005328046736,Alto2,Uh,21,Alto2_Uh_21.wav,Vocals/Alto2/Uh/Alto2_Uh_21.wav,Alto2_Uh_21.wav,85.32439159628886,6.688701554309036,7.299775714094269,1.6745276965642861,-12.150665135670666,2.559221563630593,12.125959118530956,2.4518560661723168,-18.82700730959153,2.1658198437862812,1.305581808485107,2.5566643934934308,-20.362570052054892,3.4903051417509476,5.221044402170564,4.0254028458547175,-7.134351986100943,3.9318342890003257,-11.674921406441955,4.082396549199831,-17.484656518640136,4.6898069025021645,-0.8269580996542936,2.3977016448143376,,,,,,,,,,,,,,,1,44100,16,9317.00989348178,0.02469387755102041,0.5308306034574198,127.8073841946053,NA,NA,2.127238,0.5308306034574198,0.270244,15.096948606022805,47,0.2447504626085809,-0.49220944683957496,-0.3944117752574747,0.9770262781593486,0.42431914289311373,0.5364389952243646,0.9895451452693163
Alto2_Uh_22,492.660751025606,Alto2,Uh,22,Alto2_Uh_22.wav,Vocals/Alto2/Uh/Alto2_Uh_22.wav,Alto2_Uh_22.wav,86.31881686648622,5.583490955146988,6.74911341672989,1.402756053208624,-11.719127914309615,2.5697005163634965,10.835038466142747,3.183900808522846,-20.830912714666177,2.571513048880321,1.7086016099039385,2.9019524443600533,-19.055098663885634,3.2855703406922805,9.064120399061961,2.739240733425743,-10.696948807285631,4.206461501938376,-14.636575080461148,2.9467231296722556,-15.849656387003082,3.379865704794804,-4.142734025365631,2.9780192208080005,,,,,,,,,,,,,,,1,44100,16,9285.232093300614,0.024784580498866213,0.5385407854576616,146.97904508339624,NA,NA,2.138143,0.5385407854576616,0.287025,15.049677515260205,46,0.24279871530233527,-0.8629515329678603,-0.794573253216725,0.9984506255019147,0.11429372607272106,0.5437868640386194,0.990352693439492
Alto2_Uh_23,522.72149502933,Alto2,Uh,23,Alto2_Uh_23.wav,Vocals/Alto2/Uh/Alto2_Uh_23.wav,Alto2_Uh_23.wav,88.45797547618317,5.765209555032696,7.444517082495507,1.147631913624228,-9.927463100625163,2.3558996403101538,9.73753930372299,3.313014581093965,-17.23408709204656,2.5281427197568265,2.666305405878963,3.2214496252149085,-23.42305800983454,3.392969546509639,11.650614894868461,3.669072944902209,-7.2185674303709835,2.2226065178752425,-19.424213683773747,3.4934612775680027,-22.585558727063678,3.387182857921022,-0.18086451625404174,3.07136489314306,,,,,,,,,,,,,,,1,44100,16,16687.582289851474,0.024580498866213153,0.4715904885808919,151.99213317750858,NA,NA,1.905341,0.4715904885808919,0.484217,15.539738399492201,44,0.47521188092945665,-0.8560340685209943,-0.8492517636551082,0.9977192331374437,0.08133257878611849,0.4758697803879341,0.9910074310590733
Alto2_Uh_24,555.072955516374,Alto2,Uh,24,Alto2_Uh_24.wav,Vocals/Alto2/Uh/Alto2_Uh_24.wav,Alto2_Uh_24.wav,88.91710728645758,5.680676674825345,6.334646079376499,1.3427003945704363,-9.439644097127957,2.1083531417436356,7.954991372642343,3.1739352424939855,-17.99345051206714,2.419522961368424,0.7044631678414122,3.5279869675899973,-23.21740553047735,3.2732308572998168,12.317568474324954,3.140713845079247,-13.932354413181326,2.3082049912485947,-20.83702596552662,3.054412142509078,-16.150748607946376,3.374974785271489,3.908875699728659,3.2992644956435693,,,,,,,,,,,,,,,1,44100,16,17014.869423207856,0.026054421768707484,0.48429957607141266,114.23658687500152,NA,NA,1.913576,0.48429957607141266,0.474659,14.467355019250933,45,0.486494862848878,-0.856312035774752,-0.8506091305431649,0.9983550275625727,0.08059245095716154,0.48873377590682976,0.9909271671940627
Alto2_Uh_25,587.253652560134,Alto2,Uh,25,Alto2_Uh_25.wav,Vocals/Alto2/Uh/Alto2_Uh_25.wav,Alto2_Uh_25.wav,86.97380539841981,6.742281008584882,9.900829218913103,1.7071764900096376,-8.601706236033063,2.0675004673919184,4.717875410233593,2.4979130473650515,-19.51083768378379,3.0856097027547715,1.3410427674704692,3.347699818689097,-18.7695747825231,3.387554257845204,2.4365470820543504,3.003480934538496,-6.404105547779277,3.2717041109459952,-19.892802979467252,2.855231982348249,-26.448048019683366,4.412496680814019,0.619057154135222,3.386157540423251,,,,,,,,,,,,,,,1,44100,16,20790.931899075596,0.02687074829931973,0.4154230994868259,158.97555699479747,NA,NA,1.6161,0.4154230994868259,0.61454,17.956022183015815,47,0.5891360996895867,-0.9812707169511562,-0.9808826516862958,0.9999820090961408,0.009650750567710127,0.420312084725129,0.9883682020670418
Alto2_Uh_26,622.241850627208,Alto2,Uh,26,Alto2_Uh_26.wav,Vocals/Alto2/Uh/Alto2_Uh_26.wav,Alto2_Uh_26.wav,87.02393981676776,6.322790390070509,8.919499597918877,1.1712023494080748,-8.464529750518809,2.0619218453411796,4.464928230848715,2.8081260659948786,-18.259633215820912,3.220617484974201,1.21948257003812,2.8848222604985896,-20.846828406077314,3.568724398759258,4.538789768466835,2.7911561552909867,-9.908661242432897,2.9006331599914765,-23.038394061329637,2.669875214834044,-19.21136309184592,2.795907332464717,9.316698833393353,5.1312643910319515,,,,,,,,,,,,,,,1,44100,16,20978.62248493202,0.029070294784580498,0.4209346740915183,153.2830601016874,NA,NA,1.579034,0.4209346740915183,0.617219,17.12420131973903,45,0.5890692659026285,-0.9807726781472772,-0.9798905541214832,0.9999694253533741,0.010156536682017716,0.42529049563123406,0.9897580087388252
Alto2_Uh_27,665.784543241614,Alto2,Uh,27,Alto2_Uh_27.wav,Vocals/Alto2/Uh/Alto2_Uh_27.wav,Alto2_Uh_27.wav,89.12933544391828,6.272390689985867,8.148254135478608,1.147580122926749,-11.580840810081352,2.316321882912438,3.087773079420366,2.1444378652939684,-17.347257782148244,2.481094291777917,-0.7499622225032749,2.911394238847037,-19.992985201105487,2.1847453665833774,4.956553925875931,3.592179512096961,-12.95497431881922,4.165544917550751,-15.65758646478866,2.511501985324285,-13.540012412043188,3.4243383071486924,23.176350263284025,3.0541744717220527,,,,,,,,,,,,,,,1,44100,16,19969.82364181759,0.031179138321995464,0.4502141696796534,146.269782577216,NA,NA,1.857366,0.4502141696796534,0.501092,20.191110164911763,45,0.5422183534908535,-0.9435283668206845,-0.9449895334183829,0.9998715844199141,0.028279536437386395,0.4545926701406594,0.990368299472028
Alto2_Uh_28,705.407440254624,Alto2,Uh,28,Alto2_Uh_28.wav,Vocals/Alto2/Uh/Alto2_Uh_28.wav,Alto2_Uh_28.wav,90.0925994579824,5.750443768643512,6.554916828880658,1.1332682495261606,-11.937907255919171,2.0404542148199014,3.4282982995917974,2.632720658951381,-15.668821189121108,2.6583747223627685,-2.805451218349926,3.2824772373380964,-18.79224273611333,2.6497964169463226,3.6518450935530407,3.3721183124686465,-16.407476132118664,4.049193544896401,-17.04768512635571,3.77751545392208,-1.863732684218775,2.450778998068362,32.18151402682601,3.701791299180655,,,,,,,,,,,,,,,1,44100,16,20369.93990508639,0.03231292517006803,0.4472983431227072,149.0412452392095,NA,NA,1.885138,0.4472983431227072,0.475433,20.87734815059917,41,0.5528251995398348,-0.9417496452049505,-0.9410449235133592,0.9998603994440951,0.030368615177898024,0.45128149150523905,0.9911736943404301
Alto2_Uh_29,746.438981251612,Alto2,Uh,29,Alto2_Uh_29.wav,Vocals/Alto2/Uh/Alto2_Uh_29.wav,Alto2_Uh_29.wav,90.6215008609334,5.655682476755459,5.798799902639629,1.1676749780468496,-12.11006779568623,2.4798974933800415,1.4121850967555956,2.4182019210095804,-16.25306848543501,2.7393364122553834,-3.3840876691759587,2.313641957362811,-16.719202249274627,2.569782856514839,6.3904755575200705,3.8350509407008353,-17.768822347743026,3.14158893088218,-8.093676513752865,4.614836486315376,12.933290720981274,3.805622932525918,33.091874864709325,3.7434252903080507,,,,,,,,,,,,,,,1,44100,16,20797.449246716835,0.03421768707482993,0.455580835618207,124.46823186420475,NA,NA,1.845447,0.455580835618207,0.492643,20.474190742157262,39,0.5706909259808337,-0.9410771186500876,-0.9400810663209737,0.9998576691693823,0.03088036186087611,0.4597978976730847,0.9908284442442665
Alto2_Uh_30,789.16540563067,Alto2,Uh,30,Alto2_Uh_30.wav,Vocals/Alto2/Uh/Alto2_Uh_30.wav,Alto2_Uh_30.wav,91.72475775185754,6.361490591952002,5.097671475219252,1.2826599883253909,-11.808611305404408,2.233753805305561,0.4455024520557273,2.5991617807219733,-15.34764405296446,2.8531406803395623,-4.081144047398492,3.2412336910946955,-16.04642153933914,2.7778834956893736,3.3016507123394745,3.509913463054871,-18.63026258651089,3.194130281700915,-1.8714604641122814,4.667472689631218,24.729976006336464,3.237886778691672,34.25969970919446,3.5837239739950317,,,,,,,,,,,,,,,1,44100,16,21336.230805133255,0.036326530612244896,0.4477854218513251,156.21485687107932,NA,NA,1.818891,0.4477854218513251,0.510141,22.356254271840847,42,0.5879156171130615,-0.9424767361147586,-0.9410602992429221,0.9998369633964317,0.030359742791831755,0.4521032027155726,0.9904495680669533
Altus_A_1,244.9030742308366,Altus,A,1,Altus_A_1.wav,Vocals/Altus/A/Altus_A_1.wav,Altus_A_1.wav,NA,NA,NA,NA,NA,NA,NA,NA,NA,NA,NA,NA,NA,NA,NA,NA,NA,NA,NA,NA,NA,NA,NA,NA,,,,,,,,,,,,,,,1,44100,16,7426.043123975913,0.02272108843537415,0.5354849925946502,162.22207495874804,NA,NA,1.430332,0.5354849925946502,0.646364,14.912643317710293,67,0.1977998424192918,-0.0871501708874655,0.05326705978057692,0.7606049826149615,0.8461944648378271,0.5478329543316542,0.9774603523950686
Altus_A_2,261.7316344051029,Altus,A,2,Altus_A_2.wav,Vocals/Altus/A/Altus_A_2.wav,Altus_A_2.wav,NA,NA,NA,NA,NA,NA,NA,NA,NA,NA,NA,NA,NA,NA,NA,NA,NA,NA,NA,NA,NA,NA,NA,NA,,,,,,,,,,,,,,,1,44100,16,8477.049618165402,0.042675736961451244,0.532400229212455,139.14674019834092,NA,NA,1.565571,0.532400229212455,0.587742,15.89856263910462,67,0.20648739706962221,0.626176584966172,0.6285035246519888,0.2858955102075366,1.2532604666545042,0.5456069704151937,0.9757944052791543
Altus_A_3,280.7756214617279,Altus,A,3,Altus_A_3.wav,Vocals/Altus/A/Altus_A_3.wav,Altus_A_3.wav,NA,NA,NA,NA,NA,NA,NA,NA,NA,NA,NA,NA,NA,NA,NA,NA,NA,NA,NA,NA,NA,NA,NA,NA,,,,,,,,,,,,,,,1,44100,16,8979.853280115363,0.04616780045351474,0.5774164572783743,163.72573983283075,NA,NA,1.646716,0.5774164572783743,0.568954,14.51581464179957,57,0.24472560347146208,0.6097001053598485,0.6093381508139115,0.32577243228215713,1.3420250911303642,0.589717824307937,0.9791402489080284
Altus_A_4,293.51197284260854,Altus,A,4,Altus_A_4.wav,Vocals/Altus/A/Altus_A_4.wav,Altus_A_4.wav,NA,NA,NA,NA,NA,NA,NA,NA,NA,NA,NA,NA,NA,NA,NA,NA,NA,NA,NA,NA,NA,NA,NA,NA,,,,,,,,,,,,,,,1,44100,16,10246.759017775195,0.045351473922902494,0.5673396084245312,114.76769984941303,NA,NA,1.629929,0.5673396084245312,0.574894,17.55469333979302,68,0.28348454674208157,0.05008587964975888,0.05015649245370688,0.7697551700288753,0.8510490233215946,0.5778565509769487,0.9818000807732696
Altus_A_5,311.1420304414414,Altus,A,5,Altus_A_5.wav,Vocals/Altus/A/Altus_A_5.wav,Altus_A_5.wav,NA,NA,NA,NA,NA,NA,NA,NA,NA,NA,NA,NA,NA,NA,NA,NA,NA,NA,NA,NA,NA,NA,NA,NA,,,,,,,,,,,,,,,1,44100,16,9674.942572428909,0.014965986394557823,0.5021818004537507,119.3368479504182,NA,NA,1.477402,0.5021818004537507,0.632147,17.921152904176058,63,0.2803261680143751,0.3949252984163671,0.45667208154360533,0.46963044611178334,1.2590878109805916,0.511060753580234,0.9826264234451937
Altus_A_6,330.1927196494161,Altus,A,6,Altus_A_6.wav,Vocals/Altus/A/Altus_A_6.wav,Altus_A_6.wav,NA,NA,NA,NA,NA,NA,NA,NA,NA,NA,NA,NA,NA,NA,NA,NA,NA,NA,NA,NA,NA,NA,NA,NA,,,,,,,,,,,,,,,1,44100,16,10552.662616064454,0.04208616780045352,0.5561181023930943,196.7825424277817,NA,NA,1.699122,0.5561181023930943,0.532163,18.61809681260654,65,0.2724549173159183,0.38653777210420825,0.5045132065169599,0.42575903123145253,1.2927894218506806,0.5669674371245997,0.9808642718768324
Altus_A_7,349.2174390247105,Altus,A,7,Altus_A_7.wav,Vocals/Altus/A/Altus_A_7.wav,Altus_A_7.wav,NA,NA,NA,NA,NA,NA,NA,NA,NA,NA,NA,NA,NA,NA,NA,NA,NA,NA,NA,NA,NA,NA,NA,NA,,,,,,,,,,,,,,,1,44100,16,10474.105777422736,0.05061224489795919,0.5451458633863924,165.59024360723055,NA,NA,1.640965,0.5451458633863924,0.55344,19.791277503314987,65,0.2610543848241957,0.03330336365590658,0.04171927414537505,0.75482451511444,0.8205479091639754,0.5614016420170554,0.9710442980318728
Altus_A_8,370.5452608280823,Altus,A,8,Altus_A_8.wav,Vocals/Altus/A/Altus_A_8.wav,Altus_A_8.wav,NA,NA,NA,NA,NA,NA,NA,NA,NA,NA,NA,NA,NA,NA,NA,NA,NA,NA,NA,NA,NA,NA,NA,NA,,,,,,,,,,,,,,,1,44100,16,12139.752048196697,0.03895691609977324,0.5319555657262217,168.8368786075896,NA,NA,1.607762,0.5319555657262217,0.557138,15.917926939750943,57,0.33838027464012305,-0.1957036993843588,-0.19592461594867164,0.9020763229445227,0.6065075976714892,0.5420326470592466,0.98140871885172
Altus_A_9,392.19218312798887,Altus,A,9,Altus_A_9.wav,Vocals/Altus/A/Altus_A_9.wav,Altus_A_9.wav,NA,NA,NA,NA,NA,NA,NA,NA,NA,NA,NA,NA,NA,NA,NA,NA,NA,NA,NA,NA,NA,NA,NA,NA,,,,,,,,,,,,,,,1,44100,16,13631.215637542215,0.023764172335600908,0.5063536914541674,96.64168028971766,NA,NA,1.54909,0.5063536914541674,0.585954,17.627389968575248,53,0.3783980352401973,0.4382092385283977,0.4378825676821329,0.47171331816203554,1.2066310669851958,0.5160913085274061,0.9811319878627222
Altus_A_10,415.305,Altus,A,10,Altus_A_10.wav,Vocals/Altus/A/Altus_A_10.wav,Altus_A_10.wav,NA,NA,NA,NA,NA,NA,NA,NA,NA,NA,NA,NA,NA,NA,NA,NA,NA,NA,NA,NA,NA,NA,NA,NA,,,,,,,,,,,,,,,1,44100,16,13590.23386821039,0.04829931972789116,0.5307569757403882,166.99082049236495,NA,NA,1.676611,0.5307569757403882,0.561384,18.75400105498034,56,0.3788120826835888,0.752296428056724,0.7526507842131863,0.16183356123279238,1.1467095907477183,0.5403180062025096,0.9823048087378787
Altus_A_11,458.93269756173,Altus,A,11,Altus_A_11.wav,Vocals/Altus/A/Altus_A_11.wav,Altus_A_11.wav,NA,NA,NA,NA,NA,NA,NA,NA,NA,NA,NA,NA,NA,NA,NA,NA,NA,NA,NA,NA,NA,NA,NA,NA,,,,,,,,,,,,,,,1,44100,16,13744.099188398777,0.027709750566893423,0.4816559988927889,162.40218924129948,NA,NA,1.609911,0.4816559988927889,0.592491,19.45255669541821,52,0.37657857728041366,0.7444957408929891,0.7447270123353095,0.1589210927222084,1.0861859135150245,0.49064787338443305,0.981673466900775
Altus_A_12,471.28097114645,Altus,A,12,Altus_A_12.wav,Vocals/Altus/A/Altus_A_12.wav,Altus_A_12.wav,NA,NA,NA,NA,NA,NA,NA,NA,NA,NA,NA,NA,NA,NA,NA,NA,NA,NA,NA,NA,NA,NA,NA,NA,,,,,,,,,,,,,,,1,44100,16,13033.443231163645,0.04712018140589569,0.543590948199833,131.45346270867825,NA,NA,1.733415,0.543590948199833,0.550393,16.506962150840586,51,0.3584986871013744,0.7722019336402572,0.799823333379083,0.154243638580028,1.3868314645649926,0.5555562329040522,0.9784625137914965
Altus_A_13,495.810721144946,Altus,A,13,Altus_A_13.wav,Vocals/Altus/A/Altus_A_13.wav,Altus_A_13.wav,NA,NA,NA,NA,NA,NA,NA,NA,NA,NA,NA,NA,NA,NA,NA,NA,NA,NA,NA,NA,NA,NA,NA,NA,,,,,,,,,,,,,,,1,44100,16,16740.0149153642,0.04439909297052154,0.5267678484982715,167.79977054922045,NA,NA,1.765227,0.5267678484982715,0.534813,19.07695586747884,49,0.4837219561954399,-0.5122167143856413,-0.30113138620212915,0.9305249060139562,0.4998070587387568,0.5351765289937879,0.9842880245302874
Altus_A_14,523.61396431611,Altus,A,14,Altus_A_14.wav,Vocals/Altus/A/Altus_A_14.wav,Altus_A_14.wav,NA,NA,NA,NA,NA,NA,NA,NA,NA,NA,NA,NA,NA,NA,NA,NA,NA,NA,NA,NA,NA,NA,NA,NA,,,,,,,,,,,,,,,0.9896598639455783,44100,16,17044.80043752339,0.04234259004674182,0.5160102848423488,174.1902666524557,NA,NA,1.745825,0.5160102848423488,0.556592,20.57268808393741,48,0.5008544083508463,-0.6474803178765325,NA,NA,NA,0.5230910299109658,0.9864636465476723
Altus_E_1,243.98208182440868,Altus,E,1,Altus_E_1.wav,Vocals/Altus/E/Altus_E_1.wav,Altus_E_1.wav,NA,NA,NA,NA,NA,NA,NA,NA,NA,NA,NA,NA,NA,NA,NA,NA,NA,NA,NA,NA,NA,NA,NA,NA,,,,,,,,,,,,,,,1,44100,16,7980.147575546318,0.031247165532879817,0.5381182077752419,149.92100492276927,NA,NA,1.48917,0.5381182077752419,0.630938,18.80484085017067,71,0.22362090173760468,-0.2997311441471922,-0.3044475410762156,0.9103259559806635,0.4854004758076355,0.5483287233605698,0.9813788423798953
Altus_E_2,261.7978692626206,Altus,E,2,Altus_E_2.wav,Vocals/Altus/E/Altus_E_2.wav,Altus_E_2.wav,NA,NA,NA,NA,NA,NA,NA,NA,NA,NA,NA,NA,NA,NA,NA,NA,NA,NA,NA,NA,NA,NA,NA,NA,,,,,,,,,,,,,,,1,44100,16,9000.613254279393,0.041768707482993196,0.5740488880011219,145.96066724930944,NA,NA,1.723532,0.5740488880011219,0.556751,20.609214742373183,72,0.2586828862038041,0.3848991724326796,0.38517611043597216,0.45875309236395356,1.0335542175854233,0.5846179767726868,0.9819213756820987
Altus_E_3,276.044762066926,Altus,E,3,Altus_E_3.wav,Vocals/Altus/E/Altus_E_3.wav,Altus_E_3.wav,NA,NA,NA,NA,NA,NA,NA,NA,NA,NA,NA,NA,NA,NA,NA,NA,NA,NA,NA,NA,NA,NA,NA,NA,,,,,,,,,,,,,,,1,44100,16,9209.787174856507,0.02140589569160998,0.5412503783324507,181.86994111503296,NA,NA,1.598968,0.5412503783324507,0.593935,22.71900216311673,66,0.2656962589790174,0.29369334266984415,0.292633016779441,0.5279560621471843,0.9647798858708081,0.550255128673286,0.9836353177433411
Altus_E_4,294.3872954772135,Altus,E,4,Altus_E_4.wav,Vocals/Altus/E/Altus_E_4.wav,Altus_E_4.wav,NA,NA,NA,NA,NA,NA,NA,NA,NA,NA,NA,NA,NA,NA,NA,NA,NA,NA,NA,NA,NA,NA,NA,NA,,,,,,,,,,,,,,,1,44100,16,10353.159544624801,0.05102040816326531,0.5791431223272587,116.90449694802923,NA,NA,1.635896,0.5791431223272587,0.58176,15.119650430452014,62,0.2866768956290804,0.16884037396868243,0.16896185342930536,0.6469134581849371,0.9099668387170669,0.589681835177427,0.9821281372064017
Altus_E_5,311.1546402585725,Altus,E,5,Altus_E_5.wav,Vocals/Altus/E/Altus_E_5.wav,Altus_E_5.wav,NA,NA,NA,NA,NA,NA,NA,NA,NA,NA,NA,NA,NA,NA,NA,NA,NA,NA,NA,NA,NA,NA,NA,NA,,,,,,,,,,,,,,,1,44100,16,12935.164501810781,0.026621315192743765,0.565733850052373,128.98965816042642,NA,NA,1.729641,0.565733850052373,0.546573,21.813222513472123,68,0.3489473852387837,0.4532763702300423,0.4541853353753412,0.39828887589336615,1.0611401270531124,0.5757376885830409,0.9826243118540867
Altus_E_6,334.03782245370445,Altus,E,6,Altus_E_6.wav,Vocals/Altus/E/Altus_E_6.wav,Altus_E_6.wav,NA,NA,NA,NA,NA,NA,NA,NA,NA,NA,NA,NA,NA,NA,NA,NA,NA,NA,NA,NA,NA,NA,NA,NA,,,,,,,,,,,,,,,1,44100,16,10386.410216893535,0.06113378684807256,0.5593924417933269,145.26060268629578,NA,NA,1.599683,0.5593924417933269,0.610097,18.049242548331687,62,0.2866936795947275,0.6101640088980075,0.6145528465784595,0.2575122385692482,1.0786617935042093,0.5768127346671519,0.9697990494542786
Altus_E_7,349.53813678815095,Altus,E,7,Altus_E_7.wav,Vocals/Altus/E/Altus_E_7.wav,Altus_E_7.wav,NA,NA,NA,NA,NA,NA,NA,NA,NA,NA,NA,NA,NA,NA,NA,NA,NA,NA,NA,NA,NA,NA,NA,NA,,,,,,,,,,,,,,,1,44100,16,10737.530215450992,0.049977324263038546,0.5542687873700427,133.3389385849378,NA,NA,1.756038,0.5542687873700427,0.551251,21.744283223726413,65,0.285962332942913,0.46862064106479306,0.469095857515524,0.45640946191467663,1.2629572764151993,0.5693089624024052,0.9735816998754155
Altus_E_8,370.2901797865024,Altus,E,8,Altus_E_8.wav,Vocals/Altus/E/Altus_E_8.wav,Altus_E_8.wav,NA,NA,NA,NA,NA,NA,NA,NA,NA,NA,NA,NA,NA,NA,NA,NA,NA,NA,NA,NA,NA,NA,NA,NA,,,,,,,,,,,,,,,1,44100,16,12603.702721442149,0.055782312925170066,0.5484022423006272,155.7716408471957,NA,NA,1.629724,0.5484022423006272,0.580763,19.989923901804048,59,0.32956455577530686,0.708419330876073,0.708280897876112,0.21658904442341387,1.2683260183648464,0.5604399650899059,0.9785209415118216
Altus_E_9,392.2076178742444,Altus,E,9,Altus_E_9.wav,Vocals/Altus/E/Altus_E_9.wav,Altus_E_9.wav,NA,NA,NA,NA,NA,NA,NA,NA,NA,NA,NA,NA,NA,NA,NA,NA,NA,NA,NA,NA,NA,NA,NA,NA,,,,,,,,,,,,,,,1,44100,16,13980.342267080381,0.023537414965986395,0.514130313741316,103.68903617042032,NA,NA,1.574974,0.514130313741316,0.590864,18.958762090241965,55,0.4169020144008007,0.4068665619879855,0.40302891675682795,0.4805976111924027,1.1295226263958376,0.5232965642565396,0.9824836409383917
Altus_E_10,415.305,Altus,E,10,Altus_E_10.wav,Vocals/Altus/E/Altus_E_10.wav,Altus_E_10.wav,NA,NA,NA,NA,NA,NA,NA,NA,NA,NA,NA,NA,NA,NA,NA,NA,NA,NA,NA,NA,NA,NA,NA,NA,,,,,,,,,,,,,,,1,44100,16,15296.883020924848,0.03927437641723356,0.5042966409577158,160.89305761835212,NA,NA,1.659163,0.5042966409577158,0.565728,18.535204879145166,55,0.4352551317808931,0.5443028084610112,0.5442843860187359,0.31345349166241876,1.0622004558685771,0.5124414626314511,0.9841058496088301
Altus_E_11,462.899950629076,Altus,E,11,Altus_E_11.wav,Vocals/Altus/E/Altus_E_11.wav,Altus_E_11.wav,NA,NA,NA,NA,NA,NA,NA,NA,NA,NA,NA,NA,NA,NA,NA,NA,NA,NA,NA,NA,NA,NA,NA,NA,,,,,,,,,,,,,,,1,44100,16,14808.66215956925,0.05070294784580499,0.5319668388541218,164.2790170829453,NA,NA,1.799099,0.5319668388541218,0.521285,24.716876532365866,50,0.42160288030332965,0.4485209608608072,0.4485228170647832,0.40965490502605145,1.076009117719834,0.5436946435255074,0.9784294276005029
Altus_E_12,477.303274984774,Altus,E,12,Altus_E_12.wav,Vocals/Altus/E/Altus_E_12.wav,Altus_E_12.wav,NA,NA,NA,NA,NA,NA,NA,NA,NA,NA,NA,NA,NA,NA,NA,NA,NA,NA,NA,NA,NA,NA,NA,NA,,,,,,,,,,,,,,,1,44100,16,15783.662045962847,0.03746031746031746,0.511323069774981,119.69210074125877,NA,NA,1.620003,0.511323069774981,0.59182,18.21488968889483,48,0.46009821631343206,0.199710693827989,0.20065036910971268,0.648140252693522,0.9735287333086267,0.5203153878032581,0.9827175627723751
Altus_E_13,509.610095822116,Altus,E,13,Altus_E_13.wav,Vocals/Altus/E/Altus_E_13.wav,Altus_E_13.wav,NA,NA,NA,NA,NA,NA,NA,NA,NA,NA,NA,NA,NA,NA,NA,NA,NA,NA,NA,NA,NA,NA,NA,NA,,,,,,,,,,,,,,,1,44100,16,14435.16883979855,0.05600907029478458,0.5552204758028726,163.70204659673578,NA,NA,1.731246,0.5552204758028726,0.559985,19.67829401700309,52,0.38729249953671974,0.2612429238356791,0.3341783043370811,0.5635162155247001,1.129177847151166,0.5708050638162829,0.9726971798231517
Altus_E_14,523.483348600766,Altus,E,14,Altus_E_14.wav,Vocals/Altus/E/Altus_E_14.wav,Altus_E_14.wav,NA,NA,NA,NA,NA,NA,NA,NA,NA,NA,NA,NA,NA,NA,NA,NA,NA,NA,NA,NA,NA,NA,NA,NA,,,,,,,,,,,,,,,0.9896598639455783,44100,16,15030.035170281919,0.05540280450921089,0.5535435086252154,173.7271130552189,NA,NA,1.710918,0.5535435086252154,0.570701,20.17648289460121,49,0.42693460463864685,0.05002070837506967,NA,NA,NA,0.5631419577550069,0.9829555425632709
Altus_I_1,237.75573629717525,Altus,I,1,Altus_I_1.wav,Vocals/Altus/I/Altus_I_1.wav,Altus_I_1.wav,NA,NA,NA,NA,NA,NA,NA,NA,NA,NA,NA,NA,NA,NA,NA,NA,NA,NA,NA,NA,NA,NA,NA,NA,,,,,,,,,,,,,,,1,44100,16,7069.841773061792,0.03743764172335601,0.543967644362339,170.03467893978933,NA,NA,1.467006,0.543967644362339,0.644811,22.08283768935643,62,0.2112539556606196,0.788446753527706,0.7079699726541991,0.21092806433963263,1.2336361556942679,0.5536805391195198,0.9824575832615925
Altus_I_2,266.9215439264517,Altus,I,2,Altus_I_2.wav,Vocals/Altus/I/Altus_I_2.wav,Altus_I_2.wav,NA,NA,NA,NA,NA,NA,NA,NA,NA,NA,NA,NA,NA,NA,NA,NA,NA,NA,NA,NA,NA,NA,NA,NA,,,,,,,,,,,,,,,1,44100,16,7479.645057281828,0.02526077097505669,0.506800672036114,170.71007651815614,NA,NA,1.355869,0.506800672036114,0.664193,17.807949694156818,69,0.22211244581107709,-0.053874999981807566,-0.054015468946456736,0.7963328009244204,0.714712955776658,0.5181307251505914,0.9781328291017977
Altus_I_3,278.42493789594926,Altus,I,3,Altus_I_3.wav,Vocals/Altus/I/Altus_I_3.wav,Altus_I_3.wav,NA,NA,NA,NA,NA,NA,NA,NA,NA,NA,NA,NA,NA,NA,NA,NA,NA,NA,NA,NA,NA,NA,NA,NA,,,,,,,,,,,,,,,1,44100,16,10046.334075467985,0.017369614512471654,0.47488365612555306,177.60444599213724,NA,NA,1.41035,0.47488365612555306,0.636522,19.619514308401126,71,0.3195105297292401,0.6578411424783424,0.6358572720201471,0.2883890441614153,1.2955450673959148,0.4807464048548498,0.9878049036454742
Altus_I_4,295.95620659804973,Altus,I,4,Altus_I_4.wav,Vocals/Altus/I/Altus_I_4.wav,Altus_I_4.wav,NA,NA,NA,NA,NA,NA,NA,NA,NA,NA,NA,NA,NA,NA,NA,NA,NA,NA,NA,NA,NA,NA,NA,NA,,,,,,,,,,,,,,,1,44100,16,11893.719752980405,0.01650793650793651,0.46052503394958194,112.70554814275398,NA,NA,1.343137,0.46052503394958194,0.661208,16.21519246690349,69,0.38200672531924135,0.5434301506086164,0.543571158327053,0.3151765451042331,1.065877920906362,0.4670257243085325,0.9860806589003736
Altus_I_5,310.4974127987245,Altus,I,5,Altus_I_5.wav,Vocals/Altus/I/Altus_I_5.wav,Altus_I_5.wav,NA,NA,NA,NA,NA,NA,NA,NA,NA,NA,NA,NA,NA,NA,NA,NA,NA,NA,NA,NA,NA,NA,NA,NA,,,,,,,,,,,,,,,1,44100,16,11417.955995868515,0.02058956916099773,0.4455871474174704,133.398092859915,NA,NA,1.313807,0.4455871474174704,0.68343,20.64079847964653,61,0.36748382270944824,0.547543345016886,0.5471162545311122,0.31925469148539926,1.0906201149281662,0.451068611416635,0.9878478265602445
Altus_I_6,330.58762385809905,Altus,I,6,Altus_I_6.wav,Vocals/Altus/I/Altus_I_6.wav,Altus_I_6.wav,NA,NA,NA,NA,NA,NA,NA,NA,NA,NA,NA,NA,NA,NA,NA,NA,NA,NA,NA,NA,NA,NA,NA,NA,,,,,,,,,,,,,,,1,44100,16,11641.59431810714,0.018367346938775512,0.4381564222933466,177.93360701825634,NA,NA,1.351161,0.4381564222933466,0.658269,18.593541913267263,63,0.3673845360604849,0.0027968716521413407,-0.0011919034146792651,0.7762603764286632,0.7744121245796621,0.44296979779078144,0.98913385174014
Altus_I_7,349.0537496657888,Altus,I,7,Altus_I_7.wav,Vocals/Altus/I/Altus_I_7.wav,Altus_I_7.wav,NA,NA,NA,NA,NA,NA,NA,NA,NA,NA,NA,NA,NA,NA,NA,NA,NA,NA,NA,NA,NA,NA,NA,NA,,,,,,,,,,,,,,,1,44100,16,10621.52383269479,0.03183673469387755,0.5051452218811839,150.13896431653546,NA,NA,1.480402,0.5051452218811839,0.632794,21.84741465610854,60,0.32658431169611435,0.1078061383704679,0.1077687575521196,0.6778725741643895,0.8416271741399014,0.5147653111323796,0.9813116986650997
Altus_I_8,370.78012651421705,Altus,I,8,Altus_I_8.wav,Vocals/Altus/I/Altus_I_8.wav,Altus_I_8.wav,NA,NA,NA,NA,NA,NA,NA,NA,NA,NA,NA,NA,NA,NA,NA,NA,NA,NA,NA,NA,NA,NA,NA,NA,,,,,,,,,,,,,,,1,44100,16,12138.1263863741,0.02947845804988662,0.4927508520415189,151.8415121962974,NA,NA,1.544658,0.4927508520415189,0.616579,26.663748432758062,60,0.3733451029004237,0.4752848039809277,0.4756642163809121,0.4164447182476677,1.1720210369341324,0.5019081306184004,0.9817550702643553
Altus_I_9,390.41823643312296,Altus,I,9,Altus_I_9.wav,Vocals/Altus/I/Altus_I_9.wav,Altus_I_9.wav,NA,NA,NA,NA,NA,NA,NA,NA,NA,NA,NA,NA,NA,NA,NA,NA,NA,NA,NA,NA,NA,NA,NA,NA,,,,,,,,,,,,,,,1,44100,16,15334.293627512898,0.027936507936507936,0.46615492814896137,98.21386196708485,NA,NA,1.502608,0.46615492814896137,0.613087,22.271849320517223,55,0.47871347023198974,0.5746032149290551,0.571638023166196,0.2952101310445877,1.0831107611438593,0.47587493845254375,0.9795744437914927
Altus_I_10,415.305,Altus,I,10,Altus_I_10.wav,Vocals/Altus/I/Altus_I_10.wav,Altus_I_10.wav,NA,NA,NA,NA,NA,NA,NA,NA,NA,NA,NA,NA,NA,NA,NA,NA,NA,NA,NA,NA,NA,NA,NA,NA,,,,,,,,,,,,,,,1,44100,16,13893.42795396404,0.037959183673469385,0.5077366255584058,161.99486592140087,NA,NA,1.631303,0.5077366255584058,0.589217,24.856612387557245,55,0.417777025906653,0.3015132475838803,0.3018572102962933,0.5211737513172596,0.9718553510485957,0.5192928905824443,0.9777461520586641
Altus_I_11,449.307488273604,Altus,I,11,Altus_I_11.wav,Vocals/Altus/I/Altus_I_11.wav,Altus_I_11.wav,NA,NA,NA,NA,NA,NA,NA,NA,NA,NA,NA,NA,NA,NA,NA,NA,NA,NA,NA,NA,NA,NA,NA,NA,,,,,,,,,,,,,,,1,44100,16,14784.248962139405,0.03256235827664399,0.4892993298675871,151.66735745624402,NA,NA,1.619214,0.4892993298675871,0.568429,19.952742341520363,50,0.44178201941610723,0.757751478652387,0.7576548857791265,0.19132597705011292,1.3876287104847753,0.49697704034067064,0.9845511767146817
Altus_I_12,470.184768482418,Altus,I,12,Altus_I_12.wav,Vocals/Altus/I/Altus_I_12.wav,Altus_I_12.wav,NA,NA,NA,NA,NA,NA,NA,NA,NA,NA,NA,NA,NA,NA,NA,NA,NA,NA,NA,NA,NA,NA,NA,NA,,,,,,,,,,,,,,,1,44100,16,13083.48975683411,0.04766439909297052,0.5571614924529841,120.03869577816985,NA,NA,1.793565,0.5571614924529841,0.509899,17.346527191770313,49,0.3389616376212398,0.37889405827785383,0.380586483891767,0.5290139549262801,1.17909844872312,0.5686809543566513,0.9797435419360945
Altus_I_13,494.458144930442,Altus,I,13,Altus_I_13.wav,Vocals/Altus/I/Altus_I_13.wav,Altus_I_13.wav,NA,NA,NA,NA,NA,NA,NA,NA,NA,NA,NA,NA,NA,NA,NA,NA,NA,NA,NA,NA,NA,NA,NA,NA,,,,,,,,,,,,,,,1,44100,16,15885.165474701229,0.03696145124716553,0.5245342100155793,174.02784508222513,NA,NA,1.776347,0.5245342100155793,0.529135,16.634732035886067,50,0.44370590858909476,-0.16523524957419486,-0.18823744921920624,0.8937715825709992,0.6105936992307126,0.5342853780271863,0.9817491392940368
Altus_I_14,522.863665552148,Altus,I,14,Altus_I_14.wav,Vocals/Altus/I/Altus_I_14.wav,Altus_I_14.wav,NA,NA,NA,NA,NA,NA,NA,NA,NA,NA,NA,NA,NA,NA,NA,NA,NA,NA,NA,NA,NA,NA,NA,NA,,,,,,,,,,,,,,,0.9896598639455783,44100,16,16446.685656077098,0.02680780863348914,0.5069264126149203,182.8631879268013,NA,NA,1.717778,0.5069264126149203,0.562017,17.815156345615744,46,0.4714414850648281,-0.1876724960507308,NA,NA,NA,0.5139639589560449,0.9863073154868309
Altus_O_1,240.85519022064312,Altus,O,1,Altus_O_1.wav,Vocals/Altus/O/Altus_O_1.wav,Altus_O_1.wav,NA,NA,NA,NA,NA,NA,NA,NA,NA,NA,NA,NA,NA,NA,NA,NA,NA,NA,NA,NA,NA,NA,NA,NA,,,,,,,,,,,,,,,1,44100,16,8799.909696753655,0.025306122448979593,0.5217042239471836,170.0220302500905,NA,NA,1.383202,0.5217042239471836,0.667048,14.692832611733065,58,0.2469659945308581,0.6183100111038201,0.7489589961661962,0.197711170050087,1.3774193228233196,0.5315708569080542,0.9814387248047025
Altus_O_2,262.8686696284618,Altus,O,2,Altus_O_2.wav,Vocals/Altus/O/Altus_O_2.wav,Altus_O_2.wav,NA,NA,NA,NA,NA,NA,NA,NA,NA,NA,NA,NA,NA,NA,NA,NA,NA,NA,NA,NA,NA,NA,NA,NA,,,,,,,,,,,,,,,1,44100,16,8390.167352646466,0.028662131519274377,0.4866730028318152,158.01517114110092,NA,NA,1.446221,0.4866730028318152,0.664533,16.479993843064833,75,0.16190626178501927,0.4144066374333304,0.42750689946020387,0.4544068302150127,1.1330597428722737,0.501427370129126,0.9705752653798868
Altus_O_3,276.54364147013547,Altus,O,3,Altus_O_3.wav,Vocals/Altus/O/Altus_O_3.wav,Altus_O_3.wav,NA,NA,NA,NA,NA,NA,NA,NA,NA,NA,NA,NA,NA,NA,NA,NA,NA,NA,NA,NA,NA,NA,NA,NA,,,,,,,,,,,,,,,1,44100,16,8147.529854249179,0.03882086167800453,0.5169904932776176,170.3114287369991,NA,NA,1.534885,0.5169904932776176,0.635519,13.221114511090036,68,0.18748537665594306,0.8529305058772111,0.854600026209738,0.11065390301163272,1.4114083109919242,0.5307127927390914,0.9741436429473447
Altus_O_4,289.6279149332468,Altus,O,4,Altus_O_4.wav,Vocals/Altus/O/Altus_O_4.wav,Altus_O_4.wav,NA,NA,NA,NA,NA,NA,NA,NA,NA,NA,NA,NA,NA,NA,NA,NA,NA,NA,NA,NA,NA,NA,NA,NA,,,,,,,,,,,,,,,1,44100,16,8770.225583765741,0.027346938775510202,0.541740730299687,123.92732098091771,NA,NA,1.677091,0.541740730299687,0.578326,17.647659777049153,64,0.25413379693460725,0.6108230355308328,0.6142640425825102,0.2966101985891905,1.2412822010460518,0.5517240432791239,0.9819052421204956
Altus_O_5,311.4294232938896,Altus,O,5,Altus_O_5.wav,Vocals/Altus/O/Altus_O_5.wav,Altus_O_5.wav,NA,NA,NA,NA,NA,NA,NA,NA,NA,NA,NA,NA,NA,NA,NA,NA,NA,NA,NA,NA,NA,NA,NA,NA,,,,,,,,,,,,,,,1,44100,16,11028.276325543216,0.015600907029478459,0.40223504259838416,138.45544046232618,NA,NA,1.102767,0.40223504259838416,0.759273,14.808794687629474,62,0.3512772886769726,0.6715397632747724,0.7157970718167105,0.1768734436942068,1.0678248064247133,0.407633189173587,0.9867573428303354
Altus_O_6,328.67183597905097,Altus,O,6,Altus_O_6.wav,Vocals/Altus/O/Altus_O_6.wav,Altus_O_6.wav,NA,NA,NA,NA,NA,NA,NA,NA,NA,NA,NA,NA,NA,NA,NA,NA,NA,NA,NA,NA,NA,NA,NA,NA,,,,,,,,,,,,,,,1,44100,16,10608.754837458693,0.04290249433106576,0.5293308941784425,144.63493234695244,NA,NA,1.604434,0.5293308941784425,0.613586,16.394566318396993,64,0.2955645839949095,-0.15795421725365233,0.12595939835917289,0.6968557862568318,0.8977058049292798,0.5407114304711783,0.9789526618980132
Altus_O_7,349.0577322087722,Altus,O,7,Altus_O_7.wav,Vocals/Altus/O/Altus_O_7.wav,Altus_O_7.wav,NA,NA,NA,NA,NA,NA,NA,NA,NA,NA,NA,NA,NA,NA,NA,NA,NA,NA,NA,NA,NA,NA,NA,NA,,,,,,,,,,,,,,,1,44100,16,9956.450313603944,0.029886621315192742,0.5237984422867568,167.2962669497865,NA,NA,1.590183,0.5237984422867568,0.589094,17.81144471372567,61,0.28810423258110074,0.057109049598604154,0.06430864724768409,0.7431232427309177,0.8452707090674755,0.5336224363581963,0.9815899905961879
Altus_O_8,369.5902763653364,Altus,O,8,Altus_O_8.wav,Vocals/Altus/O/Altus_O_8.wav,Altus_O_8.wav,NA,NA,NA,NA,NA,NA,NA,NA,NA,NA,NA,NA,NA,NA,NA,NA,NA,NA,NA,NA,NA,NA,NA,NA,,,,,,,,,,,,,,,1,44100,16,11600.330177352353,0.030793650793650793,0.5062758557721391,169.7390775181804,NA,NA,1.625239,0.5062758557721391,0.582997,16.771915277630182,59,0.32311851368608474,0.7678626687790339,0.7680831667560518,0.18313163250526904,1.3961554760991928,0.5158836293352115,0.9813760836422482
Altus_O_9,392.3428202980008,Altus,O,9,Altus_O_9.wav,Vocals/Altus/O/Altus_O_9.wav,Altus_O_9.wav,NA,NA,NA,NA,NA,NA,NA,NA,NA,NA,NA,NA,NA,NA,NA,NA,NA,NA,NA,NA,NA,NA,NA,NA,,,,,,,,,,,,,,,1,44100,16,14324.021636544145,0.029206349206349208,0.5088670750707546,98.42574324824585,NA,NA,1.577876,0.5088670750707546,0.602348,22.080670339869318,60,0.4273218969870597,0.7741107493315655,0.7741556394372449,0.15852962360019932,1.2453542121987375,0.5184620819533876,0.9814933295671646
Altus_O_10,415.305,Altus,O,10,Altus_O_10.wav,Vocals/Altus/O/Altus_O_10.wav,Altus_O_10.wav,NA,NA,NA,NA,NA,NA,NA,NA,NA,NA,NA,NA,NA,NA,NA,NA,NA,NA,NA,NA,NA,NA,NA,NA,,,,,,,,,,,,,,,1,44100,16,14614.050848076025,0.03346938775510204,0.47403000576519905,164.210033005037,NA,NA,1.605265,0.47403000576519905,0.598384,20.44811671688317,55,0.4027667835243882,0.9584150322545419,0.958771055726652,0.023593628175274405,1.120924068850807,0.48131518005426466,0.9848640255056068
Altus_O_11,457.535518376904,Altus,O,11,Altus_O_11.wav,Vocals/Altus/O/Altus_O_11.wav,Altus_O_11.wav,NA,NA,NA,NA,NA,NA,NA,NA,NA,NA,NA,NA,NA,NA,NA,NA,NA,NA,NA,NA,NA,NA,NA,NA,,,,,,,,,,,,,,,1,44100,16,15760.603810168363,0.03188208616780045,0.48846999316092427,167.56315504341535,NA,NA,1.695127,0.48846999316092427,0.569461,21.413449903550916,51,0.44199287400692766,0.8886283976005127,0.89015066940762,0.06580533773809966,1.1322964146027452,0.4980154100509025,0.9808330893033961
Altus_O_12,469.050778744304,Altus,O,12,Altus_O_12.wav,Vocals/Altus/O/Altus_O_12.wav,Altus_O_12.wav,NA,NA,NA,NA,NA,NA,NA,NA,NA,NA,NA,NA,NA,NA,NA,NA,NA,NA,NA,NA,NA,NA,NA,NA,,,,,,,,,,,,,,,1,44100,16,14605.303299067804,0.0545124716553288,0.5289659311693974,134.51827456691225,NA,NA,1.741739,0.5289659311693974,0.538902,19.18857770743928,49,0.36777031195532783,0.7427863848765789,0.7856046891857403,0.16386495054770886,1.364759438907081,0.540763812288607,0.9781829315292402
Altus_O_13,491.774140289102,Altus,O,13,Altus_O_13.wav,Vocals/Altus/O/Altus_O_13.wav,Altus_O_13.wav,NA,NA,NA,NA,NA,NA,NA,NA,NA,NA,NA,NA,NA,NA,NA,NA,NA,NA,NA,NA,NA,NA,NA,NA,,,,,,,,,,,,,,,1,44100,16,16184.688206413106,0.040634920634920635,0.5023747300863901,165.12193932532918,NA,NA,1.800133,0.5023747300863901,0.500403,18.542808248826002,46,0.4302101075283936,-0.6473895323723153,-0.46531138451566845,0.9691989185343014,0.35365836460166794,0.5119246106288116,0.9813451427336322
Altus_O_14,523.787415752756,Altus,O,14,Altus_O_14.wav,Vocals/Altus/O/Altus_O_14.wav,Altus_O_14.wav,NA,NA,NA,NA,NA,NA,NA,NA,NA,NA,NA,NA,NA,NA,NA,NA,NA,NA,NA,NA,NA,NA,NA,NA,,,,,,,,,,,,,,,0.9896598639455783,44100,16,15966.36064069217,0.038035010539822195,0.47611580181763546,175.7814190299928,NA,NA,1.707333,0.47611580181763546,0.560495,17.987415644351003,44,0.4267628025195257,-0.8007503433551878,NA,NA,NA,0.48523193115155877,0.9812128412236004
Altus_O_1,246.78448938228232,Altus,O,1,Altus_O_1.wav,Vocals/Altus/O/Altus_O_1.wav,Altus_O_1.wav,NA,NA,NA,NA,NA,NA,NA,NA,NA,NA,NA,NA,NA,NA,NA,NA,NA,NA,NA,NA,NA,NA,NA,NA,,,,,,,,,,,,,,,1,44100,16,8799.909696753655,0.025306122448979593,0.5217042239471836,170.0220302500905,NA,NA,1.383202,0.5217042239471836,0.667048,14.692832611733065,58,0.2469659945308581,0.6183100111038201,0.7489589961661962,0.197711170050087,1.3774193228233196,0.5315708569080542,0.9814387248047025
Altus_O_2,264.7727540543265,Altus,O,2,Altus_O_2.wav,Vocals/Altus/O/Altus_O_2.wav,Altus_O_2.wav,NA,NA,NA,NA,NA,NA,NA,NA,NA,NA,NA,NA,NA,NA,NA,NA,NA,NA,NA,NA,NA,NA,NA,NA,,,,,,,,,,,,,,,1,44100,16,8390.167352646466,0.028662131519274377,0.4866730028318152,158.01517114110092,NA,NA,1.446221,0.4866730028318152,0.664533,16.479993843064833,75,0.16190626178501927,0.4144066374333304,0.42750689946020387,0.4544068302150127,1.1330597428722737,0.501427370129126,0.9705752653798868
Altus_O_3,277.38099243157495,Altus,O,3,Altus_O_3.wav,Vocals/Altus/O/Altus_O_3.wav,Altus_O_3.wav,NA,NA,NA,NA,NA,NA,NA,NA,NA,NA,NA,NA,NA,NA,NA,NA,NA,NA,NA,NA,NA,NA,NA,NA,,,,,,,,,,,,,,,1,44100,16,8147.529854249179,0.03882086167800453,0.5169904932776176,170.3114287369991,NA,NA,1.534885,0.5169904932776176,0.635519,13.221114511090036,68,0.18748537665594306,0.8529305058772111,0.854600026209738,0.11065390301163272,1.4114083109919242,0.5307127927390914,0.9741436429473447
Altus_O_4,293.9374309850761,Altus,O,4,Altus_O_4.wav,Vocals/Altus/O/Altus_O_4.wav,Altus_O_4.wav,NA,NA,NA,NA,NA,NA,NA,NA,NA,NA,NA,NA,NA,NA,NA,NA,NA,NA,NA,NA,NA,NA,NA,NA,,,,,,,,,,,,,,,1,44100,16,8770.225583765741,0.027346938775510202,0.541740730299687,123.92732098091771,NA,NA,1.677091,0.541740730299687,0.578326,17.647659777049153,64,0.25413379693460725,0.6108230355308328,0.6142640425825102,0.2966101985891905,1.2412822010460518,0.5517240432791239,0.9819052421204956
Altus_O_5,312.12793798797395,Altus,O,5,Altus_O_5.wav,Vocals/Altus/O/Altus_O_5.wav,Altus_O_5.wav,NA,NA,NA,NA,NA,NA,NA,NA,NA,NA,NA,NA,NA,NA,NA,NA,NA,NA,NA,NA,NA,NA,NA,NA,,,,,,,,,,,,,,,1,44100,16,11028.276325543216,0.015600907029478459,0.40223504259838416,138.45544046232618,NA,NA,1.102767,0.40223504259838416,0.759273,14.808794687629474,62,0.3512772886769726,0.6715397632747724,0.7157970718167105,0.1768734436942068,1.0678248064247133,0.407633189173587,0.9867573428303354
Altus_O_6,330.46945909955787,Altus,O,6,Altus_O_6.wav,Vocals/Altus/O/Altus_O_6.wav,Altus_O_6.wav,NA,NA,NA,NA,NA,NA,NA,NA,NA,NA,NA,NA,NA,NA,NA,NA,NA,NA,NA,NA,NA,NA,NA,NA,,,,,,,,,,,,,,,1,44100,16,10608.754837458693,0.04290249433106576,0.5293308941784425,144.63493234695244,NA,NA,1.604434,0.5293308941784425,0.613586,16.394566318396993,64,0.2955645839949095,-0.15795421725365233,0.12595939835917289,0.6968557862568318,0.8977058049292798,0.5407114304711783,0.9789526618980132
Altus_O_7,349.3771097419168,Altus,O,7,Altus_O_7.wav,Vocals/Altus/O/Altus_O_7.wav,Altus_O_7.wav,NA,NA,NA,NA,NA,NA,NA,NA,NA,NA,NA,NA,NA,NA,NA,NA,NA,NA,NA,NA,NA,NA,NA,NA,,,,,,,,,,,,,,,1,44100,16,9956.450313603944,0.029886621315192742,0.5237984422867568,167.2962669497865,NA,NA,1.590183,0.5237984422867568,0.589094,17.81144471372567,61,0.28810423258110074,0.057109049598604154,0.06430864724768409,0.7431232427309177,0.8452707090674755,0.5336224363581963,0.9815899905961879
Altus_O_8,371.58227189157105,Altus,O,8,Altus_O_8.wav,Vocals/Altus/O/Altus_O_8.wav,Altus_O_8.wav,NA,NA,NA,NA,NA,NA,NA,NA,NA,NA,NA,NA,NA,NA,NA,NA,NA,NA,NA,NA,NA,NA,NA,NA,,,,,,,,,,,,,,,1,44100,16,11600.330177352353,0.030793650793650793,0.5062758557721391,169.7390775181804,NA,NA,1.625239,0.5062758557721391,0.582997,16.771915277630182,59,0.32311851368608474,0.7678626687790339,0.7680831667560518,0.18313163250526904,1.3961554760991928,0.5158836293352115,0.9813760836422482
Altus_O_9,392.2134436485855,Altus,O,9,Altus_O_9.wav,Vocals/Altus/O/Altus_O_9.wav,Altus_O_9.wav,NA,NA,NA,NA,NA,NA,NA,NA,NA,NA,NA,NA,NA,NA,NA,NA,NA,NA,NA,NA,NA,NA,NA,NA,,,,,,,,,,,,,,,1,44100,16,14324.021636544145,0.029206349206349208,0.5088670750707546,98.42574324824585,NA,NA,1.577876,0.5088670750707546,0.602348,22.080670339869318,60,0.4273218969870597,0.7741107493315655,0.7741556394372449,0.15852962360019932,1.2453542121987375,0.5184620819533876,0.9814933295671646
Altus_O_10,415.305,Altus,O,10,Altus_O_10.wav,Vocals/Altus/O/Altus_O_10.wav,Altus_O_10.wav,NA,NA,NA,NA,NA,NA,NA,NA,NA,NA,NA,NA,NA,NA,NA,NA,NA,NA,NA,NA,NA,NA,NA,NA,,,,,,,,,,,,,,,1,44100,16,14614.050848076025,0.03346938775510204,0.47403000576519905,164.210033005037,NA,NA,1.605265,0.47403000576519905,0.598384,20.44811671688317,55,0.4027667835243882,0.9584150322545419,0.958771055726652,0.023593628175274405,1.120924068850807,0.48131518005426466,0.9848640255056068
Altus_O_11,443.633677384642,Altus,O,11,Altus_O_11.wav,Vocals/Altus/O/Altus_O_11.wav,Altus_O_11.wav,NA,NA,NA,NA,NA,NA,NA,NA,NA,NA,NA,NA,NA,NA,NA,NA,NA,NA,NA,NA,NA,NA,NA,NA,,,,,,,,,,,,,,,1,44100,16,15760.603810168363,0.03188208616780045,0.48846999316092427,167.56315504341535,NA,NA,1.695127,0.48846999316092427,0.569461,21.413449903550916,51,0.44199287400692766,0.8886283976005127,0.89015066940762,0.06580533773809966,1.1322964146027452,0.4980154100509025,0.9808330893033961
Altus_O_12,469.609660720106,Altus,O,12,Altus_O_12.wav,Vocals/Altus/O/Altus_O_12.wav,Altus_O_12.wav,NA,NA,NA,NA,NA,NA,NA,NA,NA,NA,NA,NA,NA,NA,NA,NA,NA,NA,NA,NA,NA,NA,NA,NA,,,,,,,,,,,,,,,1,44100,16,14605.303299067804,0.0545124716553288,0.5289659311693974,134.51827456691225,NA,NA,1.741739,0.5289659311693974,0.538902,19.18857770743928,49,0.36777031195532783,0.7427863848765789,0.7856046891857403,0.16386495054770886,1.364759438907081,0.540763812288607,0.9781829315292402
Altus_O_13,496.545750854102,Altus,O,13,Altus_O_13.wav,Vocals/Altus/O/Altus_O_13.wav,Altus_O_13.wav,NA,NA,NA,NA,NA,NA,NA,NA,NA,NA,NA,NA,NA,NA,NA,NA,NA,NA,NA,NA,NA,NA,NA,NA,,,,,,,,,,,,,,,1,44100,16,16184.688206413106,0.040634920634920635,0.5023747300863901,165.12193932532918,NA,NA,1.800133,0.5023747300863901,0.500403,18.542808248826002,46,0.4302101075283936,-0.6473895323723153,-0.46531138451566845,0.9691989185343014,0.35365836460166794,0.5119246106288116,0.9813451427336322
Altus_O_14,524.71488767322,Altus,O,14,Altus_O_14.wav,Vocals/Altus/O/Altus_O_14.wav,Altus_O_14.wav,NA,NA,NA,NA,NA,NA,NA,NA,NA,NA,NA,NA,NA,NA,NA,NA,NA,NA,NA,NA,NA,NA,NA,NA,,,,,,,,,,,,,,,0.9896598639455783,44100,16,15966.36064069217,0.038035010539822195,0.47611580181763546,175.7814190299928,NA,NA,1.707333,0.47611580181763546,0.560495,17.987415644351003,44,0.4267628025195257,-0.8007503433551878,NA,NA,NA,0.48523193115155877,0.9812128412236004
Bass_Doo_1,84.20620263899298,Bass,Doo,1,Bass_Doo_1.wav,Vocals/Bass/Doo/Bass_Doo_1.wav,Bass_Doo_1.wav,70.39200727695199,6.853956550202707,11.640573463394059,2.258629178169693,-0.9831128751952191,1.7897775991003086,11.843190585133671,1.666854577976649,-6.65888069227518,3.4264421569860066,15.772457876150947,3.9216887179322133,-15.593057507513812,3.926488113169897,18.609153138887194,3.7138067337394935,4.00065576522488,2.976203691179415,2.4366301623399975,4.4007508057942095,-3.6791093136953856,3.215818966699299,-1.1851030627946608,4.974869270577819,,,,,,,,,,,,,,,1,44100,16,3930.1303860053254,0.010158730158730159,0.46742003869855425,171.06048230458305,NA,NA,1.326935,0.46742003869855425,0.712753,10.247238791369766,45,0.10050085094119401,-0.6110459541116042,-0.5330647324285415,0.9891432965400894,0.30126965943885187,0.4737012426671275,0.9867401572915293
Bass_Doo_2,88.6026452498484,Bass,Doo,2,Bass_Doo_2.wav,Vocals/Bass/Doo/Bass_Doo_2.wav,Bass_Doo_2.wav,70.746628244338,6.015069456016569,11.512984777186366,1.5047141190022593,-1.7567798521388494,1.7368017292612319,11.1908810240506,2.272172214665265,-6.205576060656753,2.8137770239340885,14.76830361860848,4.4172285482224245,-15.244867016757425,3.1416003356517535,22.320463031314915,3.685806420229786,-0.2614149197158526,3.120679912240476,1.4427838988510564,3.8827641657308347,-5.661988602527815,3.0284304153099124,-2.296264414532884,5.378244099637261,,,,,,,,,,,,,,,1,44100,16,3750.6821259766048,0.007868480725623583,0.5015962029733939,174.90414579810866,NA,NA,1.156038,0.5015962029733939,0.756096,12.08680727231549,40,0.09640489983500902,-0.6564210630365725,-0.5932770037389556,0.9917133082254886,0.25315912249211686,0.5082764714133368,0.9868570181472941
Bass_Doo_3,93.57082544818546,Bass,Doo,3,Bass_Doo_3.wav,Vocals/Bass/Doo/Bass_Doo_3.wav,Bass_Doo_3.wav,74.40264109879118,6.046451598721214,9.715584699067326,0.9659450115484555,0.44635380159770915,1.4127515041620966,16.523717893772197,1.8955578920471456,-7.134684175198193,2.6589520151581074,19.545255501580186,4.046560335586041,-9.975031293383372,2.3657133414499656,20.78171825810781,4.634408954654216,2.4064398532012077,2.8009707347494244,3.8220616696627645,3.7115612567818768,-9.709898016389825,4.255593984526626,-0.2140035243004867,5.699010406019342,,,,,,,,,,,,,,,1,44100,16,7160.804594914803,0.008253968253968255,0.44022317356403456,152.43336528815914,NA,NA,1.132232,0.44022317356403456,0.761693,15.064657264434596,41,0.20529098418375868,-0.49601938508830934,-0.4196293438168885,0.9856102829035002,0.40293566001641384,0.4439355415760454,0.9916375967582336
Bass_Doo_4,99.02650809685,Bass,Doo,4,Bass_Doo_4.wav,Vocals/Bass/Doo/Bass_Doo_4.wav,Bass_Doo_4.wav,74.58804734728564,5.942118794069641,9.952925603549849,0.91336875859068,0.9031319148328297,1.3742113700817347,16.321088553762266,1.6693189173401044,-5.892326288535476,2.7525527220148516,19.53575454608448,3.2786096486533323,-11.084393571935644,2.609856273255778,22.52718212820997,4.186912945495208,-2.7108910105171637,2.5396707834839245,0.22341944118940504,3.689095433196681,-10.898142970528477,3.689932419370082,-0.47745358656108605,5.084102589941615,,,,,,,,,,,,,,,1,44100,16,6114.118539802783,0.005578231292517007,0.4653572341008644,173.6062001267344,NA,NA,1.261386,0.4653572341008644,0.728553,13.755468436060442,44,0.16904391943863342,-0.45927102186791047,-0.3687863743621265,0.9812898236436027,0.45252021716849605,0.469884187181738,0.9903658109713687
Bass_Doo_5,104.54184957558904,Bass,Doo,5,Bass_Doo_5.wav,Vocals/Bass/Doo/Bass_Doo_5.wav,Bass_Doo_5.wav,77.9339524095598,5.407518083507186,14.468575362719987,1.4385113794964204,1.6657389356131918,2.633749259459311,11.593824661023316,1.8499209478861343,-5.023112398788563,2.003532793622779,23.601193692316524,3.429307743124355,-11.427198562935219,3.4869306039034527,15.886837835314056,2.8307477510998353,4.907555967348639,3.072551820101397,-1.5529030248274034,3.4584240200134637,-15.100943378714494,2.4836430925237116,4.686339700258885,4.619066757335517,,,,,,,,,,,,,,,1,44100,16,9129.651044807728,0.00854875283446712,0.4498049135331474,204.13421428506373,NA,NA,1.28962,0.4498049135331474,0.720518,13.430337776852904,39,0.24556125819588617,-0.6746396723196924,-0.6701635868562081,0.9938776840791463,0.19627840829495205,0.4574423557288236,0.9833040336120432
Bass_Doo_6,110.63775396238914,Bass,Doo,6,Bass_Doo_6.wav,Vocals/Bass/Doo/Bass_Doo_6.wav,Bass_Doo_6.wav,79.21597937342688,4.854418089036086,15.011074128018485,1.4449916269772685,1.6986514026783182,2.5954910326672924,10.775389424231804,1.584631139232337,-3.9236937949782003,1.9250573366932153,23.510071383589008,3.2904752577000353,-9.599338334494679,2.8840618841742462,21.297937772951503,3.7938701729181075,2.9782995958318352,3.975532269870695,-4.945005478114786,2.7111733805708056,-13.853270995095011,2.938113863305291,2.2971807603523073,4.955544568230545,,,,,,,,,,,,,,,1,44100,16,11216.743577341742,0.007210884353741497,0.43960674708526537,170.0693740173741,NA,NA,1.113408,0.43960674708526537,0.760237,12.025507832241926,38,0.26728580792728035,-0.7883694241663294,-0.7721940881453921,0.9973505399269792,0.128203987761024,0.44783034080843825,0.9816368098054111
Bass_Doo_7,117.202397753003,Bass,Doo,7,Bass_Doo_7.wav,Vocals/Bass/Doo/Bass_Doo_7.wav,Bass_Doo_7.wav,78.14759796364888,5.689411430234478,12.853988230106076,0.7647587011179691,3.9110014201278527,3.292615802496365,18.85200132854657,3.287424120626943,-8.027804356820473,2.983405324273541,18.046820933049418,4.09225336664947,-8.63955701341639,3.0082298027201753,16.168599868224465,2.531891843013619,9.463448169653386,3.1502769700852404,9.055170589616992,4.838894656002946,-15.299891836557117,3.355761556088824,-3.461047760707886,4.627473409636835,,,,,,,,,,,,,,,1,44100,16,11929.806591939881,0.014875283446712018,0.42554010315086654,177.35402909015363,NA,NA,1.114437,0.42554010315086654,0.766582,12.696088299362506,36,0.3093797701574651,-0.7903589224372104,-0.7700959189510751,0.9980115346784633,0.12962400641680769,0.43140753770964907,0.9863993230393404
Bass_Doo_8,124.26423374975484,Bass,Doo,8,Bass_Doo_8.wav,Vocals/Bass/Doo/Bass_Doo_8.wav,Bass_Doo_8.wav,78.95605753715081,5.801756650919804,12.771502530525709,0.7146342508261994,4.3600669664763965,3.2409463459194137,17.8681211700914,2.8117038915892785,-8.369320119240747,3.045802790640796,17.079963253781862,4.26732103931813,-8.346273865890138,2.75823251215976,18.788864066742295,2.7844417813594866,6.382347309283368,3.5711322409338155,4.952726857654214,4.854337826084192,-17.853196669797015,2.980745332928664,-0.42552793871129724,4.28835568332916,,,,,,,,,,,,,,,1,44100,16,11382.402237712566,0.011224489795918367,0.43438175090753983,164.89282868890578,NA,NA,0.890947,0.43438175090753983,0.807784,12.794672572525775,40,0.32319345256090737,-0.7893953170695578,-0.7649010525103112,0.998041349206902,0.13294709661824564,0.43896470033035945,0.9895596401729557
Bass_Doo_9,131.13651991062648,Bass,Doo,9,Bass_Doo_9.wav,Vocals/Bass/Doo/Bass_Doo_9.wav,Bass_Doo_9.wav,77.92050938440674,6.156324705280038,11.461902232612545,1.0761304330663513,7.3700236808659305,3.649984933744051,22.596120288323363,2.502780852060822,-7.5316743364723475,2.684281825577731,11.691585249154874,4.1283001614117065,-13.833173974030851,3.315332094314407,12.285060335348206,3.2400715592704095,9.352114672855773,3.2213071457126974,12.146656803597764,5.503274405433638,-24.32164060514479,3.165309958261328,0.7638978613328199,4.254571127384408,,,,,,,,,,,,,,,1,44100,16,10587.46374031962,0.012562358276643992,0.4437430206532933,120.88518379204793,NA,NA,1.492964,0.4437430206532933,0.642314,14.493583715134129,38,0.2396495905772325,-0.5680397385092264,-0.5438918526975203,0.9908894229680552,0.292736008744344,0.4500519877187699,0.9859816926985355
Bass_Doo_10,139.02931934425197,Bass,Doo,10,Bass_Doo_10.wav,Vocals/Bass/Doo/Bass_Doo_10.wav,Bass_Doo_10.wav,77.99162885845162,6.026170147503096,11.363537324182595,1.0534345864954138,6.785196425825048,3.4973367452084037,22.034642364327034,2.3766317222330713,-9.718577669542372,2.7608090348129064,11.695066154550728,4.045811193485118,-13.246958735015033,2.938501819932458,16.27724092869504,3.4175830833870604,6.91957178979346,3.784714606223644,5.121723085659712,5.407237340683827,-26.915252034262053,4.137658848634761,6.491996221316648,3.8511312919294123,,,,,,,,,,,,,,,1,44100,16,8880.815255884681,0.016054421768707482,0.46169266335790043,169.7944143564278,NA,NA,1.679478,0.46169266335790043,0.595609,14.590656102593048,42,0.19846056678153934,-0.5611767795419196,-0.5363441703488385,0.989719783576459,0.298689158479455,0.4705758428208477,0.9811227465275366
Bass_Doo_11,147.11493691978728,Bass,Doo,11,Bass_Doo_11.wav,Vocals/Bass/Doo/Bass_Doo_11.wav,Bass_Doo_11.wav,79.45374454181963,6.160899571698138,10.868450126309408,0.7529625897767838,6.8377401214609845,3.128899960762847,23.737251761312432,3.0548424171375124,-13.82404622280461,3.0564710618369113,14.081655044373816,4.235454293314147,-9.66469076235528,3.4310528660737183,12.470182481954083,2.4849441252660114,9.160647177716074,4.324550801187655,12.677026949250106,4.775116715854452,-20.53582484654943,3.4647094149102067,0.6202549808316854,4.177225593143924,,,,,,,,,,,,,,,1,44100,16,11373.273950081466,0.01437641723356009,0.4470186254199542,162.12681898672443,NA,NA,1.535926,0.4470186254199542,0.637472,10.812151299457494,40,0.2865369088103178,-0.7748564775446494,-0.7354337771617969,0.9977982434352619,0.15211396475870798,0.45598448272505804,0.9803373631235826
Bass_Doo_12,155.82324922421523,Bass,Doo,12,Bass_Doo_12.wav,Vocals/Bass/Doo/Bass_Doo_12.wav,Bass_Doo_12.wav,80.56140141033069,5.749631612260604,11.295047528917543,0.7775033284180364,8.401382117871803,3.2137116298379564,22.56708274606298,2.6353881653344207,-14.405075904506422,2.8790570678688114,13.788810744581411,3.870326223814629,-8.60911308436932,2.6034199764966335,16.8512443608728,3.3722082947544543,9.95506478409152,4.279576594475258,7.3426089768120795,4.122078792920254,-22.275082110488462,3.2829921133283526,6.3789897243433495,4.447920903552855,,,,,,,,,,,,,,,1,44100,16,13563.609702569229,0.009886621315192743,0.43585265015605895,169.17855722598534,NA,NA,1.366105,0.43585265015605895,0.689858,12.494742398172134,41,0.34797978599498425,-0.7539614640489308,-0.7340361281272066,0.9973588885041463,0.15297341694938954,0.4408610311636962,0.9886395470372668
Bass_Doo_13,165.90761248968084,Bass,Doo,13,Bass_Doo_13.wav,Vocals/Bass/Doo/Bass_Doo_13.wav,Bass_Doo_13.wav,79.13282924497864,5.69612442336622,10.789711097188817,1.174528590443358,7.486433174411713,4.032414282813087,23.115977575676094,3.4924986663696784,-12.37243484796284,2.4503790273605994,16.530146346363196,2.594648673110536,-5.957130284106863,3.2264159503759715,13.177527378861612,2.9802558457698702,5.6048627181059985,2.9836905404390563,18.0104790644619,4.006910504492915,-11.439621823387261,3.2151654948298014,-0.1257764539567544,2.8912030345652497,,,,,,,,,,,,,,,1,44100,16,14034.208429485047,0.008571428571428572,0.40752653168307357,157.92693722047883,NA,NA,1.117773,0.40752653168307357,0.752858,11.280054085953426,43,0.3846970666855713,-0.8012237746439699,-0.6721186283572957,0.9969743065937863,0.19549408612213326,0.4121915653243017,0.9886823651096359
Bass_Doo_14,175.38067718295588,Bass,Doo,14,Bass_Doo_14.wav,Vocals/Bass/Doo/Bass_Doo_14.wav,Bass_Doo_14.wav,78.02449685892691,6.132031401754498,9.281573820965253,1.1849181983605415,7.096722252744781,3.6661510189497024,22.030166721430266,2.9405404886614637,-12.252646491769447,2.404450782348098,17.563683609357334,3.0497568222984963,-5.984965377087082,1.970805861362672,15.676581157766574,3.448163773895442,4.748374450622046,2.7335351500262886,11.32785259839752,2.9082628204161285,-19.178603197155578,3.0202996701967852,-0.3701464404015428,2.381957660668336,,,,,,,,,,,,,,,1,44100,16,11489.635332226844,0.01578231292517007,0.4189086021651551,137.43052957533422,NA,NA,1.1469,0.4189086021651551,0.741107,11.022075336694368,43,0.31316997183261847,-0.7435565956099107,-0.7027179026265106,0.9973047558082625,0.17412211915426645,0.4250858639710368,0.9854682022399536
Bass_Doo_15,185.0596669828631,Bass,Doo,15,Bass_Doo_15.wav,Vocals/Bass/Doo/Bass_Doo_15.wav,Bass_Doo_15.wav,79.34827348927973,5.6556099082883184,9.429027803831186,0.9034134907183119,6.050056770554192,2.50922211061427,24.63160550777551,3.7584558291787737,-11.39622282719026,3.381001931317385,15.35282090072967,3.0686500952017477,-8.520640871666107,3.5561096648881985,13.57492682251328,5.337692460381526,10.70290908813721,3.16511365683393,18.121343840372766,5.483348082500212,-20.20376138216867,3.1749824465289143,-0.9851338793997736,3.373433874876692,,,,,,,,,,,,,,,1,44100,16,14272.379707910022,0.009024943310657596,0.4121327755133426,148.80475314916032,NA,NA,1.293406,0.4121327755133426,0.698545,15.339064806959565,46,0.4321774185469378,-0.2714323743302672,-0.22294823449777973,0.9667515088946698,0.6142663651638824,0.41516582994796947,0.9926943543619497
Bass_Doo_16,196.00571018473383,Bass,Doo,16,Bass_Doo_16.wav,Vocals/Bass/Doo/Bass_Doo_16.wav,Bass_Doo_16.wav,80.84554150610134,5.045828718471678,10.558412583048737,1.2300691863690174,8.137458107414757,2.9029550645017217,23.869288897418294,3.0880566778170295,-11.760338646727845,3.213163936760375,15.862002588505508,3.511313727516083,-8.070623977972538,3.378749867833254,16.186462300227237,4.587102104578979,8.63368088764007,2.8618121572589112,8.799152092094847,4.5824345389419845,-25.40850983158604,3.953845347935174,2.0522986202992297,3.7910954142864295,,,,,,,,,,,,,,,1,44100,16,18273.759021372367,0.009024943310657596,0.3988448024019511,169.13015378549656,NA,NA,1.123549,0.3988448024019511,0.748061,14.96915876042005,43,0.5333479085151246,-0.4805463632210551,-0.3344371947966406,0.9778646494342946,0.4877189737549777,0.4016340081229095,0.9930553547146216
Bass_Doo_17,207.4392503797946,Bass,Doo,17,Bass_Doo_17.wav,Vocals/Bass/Doo/Bass_Doo_17.wav,Bass_Doo_17.wav,83.11410937948817,5.232794285970826,12.023336546329539,1.2332635535849101,3.6835607447286884,3.193670494271021,26.903099416356948,4.424944450298836,-14.49504784082709,4.236685687508394,7.564361039784233,5.538428179906156,-9.581456455101884,3.2099796366458726,9.648717981218628,2.842218362329285,2.514894023836289,4.148337587417784,8.306681021489718,3.5646140714281134,-20.003775213066206,3.839437801815774,0.26510597106120865,3.5954256290982243,,,,,,,,,,,,,,,1,44100,16,13244.195345015823,0.011043083900226758,0.4657175753037123,131.24177473611567,NA,NA,1.743929,0.4657175753037123,0.551644,14.39191290479127,58,0.3887381187902138,-0.6546285069840294,-0.628138561846942,0.9947556249775935,0.22719887974116215,0.4692947178612236,0.9923776202429596
Bass_Doo_18,219.75524731281345,Bass,Doo,18,Bass_Doo_18.wav,Vocals/Bass/Doo/Bass_Doo_18.wav,Bass_Doo_18.wav,84.09628101429115,5.0365785885975,11.734445957999926,1.3199817689852635,4.534240511683684,3.199813234354355,24.326198473372266,3.250719589835261,-15.149793767117924,4.349741023462406,10.373078525521452,5.243306079667523,-5.369649162759225,3.177789479691235,14.018894135259231,3.3819146161154316,4.365233337945869,5.31589972704207,1.9155220319972568,3.8143059047928114,-24.03735265129832,4.362840815530393,-0.3561064097859064,4.75674166820544,,,,,,,,,,,,,,,1,44100,16,18108.26844885805,0.009977324263038548,0.4332238492374963,101.79407530339985,NA,NA,1.490594,0.4332238492374963,0.650784,14.469772882895697,55,0.5459680690047617,-0.8093457513740872,-0.8025258468369882,0.9986692690869226,0.10940834415713031,0.43570562686724496,0.9943040037201428
Bass_Doo_19,233.77511826400615,Bass,Doo,19,Bass_Doo_19.wav,Vocals/Bass/Doo/Bass_Doo_19.wav,Bass_Doo_19.wav,82.85001584240337,4.561880286299595,10.532551053196714,0.9977727109266866,1.7140513158146637,2.0238955548431887,21.940847313250103,3.1191416513877974,-14.869500045945383,2.705585015491588,10.150130117541547,4.473941826351448,-11.206744040644049,4.041248306304475,5.6401259482623205,3.2757762515356865,8.465690293853351,5.0510656950860415,16.10079951733924,4.38064493014164,-8.444952543929812,4.919385681514453,7.202909491560823,3.8967070000483535,,,,,,,,,,,,,,,1,44100,16,16588.068957068044,0.01072562358276644,0.42169172720201137,156.70074310761123,NA,NA,1.476479,0.42169172720201137,0.630339,13.88586626479893,57,0.5101075798242447,-0.13794721951932465,0.06932588584100574,0.8978926483127483,1.031660639250495,0.42363553607807164,0.9954116009859426
Bass_Doo_20,247.73588431073648,Bass,Doo,20,Bass_Doo_20.wav,Vocals/Bass/Doo/Bass_Doo_20.wav,Bass_Doo_20.wav,84.15494912226103,5.235116489525346,10.914667915324314,0.7322090376050959,3.2232823148698775,1.6260638686944038,20.446236251402212,2.882647808767778,-18.057258590574424,3.564721224708206,6.445528534841785,4.2666992118373255,-12.649780279783077,4.050290388175957,8.547119820907474,3.553888069556727,9.101979055768227,4.146779969401113,10.442039796228922,5.670111579109157,-11.398620030715698,3.9990762971266305,1.5892952924571666,2.84335818576889,,,,,,,,,,,,,,,1,44100,16,20568.401942724176,0.011315192743764172,0.4035603055936774,143.6571252126947,NA,NA,1.23552,0.4035603055936774,0.728874,13.207258422022393,59,0.63422568441998906,-0.9475702873703894,-0.9077605634708293,0.9997928844052187,0.04833957367041555,0.40650968361515677,0.9927446303486548
Bass_Doo_21,261.7607867723645,Bass,Doo,21,Bass_Doo_21.wav,Vocals/Bass/Doo/Bass_Doo_21.wav,Bass_Doo_21.wav,83.17428065844288,5.647484781695477,9.112834429182104,1.069297261089464,0.603423135437375,1.7173116934700112,19.328401997659636,2.310307857995815,-14.472354290681848,3.5225326550897167,7.961128089922197,3.233565384839274,-9.546954881403247,3.207543496537933,7.26133524859051,2.9301944448118005,8.288596960890082,3.360002748647153,16.49835283605619,5.351124107947671,-22.86784382606916,4.624552310130353,-2.490569706340761,3.859026711416016,,,,,,,,,,,,,,,1,44100,16,18796.931591441367,0.01199546485260771,0.3845830896285685,128.16447875459139,NA,NA,1.624487,0.3845830896285685,0.603051,14.57393564998122,54,0.5957641809069039,-0.7395681897241316,-0.7251790416687497,0.996897919118514,0.15880580210710887,0.38719931736801433,0.9932432015706287
Bass_Doo_22,277.5240999722428,Bass,Doo,22,Bass_Doo_22.wav,Vocals/Bass/Doo/Bass_Doo_22.wav,Bass_Doo_22.wav,83.01813511475193,5.365966691867948,9.265753275075662,0.893232215242083,-0.4544117231316905,1.760921565749036,17.763495737895727,2.613713806099121,-16.99099560859965,3.907953555738002,8.552539134789713,4.229068261823973,-11.160109401290363,3.220820956017204,10.554422701400059,4.198377817384353,6.751988881100524,3.59213600205963,5.7409737185663845,3.692062104225488,-28.418357295208878,4.199748804543755,1.3097682554490442,4.742730592871809,,,,,,,,,,,,,,,1,44100,16,12613.014460676532,0.013197278911564626,0.453727190243469,148.11897575672208,NA,NA,1.703114,0.453727190243469,0.572254,15.198924241843997,58,0.38574358151660737,-0.7901513043735616,-0.7908724237908098,0.9979566457280462,0.11653552297220365,0.4567690816854215,0.9933404173707898
Bass_Doo_23,292.4870451154447,Bass,Doo,23,Bass_Doo_23.wav,Vocals/Bass/Doo/Bass_Doo_23.wav,Bass_Doo_23.wav,85.88101199011895,5.574347246314972,10.625404444985406,0.8287535809583368,-6.147240308972318,1.5824838686746572,20.780701082576464,2.2883172766557713,-9.628562456788831,2.191346024939138,7.813294563479331,4.142084082685217,-10.667924987206616,2.438654529024322,7.548878429705415,2.9871071424845708,2.900755297977094,3.6522103127743066,-2.1167772410269245,4.261299009413544,-28.56659660789142,2.7540593806644673,-6.453488464221161,4.198631928409961,,,,,,,,,,,,,,,1,44100,16,16389.346736844873,0.014285714285714285,0.4374738389443957,118.94340034624591,NA,NA,1.791637,0.4374738389443957,0.522612,10.116707683746277,61,0.5160167492250913,-0.21404481816397541,-0.20842078746140946,0.9225956471137825,0.6043487032096272,0.4404941782893958,0.9931432933876011
Bass_Doo_24,309.700912423901,Bass,Doo,24,Bass_Doo_24.wav,Vocals/Bass/Doo/Bass_Doo_24.wav,Bass_Doo_24.wav,85.75538626935064,4.985144128335143,9.460042339279806,1.2463232561806146,-7.108425006044301,2.552036792048719,20.151364864591063,2.4484633885307794,-11.160582047708498,2.56087824141256,7.933981360661148,3.571646373576546,-11.813322459707772,3.419084376742733,8.401606406287309,3.25559222781825,-1.8438477005397316,2.6477046249287137,-10.358039448070567,4.050467036477394,-28.236866066825666,2.7217611456422484,-0.2137344250921697,3.981467760111543,,,,,,,,,,,,,,,1,44100,16,12919.756437807711,0.01655328798185941,0.48238126560714256,127.50257051237747,NA,NA,1.848586,0.48238126560714256,0.497378,10.369807627339897,63,0.3658185107696061,-0.18706380623179988,-0.1822709617596805,0.8998151734218572,0.6223657859794989,0.48651811397999867,0.9914970311402914
Bass_Doo_25,329.44381515860795,Bass,Doo,25,Bass_Doo_25.wav,Vocals/Bass/Doo/Bass_Doo_25.wav,Bass_Doo_25.wav,79.89168671708462,4.5485720541934125,11.193103567840081,0.9551168027686815,0.011952216244142808,2.8131689547398664,10.643300117504532,1.7369264611459285,-13.059351413214257,3.2189380035855413,7.249838934807224,4.458741725603564,-11.59902773570003,2.3921570244089296,11.042445419663448,2.1572827018107708,1.4676141649893584,2.008200201711345,4.680142832442335,4.000478088922143,-26.067618215440614,2.8734280494316566,0.5058357197002064,4.067986740447757,,,,,,,,,,,,,,,1,44100,16,13205.30327400612,0.014920634920634921,0.39198527309587344,162.70726228677404,NA,NA,1.213619,0.39198527309587344,0.738355,13.625059701799445,49,0.41412314060140476,-0.9183751020682289,-0.8689147924390106,0.9992716297104625,0.07008865761047199,0.3940489597029029,0.9947628675162971
Bass_Doo_26,349.1760829595409,Bass,Doo,26,Bass_Doo_26.wav,Vocals/Bass/Doo/Bass_Doo_26.wav,Bass_Doo_26.wav,79.58319570715427,4.911451634156657,10.369882883554208,0.6091122669927074,-0.3727795667888018,2.312195942240444,10.668873690814168,1.744532471517358,-10.899981658912342,2.7685682501439404,8.637618299172694,4.031116473703666,-10.402806283592712,2.57361614270945,11.7884001957279,2.4852977973025223,-1.646998648984135,2.1037980001813934,-7.7397777908566425,1.920127585048226,-31.620229162507023,4.019415749704535,-0.43719589298107076,4.265552801495811,,,,,,,,,,,,,,,1,44100,16,16675.767917980593,0.01578231292517007,0.34532839314505465,131.0287679548137,NA,NA,1.213308,0.34532839314505465,0.730171,13.383376089780562,47,0.5387168736001107,-0.8671511620891579,-0.8576256043922833,0.9992022513912602,0.07658207137936204,0.34707149674561283,0.9949776814953035
Bass_Doo_27,369.7006873430441,Bass,Doo,27,Bass_Doo_27.wav,Vocals/Bass/Doo/Bass_Doo_27.wav,Bass_Doo_27.wav,81.78294465714163,5.495297384775568,7.45191500769775,1.214148463486416,-4.318293701169977,1.457450089126954,12.001115785164899,1.926569732707149,-16.878854630663234,2.9992247683792033,6.845056138556889,4.746406807597577,-13.375190118276182,3.452135325798003,8.646769925620124,2.253979387015715,-5.497333488586603,2.862451322492541,-6.241359092075955,3.4124514961984187,-33.99032754964526,3.5404214464608845,2.6946518972921982,3.2392982295092394,,,,,,,,,,,,,,,1,44100,16,8524.323862496409,0.01868480725623583,0.4927024123995491,145.40373816842902,NA,NA,1.92329,0.4927024123995491,0.469887,15.132969332083974,53,0.24551135704845406,-0.7661566979896608,-0.758601204871314,0.997478615253053,0.1369213982236166,0.49654411962506145,0.992263110016461
Bass_Doo_28,392.29189879959984,Bass,Doo,28,Bass_Doo_28.wav,Vocals/Bass/Doo/Bass_Doo_28.wav,Bass_Doo_28.wav,83.88701428748854,5.172312180290883,9.039710731576456,1.1871847209688164,-2.129638778005205,1.3970103871149606,11.781259778455782,1.5862043987382355,-16.341571102766707,2.9105435843917307,6.88663361766953,4.352648903909005,-11.945459034554245,4.185705889658899,8.779436668943108,2.9958194284548383,-6.704823698842768,3.4435451683702616,-14.730495409098582,3.0140390847515124,-32.23853161839982,6.1710344878524825,5.686743321017737,4.810543535526838,,,,,,,,,,,,,,,1,44100,16,14216.006194849078,0.017891156462585035,0.4349574955760908,106.98229158347063,NA,NA,1.578772,0.4349574955760908,0.625805,15.924266859281056,53,0.44646391841742206,-0.8330549871007411,-0.8257797195482105,0.9979932893690232,0.09523091362078415,0.43744944231790994,0.9943034634388489
Bass_Doo_29,415.305,Bass,Doo,29,Bass_Doo_29.wav,Vocals/Bass/Doo/Bass_Doo_29.wav,Bass_Doo_29.wav,87.21193458075346,5.154526214912893,7.869286467534715,1.0004548073356123,-7.609826379810954,2.1894517040532024,11.691790030929722,3.102435572007309,-14.471567335168638,4.332247660593084,9.29684525509971,3.98143653002803,-14.336793423184796,5.575522418961195,6.06259620156473,3.850383819946674,-9.926421655263356,2.942737003196381,-10.364536940503111,4.249215530693807,-30.250989689143154,3.1733658298390632,1.401922659947276,3.172907113145894,,,,,,,,,,,,,,,1,44100,16,15848.44722935236,0.01888888888888889,0.4562276850280849,141.60790532625012,NA,NA,1.711544,0.4562276850280849,0.555518,19.02162491865071,48,0.4618928850523989,-0.8203978863639508,-0.8179536980733118,0.99873210672321,0.10001106564875725,0.46001495312794694,0.9917670761045704
Bass_Doo_30,440.651213941226,Bass,Doo,30,Bass_Doo_30.wav,Vocals/Bass/Doo/Bass_Doo_30.wav,Bass_Doo_30.wav,86.89143464297958,5.060586944048498,7.355890617629604,1.2955489637016826,-8.321655133929887,1.9385970650077278,10.19585440661873,2.8957070993205307,-17.47815811642414,5.406706779589571,8.68427488351615,2.965706794346824,-14.970378997956924,6.654143772595108,7.123591899058605,3.9554867457208402,-14.571780846535168,3.161392169382629,-16.170180072384177,4.702059028274814,-29.023984486814346,3.1702548174966014,7.543591694616995,3.614671039170331,,,,,,,,,,,,,,,1,44100,16,13885.595029758084,0.020294784580498867,0.4645982785316001,141.70330144065088,NA,NA,1.851095,0.4645982785316001,0.499611,19.174624306043846,51,0.39559474470855666,-0.8134768785956599,-0.8088020345826403,0.9984977510061652,0.10554540232493632,0.46831295169892456,0.9920679683236422
Bass_Doo_31,466.064234137494,Bass,Doo,31,Bass_Doo_31.wav,Vocals/Bass/Doo/Bass_Doo_31.wav,Bass_Doo_31.wav,91.02433712508568,5.426130773434715,4.0527534547945345,1.548466783254642,-20.822647374928618,2.0067837931036783,10.914504421449172,1.8838363861189618,-7.14396305091145,2.7926930565324684,14.705727615166593,3.4994151421033797,-20.211435014974956,4.492502854701514,-10.14975401598349,3.98654425256351,-8.165932156229935,4.809372194848347,-9.445103562498307,5.836056545777492,-28.09535751678206,3.0539508085887612,-10.483695780633605,3.71363689479115,,,,,,,,,,,,,,,1,44100,16,9592.202963544938,0.046054421768707485,0.5968273166097355,123.38673809368358,NA,NA,2.206216,0.5968273166097355,0.229343,15.099748320292626,48,0.2630087042678626,0.6302878256878334,0.6311372300932616,0.22810906971039302,1.0087144230376937,0.6034802162247468,0.9889757784329195
Bass_Doo_32,493.589905738832,Bass,Doo,32,Bass_Doo_32.wav,Vocals/Bass/Doo/Bass_Doo_32.wav,Bass_Doo_32.wav,92.70615711812704,5.372582268306615,5.1540521327226285,1.4091503165350932,-18.846461650551294,1.4476224557219695,11.745394274064585,1.6684429993235148,-8.888337391513385,2.8447416803311962,13.829192644645468,2.9594663297104287,-22.305969819037543,4.033105087628743,-7.003862910349642,2.9633031943660164,-9.187233224120066,3.6948940788978426,-14.581258168913058,7.143217528779953,-24.858165856090366,3.7060827186350744,-4.253575448147388,3.6527632883221957,,,,,,,,,,,,,,,1,44100,16,12537.297965239823,0.03507936507936508,0.567015630276044,145.0061723461934,NA,NA,2.197409,0.567015630276044,0.256364,16.452684396039533,48,0.3668867946970217,0.6628798824614963,0.6633442013665515,0.26822293848727313,1.3252320952655532,0.571693103082278,0.9918182101882713
Bass_Doo_33,520.204641696734,Bass,Doo,33,Bass_Doo_33.wav,Vocals/Bass/Doo/Bass_Doo_33.wav,Bass_Doo_33.wav,88.64380498259558,5.618910372496655,3.9904365561065793,1.502026703750035,-19.733578669939885,2.2020432149407596,13.307632851228222,2.4731711699599086,-6.6799468640184045,3.330973929909044,10.571827452625708,3.4432233236267704,-18.138599123412472,2.509225978742204,-8.087277880960324,3.0246305539399474,-17.110880416559777,4.141080034901914,-9.675513341528939,3.9016437510107718,-24.3202810262767,3.672394537405437,-3.5097535325894973,3.391567585711026,,,,,,,,,,,,,,,1,44100,16,10456.061375244275,0.026825396825396825,0.550923421113798,147.29387481309095,NA,NA,2.132426,0.550923421113798,0.29412,13.927438227832543,48,0.28632771049535366,0.1357968044546518,0.13291189213450802,0.7726715664200192,1.0095500080912547,0.5572598050185585,0.9886293900121693
Bass_Lah_1,84.46775361409728,Bass,Lah,1,Bass_Lah_1.wav,Vocals/Bass/Lah/Bass_Lah_1.wav,Bass_Lah_1.wav,76.13455039579385,11.829658774253087,14.7184696226675,3.8051146718851396,-1.979330673537649,3.0315884086479645,11.908770085452824,3.653061905536448,-6.906822481253982,2.723851925878149,10.491778131050943,3.333465632677995,-11.428986273062167,5.483508780339291,15.042206849570546,5.035728525953421,3.555235704103324,3.2195385200457696,13.829562494841166,3.9191250504252015,-5.972370971434878,3.753825241443369,-7.1398579609946635,4.9010810611543985,,,,,,,,,,,,,,,1,44100,16,10248.372633041185,0.005419501133786848,0.4279965902279793,165.7251867002861,NA,NA,1.046842,0.4279965902279793,0.777345,13.573434073856465,42,0.2839665303737646,-0.7231912840491695,-0.6804537920703388,0.993361148199724,0.18889230367995113,0.43414691246987586,0.985833546052632
Bass_Lah_2,88.48591153235816,Bass,Lah,2,Bass_Lah_2.wav,Vocals/Bass/Lah/Bass_Lah_2.wav,Bass_Lah_2.wav,77.40033189021915,8.220120681185497,15.090046297471991,2.1537329762308817,-2.4569915648764513,2.500072985208679,11.11307721622499,3.709803779992899,-7.578313710997753,2.319312706180662,10.757855334733017,2.4950718596724277,-11.21650954309243,3.7381962260330326,18.083022288938633,4.644601651928534,3.2931722720072156,2.9311021083979316,13.029533792306102,3.1268511113628485,-11.625951511275433,3.4385948285956713,-0.44668930776925286,4.698534107632339,,,,,,,,,,,,,,,1,44100,16,9844.029578054891,0.0053741496598639455,0.4573752786527704,175.30810795509717,NA,NA,1.025548,0.4573752786527704,0.783295,14.131351175720843,46,0.28515035132882344,-0.7538473537674767,-0.7318957404968809,0.995588622698068,0.15412102715929993,0.4632741381947391,0.9872670217142812
Bass_Lah_3,93.65798825589413,Bass,Lah,3,Bass_Lah_3.wav,Vocals/Bass/Lah/Bass_Lah_3.wav,Bass_Lah_3.wav,79.67035335078741,7.2384363405807,14.677691892499244,1.634723921342655,-1.2231736647400042,1.283607732509587,12.87648603897041,3.3523186151992674,-6.431177843333876,1.8585529608025575,11.848972859472537,2.2793657013565163,-13.87332243289729,3.180732482597697,20.100761559432833,2.812863138457767,6.332868269866346,3.123612668421093,5.403769334244581,2.587277453655643,-5.527126044089846,3.7667779265019683,4.881528160025838,3.013917521377925,,,,,,,,,,,,,,,1,44100,16,14969.084726684785,0.00528344671201814,0.40126843837533566,159.88586799425448,NA,NA,0.875529,0.40126843837533566,0.811207,10.1281142535577,35,0.43752258784734405,-0.7069833010281956,-0.6801047025312527,0.9928272052315769,0.1890362866517317,0.40502532898051624,0.990724307009053
Bass_Lah_4,98.85228762935704,Bass,Lah,4,Bass_Lah_4.wav,Vocals/Bass/Lah/Bass_Lah_4.wav,Bass_Lah_4.wav,80.16022306875811,6.818157143533653,15.197799915713903,1.5649377257964623,-1.6163720253840264,1.5431392805640307,13.322207607923845,2.94861601867022,-6.261821186410499,2.187230733844436,11.757221117542798,2.5311153839206275,-13.509188638886139,3.0456765242482,22.664049576097735,2.9915689664165908,1.899536903513945,3.290401835493661,3.8170275279600823,2.7021190112909514,-5.533608864384342,3.54404529953132,6.919385862250259,3.3144153736086417,,,,,,,,,,,,,,,1,44100,16,12722.702089579794,0.005419501133786848,0.4308905206490081,193.52479580542405,NA,NA,1.030801,0.4308905206490081,0.778713,10.688333456850073,31,0.33699653055290457,-0.6315590928616646,-0.5992064728133003,0.988347719114815,0.24769995317371493,0.4352820369867859,0.9899111013903128
Bass_Lah_5,104.0459430583348,Bass,Lah,5,Bass_Lah_5.wav,Vocals/Bass/Lah/Bass_Lah_5.wav,Bass_Lah_5.wav,78.99340216822972,6.963661784394316,13.794910874328012,1.4627025123506927,0.9562928284930782,1.1330921412271306,16.955674188025977,3.3885019892716204,-4.879724689220199,2.171647210479643,12.00892965965519,2.7586305364828645,-13.148039013768846,5.536852653740338,14.847614726270832,2.6727683879654913,-4.26042823534234,3.22482082513869,3.4567158632260004,3.409630490484754,-6.308614938877995,2.745540276649785,7.8849196637156425,3.28232160496986,,,,,,,,,,,,,,,1,44100,16,10662.935875294452,0.006712018140589569,0.4378203807694369,168.58479938792692,NA,NA,0.992335,0.4378203807694369,0.788943,12.28780720580124,40,0.27970967364142196,-0.29968201542067885,-0.2535148555066226,0.9521321307739613,0.5670076330530035,0.44292212899343414,0.9884816136064567
Bass_Lah_6,110.3123187619666,Bass,Lah,6,Bass_Lah_6.wav,Vocals/Bass/Lah/Bass_Lah_6.wav,Bass_Lah_6.wav,79.94483759440584,7.088221719092113,14.384632766577687,1.669683308497769,1.0413451123345883,1.2173528751597964,16.44031669065929,3.2125894484659354,-4.955355006638328,2.0757557389744288,12.39039827479337,2.932904109817711,-10.120324866849318,5.109720274086619,17.829164348952872,2.841854371650917,-5.047078587829662,2.8200382455520834,3.8849192936880135,3.0905316380072216,-4.8810434214359715,2.5144636430230496,8.073234095745862,3.243557617857529,,,,,,,,,,,,,,,1,44100,16,13331.420526213742,0.005442176870748299,0.42082880254792204,181.55196302372136,NA,NA,0.843456,0.42082880254792204,0.814898,15.202120054285244,40,0.35585602481910084,-0.5211461793651,-0.44651782493445213,0.9804212225705323,0.3751392906432739,0.4256840438634595,0.9885942604954796
Bass_Lah_7,117.0464054049676,Bass,Lah,7,Bass_Lah_7.wav,Vocals/Bass/Lah/Bass_Lah_7.wav,Bass_Lah_7.wav,82.88734561647384,6.932029393659573,13.92546112676704,1.563139977415496,4.656755834132173,1.5257037675953224,14.652689730694803,4.986312729806384,-8.36573573474039,2.7492813752663294,7.274203019785791,4.403636723027975,-13.948987856534593,4.7721716311063815,15.41393187340736,2.602539471527431,3.964864147694199,3.0294918606921244,6.728570476578979,2.943250773153701,-12.654209485875194,3.28963209476168,3.163040940751489,4.156542824211718,,,,,,,,,,,,,,,1,44100,16,11195.268010638109,0.0075736961451247165,0.4739843060948912,151.1196937607452,NA,NA,1.162949,0.4739843060948912,0.753271,9.846638854211717,31,0.27760619325734204,-0.7233378649432796,-0.687451163645436,0.9956455342245554,0.18441295359993556,0.4797488836837614,0.987984177170759
Bass_Lah_8,124.08042547045773,Bass,Lah,8,Bass_Lah_8.wav,Vocals/Bass/Lah/Bass_Lah_8.wav,Bass_Lah_8.wav,83.8110820493282,6.706603926934018,14.727370180450906,1.6549721681867957,4.373205308729114,1.9564349285055442,13.925662930012086,4.178144077633606,-10.577174195327892,1.8968018823075161,6.577475001494666,4.366441102642383,-14.625025915711946,3.852373185356968,18.153805716391716,3.100660075391496,2.5019983404959882,2.908821114323189,3.5784026893952947,2.6178909778257173,-13.021721677168719,3.0650488140902366,7.734508110113312,4.439253905338586,,,,,,,,,,,,,,,1,44100,16,11376.263823655641,0.010294784580498866,0.4820786142117458,133.65636537158974,NA,NA,1.076315,0.4820786142117458,0.772287,10.542589302989828,36,0.2861396224935915,-0.8661380534066424,-0.7967505618701415,0.9982673599677866,0.11292456745116856,0.4878855416903633,0.9880977668276489
Bass_Lah_9,130.81873593169138,Bass,Lah,9,Bass_Lah_9.wav,Vocals/Bass/Lah/Bass_Lah_9.wav,Bass_Lah_9.wav,82.88789925911519,8.006418022155007,15.613288129333773,1.9274241061523583,5.3619761921558045,2.0517048364570893,12.17513053241601,5.254619068619558,-12.506703266482935,2.3814666615510625,6.868504610739282,4.023329453898918,-18.34540079479129,4.79773562290581,15.344555725640161,2.8956624255900727,1.2375940405530435,3.165160067425813,2.8294033944125125,2.8385413606090744,-13.920506301785634,2.8677744195357664,5.010258506813144,3.3210729989347048,,,,,,,,,,,,,,,1,44100,16,8777.301879925513,0.020680272108843538,0.5134066073488435,128.30981095657413,NA,NA,1.371677,0.5134066073488435,0.698976,15.598979403336463,40,0.19166002560783624,-0.8792679689552637,-0.8633755061620763,0.9992674533434203,0.07326725588603988,0.5244864060159452,0.9788749554992949
Bass_Lah_10,138.70066585382776,Bass,Lah,10,Bass_Lah_10.wav,Vocals/Bass/Lah/Bass_Lah_10.wav,Bass_Lah_10.wav,83.33238584445655,7.9511345355657275,15.495107001443909,1.6947826661568834,4.478300285754567,2.562125720840435,9.968940125243476,4.803996006960191,-12.38832855117346,1.9351508883981374,6.769119885503391,3.83027323245287,-15.89945862235319,3.4582036391313364,17.624400577410057,3.083628277743845,-2.513261798552829,4.174399405422297,-0.7496570559134378,2.6705779430764296,-12.54210975795628,2.5582746610677334,10.087383679874932,4.4781983852147045,,,,,,,,,,,,,,,1,44100,16,7769.610188651168,0.0163718820861678,0.5303778327632491,150.48203448543737,NA,NA,1.391306,0.5303778327632491,0.694729,16.663244502840463,41,0.19029598175359141,-0.8890721211560315,-0.8567946976261124,0.9991958299195688,0.07706298447388842,0.5400265139954491,0.9821329490642726
Bass_Lah_11,147.17985187545565,Bass,Lah,11,Bass_Lah_11.wav,Vocals/Bass/Lah/Bass_Lah_11.wav,Bass_Lah_11.wav,85.23740348885234,8.26540602048932,14.060335561522038,2.05008689996818,3.997931745318865,1.4344975108814182,13.620409383250616,4.330858808959552,-12.63095949366418,2.9916806308707637,9.690598193451287,5.164895928815687,-15.013889998738222,5.2233904852946,13.942782150057452,3.577237045958072,-0.5116591891209064,3.4619440881079684,-0.9993540773557246,3.2588813287638008,-16.245785064420502,3.4153083344996427,14.256026645578626,3.163802259790984,,,,,,,,,,,,,,,1,44100,16,9575.167497929891,0.014829931972789116,0.5241727577294868,156.50846875696456,NA,NA,1.694042,0.5241727577294868,0.584372,17.355591771812602,35,0.22648999027222586,-0.7230271710684106,-0.6986223115460858,0.9965875813312872,0.17681933150290643,0.5329415815426709,0.9835463695893243
Bass_Lah_12,155.82117771938786,Bass,Lah,12,Bass_Lah_12.wav,Vocals/Bass/Lah/Bass_Lah_12.wav,Bass_Lah_12.wav,86.61563268957975,7.992679566122764,15.211820532184527,2.101203506756682,4.750192483198209,1.5188520390371312,12.729247077068523,4.035467068479447,-13.219597119329643,2.4205167869159894,9.794378322123437,4.9904110205043715,-14.805903944329168,3.6861309652767953,16.746872603728846,3.4984872568781817,-2.1135137317438186,3.3444050417338405,-1.987655869112226,2.801458630478793,-9.889187397924898,3.1154819965777896,21.38405095481037,4.864696696255625,,,,,,,,,,,,,,,1,44100,16,15043.148760144357,0.010793650793650795,0.4839511650935751,148.35804279760995,NA,NA,1.296527,0.4839511650935751,0.722778,16.61285302379921,38,0.4195814838004276,-0.7530497286604223,-0.7099153178033059,0.9968949426896535,0.1691217978005652,0.48922682484208135,0.9892163318104865
Bass_Lah_13,164.64388568254714,Bass,Lah,13,Bass_Lah_13.wav,Vocals/Bass/Lah/Bass_Lah_13.wav,Bass_Lah_13.wav,87.30161768087937,7.967183661827681,16.239553609040257,2.015263334183233,6.4002604442873485,1.8488342371334268,6.2855433384504344,5.344435459953399,-13.341396413312939,3.0826045921023053,9.062204332387633,2.8095160398916526,-14.817033130307818,5.134405883485576,13.862269585895287,3.676647710589174,-3.671475362922581,3.7429429218716206,1.5311610481731242,4.5109045038906395,-11.54451623030656,3.573772402058523,7.8889003456965,3.706662490643781,,,,,,,,,,,,,,,1,44100,16,11561.948796644816,0.016666666666666666,0.5172739771854654,155.02826940615577,NA,NA,1.364549,0.5172739771854654,0.694649,11.420089009388201,40,0.258431582727946,-0.9608721438775174,-0.9381894274591529,0.9998889172152923,0.031887340615280174,0.5267269242350904,0.9820534196854424
Bass_Lah_14,174.3610085012193,Bass,Lah,14,Bass_Lah_14.wav,Vocals/Bass/Lah/Bass_Lah_14.wav,Bass_Lah_14.wav,86.45616670750542,7.71771035060692,15.601579845315237,1.6171345675400273,3.5376448686359874,1.8125013794544285,4.825237804558167,4.897743868227172,-13.838139972769865,2.7910501599751085,9.899524904387263,2.3840891553276236,-13.035837080249847,4.507843240986867,17.77425412656197,3.573487379067969,-8.154745501332162,3.3470741945475417,-1.3303343169470334,3.333388139697456,-14.37936664097606,4.13523694570967,8.423039361254808,4.7674971383683324,,,,,,,,,,,,,,,1,44100,16,7953.466687075996,0.020068027210884354,0.549686084682276,157.48744709536228,NA,NA,1.54788,0.549686084682276,0.638748,13.240782667465274,40,0.15708129649462615,-0.966206762792222,-0.9483254982287299,0.999910735484155,0.026520152366153522,0.5620659720225225,0.9779743162609558
Bass_Lah_15,184.59288748173623,Bass,Lah,15,Bass_Lah_15.wav,Vocals/Bass/Lah/Bass_Lah_15.wav,Bass_Lah_15.wav,87.89285954716513,8.045564162976046,15.096215230157116,1.4903606069366726,3.188884449183363,1.5806200621115178,7.238168201466678,3.6226038350892047,-15.457801422460648,2.7591972973596124,13.509617338081473,3.3130780009738237,-20.078370172954635,6.41059569408899,12.486620655051098,2.214329147158608,-4.928282573334984,2.64052626994942,5.2116777667519525,3.6045275072346272,-15.095333748058149,2.6184177642336395,13.440696002890968,3.7833617503470474,,,,,,,,,,,,,,,1,44100,16,9812.005632303799,0.02108843537414966,0.5445601893407892,145.03937029263082,NA,NA,1.580219,0.5445601893407892,0.630426,14.786144070125475,52,0.2693464286548636,-0.8034851712925567,-0.7835694891387405,0.9973646514024473,0.12102704286684642,0.5536237672380911,0.9836286329567855
Bass_Lah_16,195.5628399431662,Bass,Lah,16,Bass_Lah_16.wav,Vocals/Bass/Lah/Bass_Lah_16.wav,Bass_Lah_16.wav,89.44785701504154,7.802429547312004,15.932786995030133,1.4893600118317076,3.112041343987933,1.7922700291427192,5.110153267037404,4.10213196745606,-14.111794745071878,2.3391054418608705,12.917532892384052,3.260379647473456,-17.574827957103814,3.953452866525548,14.777931728944745,3.4097321520754935,-6.451157557426213,2.652448856961416,3.4080352464432013,3.663617048515237,-13.71421936808168,2.6194116936033955,17.031466975854624,4.228616930068755,,,,,,,,,,,,,,,1,44100,16,11904.543871590196,0.014648526077097506,0.5384524038309415,162.42526732308525,NA,NA,1.359442,0.5384524038309415,0.699816,15.149191333965877,51,0.3218855618072083,-0.9309301966864348,-0.9007822971339721,0.999559485325175,0.052175357568012434,0.5459450406791457,0.9862758404419545
Bass_Lah_17,207.22114321911528,Bass,Lah,17,Bass_Lah_17.wav,Vocals/Bass/Lah/Bass_Lah_17.wav,Bass_Lah_17.wav,91.42948769946507,8.831415313057718,16.5115742274176,1.3262750316466825,-2.682825787062491,3.9930483279870836,3.752716400403413,4.8500444843707715,-17.158329546128492,3.774847854965366,10.074323132326349,3.062530133955021,-19.501803147180826,5.720107136467275,8.487513532352864,3.3180354504919274,-2.41516511833126,3.343058908495899,-0.14324878608687297,4.342523087008862,-18.856668202647196,4.811392383374378,8.381580275942452,3.067752977779229,,,,,,,,,,,,,,,1,44100,16,10700.113542208046,0.026054421768707484,0.5813011845980857,147.23886965824798,NA,NA,1.732155,0.5813011845980857,0.560671,12.049256774044652,58,0.2536786512478768,-0.9113301687759942,-0.9074776424417497,0.9993803002405547,0.04847502241607628,0.5906700567064994,0.9841385694059838
Bass_Lah_18,219.6223187223744,Bass,Lah,18,Bass_Lah_18.wav,Vocals/Bass/Lah/Bass_Lah_18.wav,Bass_Lah_18.wav,92.26530187211237,8.482004151468383,16.285433399696835,1.412035732377263,-3.865664002035272,3.6490906980977043,2.9217554844127642,4.590125353674944,-14.692014729622704,3.322928317979192,12.056535277637787,2.7159423167302674,-16.75114238507384,5.440237563182727,12.003418073440548,2.978261701623003,-5.234594120795765,3.17296595384404,-2.7121942875742913,4.4679983080969095,-18.727485988294575,4.2992899101553865,10.807682434214014,3.359222411948793,,,,,,,,,,,,,,,1,44100,16,10919.10583950658,0.02507936507936508,0.5841454324145988,125.78446747277599,NA,NA,1.746307,0.5841454324145988,0.554393,13.15708315799544,55,0.23905958482914352,-0.9179934284740228,-0.9123482696510116,0.999459626681283,0.045809838659019816,0.5958953379851761,0.9802819306989282
Bass_Lah_19,232.0427375611562,Bass,Lah,19,Bass_Lah_19.wav,Vocals/Bass/Lah/Bass_Lah_19.wav,Bass_Lah_19.wav,89.36321692508105,8.244989040823267,14.408483733339455,1.5756703798005487,-2.4728036264660314,2.6649267450973064,6.312226369043247,4.764202012310374,-15.804216039682974,4.337192011523684,10.851837191611422,3.24922162804155,-18.907657590668656,7.9561375812871615,13.5761765569385,3.6170200444080582,-3.6701487271264943,5.931124833255525,-3.12441679028119,2.81876152373879,-18.479891997122202,3.233020453346106,16.588655462211293,4.681434234024535,,,,,,,,,,,,,,,1,44100,16,10279.087519817038,0.02072562358276644,0.5644904969381638,169.96177524513809,NA,NA,1.566004,0.5644904969381638,0.623462,14.504493392126781,51,0.2835112600081988,-0.8535624552624809,-0.848931542288575,0.9986525294930659,0.08159571837548556,0.5736005502489203,0.9841177744568008
Bass_Lah_20,246.1376355010893,Bass,Lah,20,Bass_Lah_20.wav,Vocals/Bass/Lah/Bass_Lah_20.wav,Bass_Lah_20.wav,89.6785825982585,8.804437965322371,14.482661882680725,1.8704988889799699,-3.3424823403815296,2.4202106642272505,4.440885568277958,4.0543418217413905,-16.777873802966017,3.03507277982191,8.701059717799643,3.5443076441752446,-20.000237456986092,6.982068136740036,14.489530551615749,3.4456099049315747,-7.990617201294833,5.133227835045205,-5.034651315539608,3.724564836705981,-13.520550095053158,3.5969898512005347,18.863598125148734,3.775517223687396,,,,,,,,,,,,,,,1,44100,16,11459.827320237273,0.02201814058956916,0.5556072751084656,151.61430506856885,NA,NA,1.559571,0.5556072751084656,0.627534,15.234653030989756,50,0.2693070628313041,-0.9151895405528102,-0.8875661647336563,0.9993178674819398,0.05952487525491979,0.5649444432551523,0.9834724135122264
Bass_Lah_21,260.6321040682856,Bass,Lah,21,Bass_Lah_21.wav,Vocals/Bass/Lah/Bass_Lah_21.wav,Bass_Lah_21.wav,88.92177295872396,8.308020837569318,12.46894299023807,2.163717029852537,-3.8918107846453367,5.055554851463265,8.681643756643945,5.0576155728082846,-15.737733037004894,3.040662366989173,5.308496310140123,5.4956576730039854,-15.314604819310542,5.93863941990457,6.919965939248598,4.31686155240869,-5.3315866795997655,4.102857704351464,3.842696975502848,5.502595718176969,-22.68491432483934,3.415099435778824,8.83432609169248,5.197542376089682,,,,,,,,,,,,,,,1,44100,16,11500.753908763068,0.019229024943310656,0.5496904456912045,147.13964411561042,NA,NA,1.537512,0.5496904456912045,0.646253,13.388356665532804,54,0.2908723517269681,-0.7303026840289015,-0.7273243787004333,0.9943087765701529,0.1569616956479597,0.5592264143999025,0.9829479286686933
Bass_Lah_22,276.0719126358306,Bass,Lah,22,Bass_Lah_22.wav,Vocals/Bass/Lah/Bass_Lah_22.wav,Bass_Lah_22.wav,89.26837951970789,8.584177910069839,12.319434089378802,2.0883994476795698,-5.553047860440416,4.901743369409136,7.714117319275923,4.904658034969404,-17.888678126038908,3.54959722646037,5.753477918440244,5.855770309420443,-14.895263338840705,4.670159976089661,8.456456685960605,2.9921591019983227,-7.203659945911014,4.159266646570216,-1.5471606943904055,3.1493286331692465,-22.34612548124037,2.9541947058417795,12.676060037979859,5.728509702464573,,,,,,,,,,,,,,,1,44100,16,10642.886400070953,0.02603174603174603,0.5686458194803679,150.02283723438725,NA,NA,1.72218,0.5686458194803679,0.575787,15.154912106191091,54,0.28156129939324936,-0.7490030651091143,-0.7477207444023358,0.9960116966700835,0.1437718755741052,0.5784002507764331,0.9831354995386481
Bass_Lah_23,291.97517512415175,Bass,Lah,23,Bass_Lah_23.wav,Vocals/Bass/Lah/Bass_Lah_23.wav,Bass_Lah_23.wav,90.09218871207952,9.715871605685447,12.262839300143842,2.891712009140669,-6.961807121818831,4.792246473248061,5.2756678273145985,5.206998834654531,-15.883458142904132,4.714970697894702,5.865044352986841,5.587661027918257,-21.06897937613651,8.532635091088132,13.501716113045921,3.361157220706583,-3.6103296736227737,7.762032394173784,0.39848837873998694,3.979962561595518,-22.53567094352377,4.301593989885332,2.69301133559566,4.921726548205264,,,,,,,,,,,,,,,1,44100,16,10312.609415621926,0.03428571428571429,0.5903227272618796,135.52498341897066,NA,NA,1.714763,0.5903227272618796,0.567329,13.236122994324086,53,0.2565532874741162,-0.8547757866832805,-0.852964785139884,0.9982926156107389,0.07921584393116843,0.6015606996528328,0.9813186393369137
Bass_Lah_24,309.7820958875275,Bass,Lah,24,Bass_Lah_24.wav,Vocals/Bass/Lah/Bass_Lah_24.wav,Bass_Lah_24.wav,90.62861496071287,8.662922316532294,11.783119915503185,2.33458869140956,-8.660172774150315,4.985943962241752,3.80054457516257,4.717314343397214,-15.615827284562165,3.8292717987286125,4.70708519781699,5.2603388392615775,-20.764780473082155,6.4356436283356615,15.273084383342589,3.7565004785814313,-7.208227134752262,5.8482705729335365,-5.437359777714575,4.052715394348997,-22.54325243824679,4.563554052377394,7.66212283702947,2.6055046073019885,,,,,,,,,,,,,,,1,44100,16,10101.21826680469,0.031315192743764174,0.6010693675211095,154.02245068585972,NA,NA,1.82737,0.6010693675211095,0.52231,13.865392297754745,54,0.27094539642077986,-0.8624054414350696,-0.856994613689658,0.9986643043795094,0.0769061867973775,0.6086800811077379,0.9874963649660137
Bass_Lah_25,324.26512183636555,Bass,Lah,25,Bass_Lah_25.wav,Vocals/Bass/Lah/Bass_Lah_25.wav,Bass_Lah_25.wav,93.18233703873864,10.13877639053668,10.335633797997767,1.5041590493063997,-11.032701814295715,6.35834207615391,2.370060226580696,6.121843362054329,-17.6779845127314,3.385892082573522,5.324066529252037,5.287242009288598,-16.953004216271072,6.016202957396724,14.31263177965746,5.008691489373209,-6.238116754794662,4.869468651065697,-2.68659950857711,4.06987302675146,-19.27924065054566,3.798383310578574,5.121969093947385,4.10432334421576,,,,,,,,,,,,,,,1,44100,16,10518.048078656331,0.037188208616780044,0.6101784923395669,150.34505162690823,NA,NA,1.937774,0.6101784923395669,0.465147,15.069254707704015,57,0.23940761133888622,-0.8975156105680189,-0.8683132526756736,0.9989470605110053,0.07041008190649878,0.6229765375581076,0.9794566176300871
Bass_Lah_26,344.0272062532854,Bass,Lah,26,Bass_Lah_26.wav,Vocals/Bass/Lah/Bass_Lah_26.wav,Bass_Lah_26.wav,92.72232123380975,9.543554351755098,8.908531692698492,1.5661546475801276,-12.395392165058428,5.908285264889482,4.014613410764835,4.442647873800458,-15.70618751992584,2.3659664013611112,4.945537892502587,5.596343819758301,-16.77271454710051,5.0906047106334364,16.157465726710736,4.03993741570374,-12.243223336982616,3.985569874729138,-8.487014920933873,2.88117771498595,-22.184691318160116,4.263537090198364,7.027836681582975,3.805196377812782,,,,,,,,,,,,,,,1,44100,16,10013.402442801413,0.03807256235827664,0.6118519742799325,150.31817878562953,NA,NA,1.99142,0.6118519742799325,0.429638,15.83482799945174,60,0.24737560376343892,-0.8624013793578622,-0.8600628126401738,0.9984386999093497,0.07511504582912402,0.6218037784677596,0.9839952658178596
Bass_Lah_27,364.13913096790054,Bass,Lah,27,Bass_Lah_27.wav,Vocals/Bass/Lah/Bass_Lah_27.wav,Bass_Lah_27.wav,95.79199946118162,8.047479397321618,7.4344458524237815,2.6144108934353483,-14.754483788511426,4.171792911382999,0.24310511541826854,5.302616415365816,-13.538624579324969,4.205288918474038,2.6073764191871502,4.587900706779919,-11.712485566826695,3.7964031831744944,6.646063029742018,5.846985439623595,-8.700672463413595,3.604036047470168,-5.873060048585641,4.288293947177271,-20.773359048429956,6.242764754403263,8.443541649098906,3.5486951072571116,,,,,,,,,,,,,,,1,44100,16,10953.141353378527,0.0517687074829932,0.6301427947935464,141.02561695979009,NA,NA,1.911281,0.6301427947935464,0.473887,16.175776354592813,50,0.28666439496971347,-0.8386620188663036,-0.8377676597804051,0.9983447229122474,0.08813072745185321,0.6409284281535587,0.98317185993593
Bass_Lah_28,385.4536510533329,Bass,Lah,28,Bass_Lah_28.wav,Vocals/Bass/Lah/Bass_Lah_28.wav,Bass_Lah_28.wav,96.76928515522711,7.859801049786985,8.962910999244851,1.3118783894878516,-15.529473409682272,3.938171520207955,1.7546268734787258,4.431693528767044,-15.559951043273193,4.920238416833091,3.9283742529303627,3.465699124381911,-14.177644091988048,3.3326403519563867,8.156948426964764,4.3350901261807255,-12.111131646873254,3.6535668333125884,-8.22364978830045,3.672972885594869,-22.32963207336548,5.0270793640371005,12.280645961749457,4.1277466817296276,,,,,,,,,,,,,,,1,44100,16,13019.378586338773,0.051859410430839005,0.6147718336503968,151.22824827081763,NA,NA,1.844912,0.6147718336503968,0.503652,16.11626525059384,51,0.33798063054908667,-0.8534863410808714,-0.8559831805065421,0.9982400510406886,0.07745940736522765,0.6238052061535908,0.9855189209482649
Bass_Lah_29,415.305,Bass,Lah,29,Bass_Lah_29.wav,Vocals/Bass/Lah/Bass_Lah_29.wav,Bass_Lah_29.wav,98.22324004418181,7.4132591238374355,5.7555488270970905,1.4830802142282216,-15.369850715809141,2.705858882873159,7.478040477556981,2.7427673079731307,-16.303045134414866,2.8638127940831954,0.6652921468390943,3.6508646834738214,-19.420796568631864,5.702997827106263,0.9077351810027972,4.310054998026674,-3.931591898417942,4.553632515404808,2.059559486313061,5.1801453463245615,-17.27617997783033,5.541110184922051,7.028286613467073,3.948098289585549,,,,,,,,,,,,,,,1,44100,16,15543.59534171278,0.03727891156462585,0.6001426069292474,133.9610016865799,NA,NA,2.176607,0.6001426069292474,0.264907,16.469631889698405,48,0.4053401744171061,0.002817994540907599,0.004619425369463132,0.7976234323203925,0.8050267552552542,0.6077761436046912,0.9874402166722607
Bass_Lah_30,440,Bass,Lah,30,Bass_Lah_30.wav,Vocals/Bass/Lah/Bass_Lah_30.wav,Bass_Lah_30.wav,95.8265399638446,6.780788419620274,6.247633930758443,1.1654079354643534,-17.976107604257535,2.80108582774253,6.6855399191880265,3.1668109360447754,-21.88452726428629,4.721187722230236,1.816140995522451,4.479454854657261,-18.588789511352303,4.8586298107201245,5.598039831500151,4.008396352404456,-5.771664471874593,4.387333366704972,-1.8306448049379511,5.397788491815675,-22.502475403724148,4.671181031491069,2.896632598274805,3.9007284053181768,,,,,,,,,,,,,,,1,44100,16,11904.041179428928,0.03972789115646259,0.6130556629758769,145.8548476255524,NA,NA,2.153546,0.6130556629758769,0.294166,16.734405232879134,51,0.275096000873031,-0.5248100866243641,-0.5217484068925704,0.9832527662812227,0.3090144203676365,0.6236535959604456,0.9830066994671175
Bass_Lah_31,466164,Bass,Lah,31,Bass_Lah_31.wav,Vocals/Bass/Lah/Bass_Lah_31.wav,Bass_Lah_31.wav,97.85859829973586,6.976158026481443,4.140387904097094,2.427342044659482,-19.460133323955652,3.8126880051569185,4.114748099077988,4.370526138596931,-14.804797567904131,3.686325429497476,1.907214960484088,5.0667236212143525,-14.981920164372925,3.345491241134181,0.009315185384684206,3.8373136243657773,-0.6763591444407943,6.704134674485118,-2.551581679556865,5.961356770696364,-21.011496774286748,4.959585249939224,-2.8357805771551172,4.183816824615827,,,,,,,,,,,,,,,1,44100,16,12708.781626081953,0.06263038548752835,0.625849870718648,129.81653599580412,NA,NA,2.185898,0.625849870718648,0.266919,13.795880091098677,43,0.2965565171120403,-0.28953376636638395,-0.2561932380456445,0.8919314700184119,0.5281230932525346,0.6389140893976161,0.9795524642580893
Bass_Lah_32,496.883944490756,Bass,Lah,32,Bass_Lah_32.wav,Vocals/Bass/Lah/Bass_Lah_32.wav,Bass_Lah_32.wav,98.53331594409133,7.028840231740423,5.4741384228890535,1.8237547189165926,-19.00885073852643,2.583579651454442,4.591322745586509,3.8593168118624264,-18.606973606593346,4.22345153483677,3.4160580597755326,3.8066862312502048,-16.7054583579733,2.840322297393842,2.759032300966687,3.2569744118363118,-3.541753351082816,5.164496241396335,-4.838069116085433,6.048285319492441,-21.885406318445455,3.136168520725974,2.3100666619228076,3.4291351952981097,,,,,,,,,,,,,,,1,44100,16,15187.332295628707,0.04861678004535147,0.6101715340588799,136.0732802198295,NA,NA,2.211159,0.6101715340588799,0.241419,14.629003005148201,50,0.3756662145719015,-0.8159869990388857,-0.734398453018776,0.995328589826371,0.15242219153989425,0.6209068313348776,0.982710292858402
Bass_Lah_33,519.408805326642,Bass,Lah,33,Bass_Lah_33.wav,Vocals/Bass/Lah/Bass_Lah_33.wav,Bass_Lah_33.wav,100.17760083819533,7.93740045475399,-0.5932653187385705,3.1727402067928825,-20.89671827169295,3.606499463700239,6.437327481033743,4.748377143469898,-16.988541697937638,3.1160254944775074,3.3090517157451074,3.5903135561789226,-7.567445196232225,3.551318282020974,1.017922292996462,5.257357418546639,-10.253296585731801,6.072396311433762,-6.2911346181470735,5.6900080121286685,-19.728711593387324,3.2045131414106605,-5.942492054346328,3.6267156678875545,,,,,,,,,,,,,,,1,44100,16,11234.099776468001,0.06990929705215419,0.7005972195664302,145.5500369001121,NA,NA,2.269242,0.7005972195664302,0.134353,13.522106710460688,44,0.305014526128902,-0.6267490770120524,-0.623312544308309,0.9911966765693497,0.23000583313182071,0.710022890099796,0.9867248356851692
Bass_Woh_1,86.46676608646845,Bass,Woh,1,Bass_Woh_1.wav,Vocals/Bass/Woh/Bass_Woh_1.wav,Bass_Woh_1.wav,70.7676713899353,11.716350284895308,13.383732643431188,4.6574872374903205,5.004016702025619,2.1728921359238957,16.72452921020368,4.825231850637658,-5.764157950298658,4.181931284111566,5.690763049460317,3.9238926559794254,-22.692234024629713,5.969092749307041,13.383654388482938,4.812807911366512,4.169205900734453,4.711938053053552,2.666330711418405,4.127071201259746,0.47363142495258226,4.09918471898727,6.433690077038377,4.343806659224955,,,,,,,,,,,,,,,1,44100,16,7719.524144018044,0.013129251700680272,0.4413441904561397,175.2904895359494,NA,NA,0.679763,0.4413441904561397,0.838174,15.880111869003393,43,0.21633581705750962,-0.767776271443795,-0.5867004199638344,0.9867229208220042,0.25701900853917237,0.4519229729097015,0.9765916249279154
Bass_Woh_2,88.81775982029254,Bass,Woh,2,Bass_Woh_2.wav,Vocals/Bass/Woh/Bass_Woh_2.wav,Bass_Woh_2.wav,72.08229747187204,8.810878620379302,14.476127729851102,2.361601007490089,4.621707549007905,1.999538777367246,16.542197756012566,3.1717435629624666,-6.881729914083299,3.186481642401669,5.145246439435747,2.4999341546607408,-22.28042804095637,3.836712042278255,19.710683826597656,3.6788054469673455,0.9228443826196938,5.086557894815025,3.050791892078769,2.9536833206936812,0.015510808026794972,4.676241570929524,3.619214828078644,4.392065809468559,,,,,,,,,,,,,,,1,44100,16,7638.680686208719,0.007301587301587302,0.45129209925550934,159.76405035981952,NA,NA,0.757375,0.45129209925550934,0.82777,11.418284777105606,39,0.21229552547313585,-0.7939356373218969,-0.711316177999392,0.9938264287506388,0.16764968130690538,0.4607560943571435,0.9794598590934787
Bass_Woh_3,93.66975298597455,Bass,Woh,3,Bass_Woh_3.wav,Vocals/Bass/Woh/Bass_Woh_3.wav,Bass_Woh_3.wav,79.62451255922913,9.524509912412444,13.580206082351136,2.0231486897436657,3.7926302939434318,2.940946790970578,16.79803053458877,3.3225812295576325,-8.445620713476004,2.8605765258123643,7.296426924680089,4.788708981576791,-29.166172119130632,4.914731651654856,16.42991093954239,3.3264471470323995,11.60970771087974,4.161797118790957,0.7211066904739019,2.5978172491729814,-8.58858033763148,2.6154728222439054,5.203818352844845,4.120319716664088,,,,,,,,,,,,,,,1,44100,16,8154.463747620912,0.012471655328798186,0.5129547395366979,153.28173441197328,NA,NA,1.437447,0.5129547395366979,0.673388,19.170558307537497,43,0.2099198086587627,-0.8489920006521638,-0.8012785893388197,0.9977313150552454,0.1100721318524029,0.522255210278317,0.9821917128664686
Bass_Woh_4,99.216000385889,Bass,Woh,4,Bass_Woh_4.wav,Vocals/Bass/Woh/Bass_Woh_4.wav,Bass_Woh_4.wav,80.71223038929878,8.722494838551281,13.69246834569341,1.7628830711515708,3.6054089860454304,2.926467702151867,16.2522999107677,3.273368469166217,-10.094624207326229,2.995173861768164,5.3503659140436,4.134721261007823,-27.183708382555572,3.7443500412172046,21.54114305113603,4.114942857936355,7.793653985634261,3.447979872239761,-3.029065712284933,3.628931977492444,-8.965541562143523,2.7094396412161545,4.222165696026198,4.2229628763748925,,,,,,,,,,,,,,,1,44100,16,7465.451028155869,0.013922902494331067,0.5346327951984615,174.4596033991222,NA,NA,1.464913,0.5346327951984615,0.668185,23.624303614444074,43,0.19219940818767592,-0.8288844911590643,-0.7919855109117777,0.9974108199602069,0.11577989936956684,0.5441813233600065,0.9824534070691948
Bass_Woh_5,103.44390409722388,Bass,Woh,5,Bass_Woh_5.wav,Vocals/Bass/Woh/Bass_Woh_5.wav,Bass_Woh_5.wav,83.10987325746902,7.606199332900571,10.009046767075047,0.9847231968097702,7.972298269062697,2.102174936259505,21.9348417001108,2.0781164891181003,-11.252983443146105,2.8604229958195813,12.203250828711322,2.994207261846625,-28.1993909379722,2.9756139899357152,11.520425526487218,2.404675835321983,9.74002499879864,2.284128764307359,6.24170242387783,3.8553474934278094,-11.273409373897012,2.83425516362762,10.466773580517646,2.990379725849757,,,,,,,,,,,,,,,1,44100,16,9584.782732545369,0.015351473922902495,0.5299372220568207,156.53347651695418,NA,NA,1.744986,0.5299372220568207,0.554684,20.63859372727526,46,0.26596295669173675,-0.12947710296362872,0.16457469322463059,0.8339497789689679,1.1625178219178263,0.5382328152307545,0.9845873515341549
Bass_Woh_6,109.668527176653,Bass,Woh,6,Bass_Woh_6.wav,Vocals/Bass/Woh/Bass_Woh_6.wav,Bass_Woh_6.wav,84.1958595106406,7.899889589182655,10.290721437056952,0.7925439990118327,8.694054444196338,2.29079305848383,20.91964803591853,2.0765179551406168,-11.242177059164892,2.82946704126845,10.755778409977225,1.9532126202407019,-25.210010784203938,3.090498457917134,19.337055604638746,3.6758737723751627,8.52623783449774,2.355764297440004,3.2888560380691914,3.485520016184567,-9.683003783216687,2.4580767259813734,7.3553705160789375,3.1120524191498213,,,,,,,,,,,,,,,1,44100,16,11779.15540553689,0.016122448979591836,0.5117877310764901,165.07171241268804,NA,NA,1.600558,0.5117877310764901,0.617611,23.220226767779867,41,0.3434754513679361,-0.7899851057420776,-0.5599059618597095,0.9919064958567544,0.2798451611139134,0.5188781403975782,0.9863351165349629
Bass_Woh_7,117.10476560691669,Bass,Woh,7,Bass_Woh_7.wav,Vocals/Bass/Woh/Bass_Woh_7.wav,Bass_Woh_7.wav,84.83024636788598,7.681844862087457,8.4087747772843,1.1996838930662825,5.922489998046797,1.7436181284983505,24.83226912237845,2.336084082845631,-12.394630706596976,3.4166624441303366,12.265630384140911,2.772495687259797,-20.783260306919754,3.9944136303340283,11.068229626080853,3.1178463027284775,12.262598836839237,6.465672881039616,12.799630867273239,3.537490946910267,-14.542440992523558,5.180140915963381,2.5649390010779034,4.818862377466709,,,,,,,,,,,,,,,1,44100,16,11334.16808026768,0.010839002267573696,0.5305843334989938,161.67516325014944,NA,NA,1.846936,0.5305843334989938,0.495792,13.758883791797263,37,0.302257628708813,0.1927102309535174,0.40621971338020757,0.7225738088228586,1.71123487464236,0.538683402677792,0.9849650664220619
Bass_Woh_8,124.696948994433,Bass,Woh,8,Bass_Woh_8.wav,Vocals/Bass/Woh/Bass_Woh_8.wav,Bass_Woh_8.wav,85.55697834078757,7.347244348435792,9.03059230171341,1.131750383620789,6.455034774001162,1.7001498283905747,23.461582323474357,2.167080821806437,-14.838380662878075,3.448430328718532,10.809773772163021,2.684381798997491,-21.016535690815903,4.040853222645843,16.347917049354255,3.385727127250321,11.231320754685337,5.463138353519793,7.297288362310189,3.5580551215702587,-16.50266807206083,5.417997127561823,3.064397966604645,4.212066520108493,,,,,,,,,,,,,,,1,44100,16,11313.822971697,0.014104308390022675,0.5352117017321318,137.88409076079859,NA,NA,1.885322,0.5352117017321318,0.4846,13.742134976532848,40,0.29671695148721555,-0.7800435219972053,-0.5882664049348164,0.9944162562690603,0.25778709347045875,0.544094546835539,0.9836740780530333
Bass_Woh_9,130.85090950682164,Bass,Woh,9,Bass_Woh_9.wav,Vocals/Bass/Woh/Bass_Woh_9.wav,Bass_Woh_9.wav,86.7323248111186,8.74842012958996,13.026283857228266,1.1562846618539344,2.8074876759969096,3.299009599391709,22.258549871080444,2.5988385556812266,-16.839980991447135,4.510097115330078,7.04262313201375,2.5141396966974336,-18.664605148762092,3.75770129122692,1.406248893949864,4.294677261385472,8.076340955934725,4.610296625537934,12.185492948264397,3.96080791569412,-18.764521613627704,5.4335212732608085,2.502894579143445,3.707157259495033,,,,,,,,,,,,,,,1,44100,16,10015.591617250915,0.026235827664399095,0.5555513309129566,131.00311531665832,NA,NA,2.035067,0.5555513309129566,0.38172,15.163267496333285,45,0.21141597889429475,-0.6605984415978181,-0.6246894283631825,0.9939578639794217,0.22960874096956138,0.5681409862033795,0.9778406142205059
Bass_Woh_10,138.4263583693449,Bass,Woh,10,Bass_Woh_10.wav,Vocals/Bass/Woh/Bass_Woh_10.wav,Bass_Woh_10.wav,87.66479123378407,8.46912216676163,12.954158407486805,0.9899717241957917,2.795583094283638,3.380001391437557,19.953923923798975,2.014495131079885,-18.943542616950538,4.280201886613148,6.746788874508237,2.3777125308836147,-19.203977937759365,3.8545974904825173,5.99648516328676,3.2059149276812002,9.45653120117258,3.9955978468707207,5.318867533787496,3.728110257272147,-21.175800362235353,5.006956234542146,5.7244400164738325,3.587401496816397,,,,,,,,,,,,,,,1,44100,16,9515.64169379614,0.0309297052154195,0.5671267982835929,160.4252807568656,NA,NA,2.069121,0.5671267982835929,0.346758,14.769869939669263,46,0.2060623627165788,-0.8248054181311169,-0.7781477943035773,0.998520673227917,0.12458132810937222,0.5800035945359181,0.9777987647427799
Bass_Woh_11,147.72093144494875,Bass,Woh,11,Bass_Woh_11.wav,Vocals/Bass/Woh/Bass_Woh_11.wav,Bass_Woh_11.wav,84.17832408537069,7.920156380426518,11.254014448629507,1.3276116263440867,6.092501990786754,2.4631702238896485,26.347287188036248,4.338973140457491,-11.276605156490861,2.23128425632646,6.96667545239214,3.272499167481619,-19.247598795217026,3.9421853485373717,6.71905310825253,3.4100397497026997,3.644436642513583,4.076454981303865,13.408508632606043,4.538168199428146,-16.422549539202848,3.7462048359581956,-3.7357414928596344,4.063162908042866,,,,,,,,,,,,,,,1,44100,16,12554.560531534278,0.014716553287981859,0.4868852057328751,162.69283995439952,NA,NA,1.438471,0.4868852057328751,0.652495,16.45080890608412,44,0.2706557666832643,-0.4824844475352298,-0.39298231569273867,0.9850934002731975,0.4292725815135914,0.49894843094161906,0.9758227013842329
Bass_Woh_12,156.53072283525557,Bass,Woh,12,Bass_Woh_12.wav,Vocals/Bass/Woh/Bass_Woh_12.wav,Bass_Woh_12.wav,85.02132667184615,8.017291844535938,12.008718616596456,1.228167155822707,7.607219535326195,2.027527357649914,25.177852518514612,3.6713161891094925,-12.856884730075434,2.6818580610085356,6.083228515596409,3.260445250196974,-18.801511117127923,3.858111395308669,10.21669480674248,4.0369706387511375,3.6946786219360557,4.595220950449538,11.363760410310356,3.314635945072175,-17.124301437185277,4.320736103806211,4.121090212381752,3.624469532871128,,,,,,,,,,,,,,,1,44100,16,15648.550203655037,0.012312925170068028,0.47229432464383414,166.92996270508897,NA,NA,1.347189,0.47229432464383414,0.677356,16.490243266547456,41,0.4307940523847261,-0.43548172611735736,-0.3641118326462085,0.9826940491672873,0.45808818825525915,0.4786717251128976,0.9866768807629921
Bass_Woh_13,164.19286648349402,Bass,Woh,13,Bass_Woh_13.wav,Vocals/Bass/Woh/Bass_Woh_13.wav,Bass_Woh_13.wav,89.24284710281299,7.743956886403692,12.573689933023918,0.9191970329279386,6.036784562373909,1.9886916119037577,23.69493674678555,1.9393043875774745,-14.992088913069823,2.8690046672379537,1.1281220737315212,3.6071812604002154,-22.874586958265485,4.400743137567221,10.160355822762739,2.212062825580653,7.211546978024045,3.7388362214845605,15.128514754840813,4.169986290421859,-21.59768288496692,4.670260059094357,6.674071359437687,2.962303445983705,,,,,,,,,,,,,,,1,44100,16,14182.827789981175,0.01600907029478458,0.5236960540942486,167.42094852724162,NA,NA,1.804783,0.5236960540942486,0.508174,16.580499924513315,50,0.34154944189548353,-0.9127242483067559,-0.856259145452438,0.9993857023520706,0.07738820047331742,0.5325484904016313,0.9833772201650474
Bass_Woh_14,174.01148799319407,Bass,Woh,14,Bass_Woh_14.wav,Vocals/Bass/Woh/Bass_Woh_14.wav,Bass_Woh_14.wav,89.11128633541428,6.938881190855997,11.390591221373873,1.1158237873224806,5.279921121650819,2.189810246591995,21.82586298778113,1.994791057829709,-16.804472544224108,3.2328079486230195,0.17101819535984897,3.4225634318109024,-21.204262679275956,3.1985125506240637,15.531850360056955,2.8464608003526317,7.272065574894905,3.855293758135091,6.185509778700927,3.5024578562398054,-24.89199692309507,4.564933770188776,10.205591418142738,3.4740962222974257,,,,,,,,,,,,,,,1,44100,16,10281.537643985279,0.02487528344671202,0.5593402708503286,159.8252775964618,NA,NA,1.874677,0.5593402708503286,0.47874,17.317770876401035,43,0.22628283488969086,-0.8751682680969143,-0.8692830324426789,0.9994795306525913,0.06989253693262071,0.570798038172663,0.9799267577039772
Bass_Woh_15,184.28028497741315,Bass,Woh,15,Bass_Woh_15.wav,Vocals/Bass/Woh/Bass_Woh_15.wav,Bass_Woh_15.wav,85.57982786871035,8.637221072279694,13.755504634129807,1.0750223252210385,4.152546911899669,2.2035946159391417,19.804858102936556,2.6457891040810204,-12.208944663069678,2.3154440913935694,2.48033018955781,4.089614662198108,-21.77316407315262,5.980062281801461,13.059508613134598,2.5651842689667648,6.623974177631087,2.855188373161828,7.650349870853276,3.2658189337338097,-16.989940994633375,4.008510719322621,8.690277681984417,3.6859469873665867,,,,,,,,,,,,,,,1,44100,16,13256.106152961698,0.010113378684807257,0.4943327317375499,171.76354040818384,NA,NA,1.394227,0.4943327317375499,0.677365,12.101326517487763,49,0.32248859089977844,-0.6949870264812988,-0.6869202100298258,0.9945266272483568,0.18457671307000117,0.5024440726747789,0.9838562312138583
Bass_Woh_16,195.1043779801726,Bass,Woh,16,Bass_Woh_16.wav,Vocals/Bass/Woh/Bass_Woh_16.wav,Bass_Woh_16.wav,86.80873264035677,9.107697937653628,14.695876594486776,1.0055189874386268,4.825425001824627,2.126606763137837,18.64352963684292,2.5869505351960354,-13.229306490360498,2.67560861724001,2.4063641503038906,4.087347605684089,-18.956182807233038,4.455572204847724,15.446548974176775,3.3609420267707444,5.1203390384014895,2.8692198540501517,2.347797183579765,3.8027230296165975,-15.760562195133192,4.058606043262428,10.444367448504227,3.9922220881469563,,,,,,,,,,,,,,,1,44100,16,16089.326396981773,0.011882086167800454,0.48868381465136523,178.58150968609195,NA,NA,1.287743,0.48868381465136523,0.716458,13.30934248663456,46,0.4298692402812213,-0.829835906002408,-0.8002274584697543,0.9981950624041415,0.1107704271597565,0.49526754031361886,0.9867067289366781
Bass_Woh_17,207.77878933661057,Bass,Woh,17,Bass_Woh_17.wav,Vocals/Bass/Woh/Bass_Woh_17.wav,Bass_Woh_17.wav,85.09809236916126,7.983662322934397,15.626355465229304,0.9808615852419247,5.073948444121705,1.5292311363130404,16.77762191415665,2.80245419057297,-13.431314489830255,2.211911847798613,-0.6112654340592243,3.034788900667199,-21.404699955342345,4.890069362566386,5.011113877101623,3.6408529170796977,0.9235160374281495,4.156976149755559,11.087800772451818,4.221122946382299,-22.932559174382096,4.4993178927284205,6.499668434069473,3.338594662326471,,,,,,,,,,,,,,,1,44100,16,14044.458301245355,0.01888888888888889,0.48401250144264596,146.43225921976816,NA,NA,1.312695,0.48401250144264596,0.710011,14.15651703303765,56,0.34297748771473235,-0.8947416343507215,-0.8865850712756544,0.9991365959697274,0.06006461491883332,0.4930581943208295,0.9816539041793156
Bass_Woh_18,219.87261053106857,Bass,Woh,18,Bass_Woh_18.wav,Vocals/Bass/Woh/Bass_Woh_18.wav,Bass_Woh_18.wav,86.01351027633072,7.685591804218282,16.104825036225694,1.079331937360142,4.599282179047707,1.5079625705210025,15.518459077968336,2.187242358539787,-14.922663918288201,2.9417485921455393,0.9200164390379872,2.7401665726279907,-18.465009145807866,4.6741511142404715,10.128417827082062,3.316108388630593,3.1045536469699098,4.341525897650031,5.372812648446343,3.2321001543317003,-27.62401327718846,5.729785345365553,9.210448709059296,3.5480312144073745,,,,,,,,,,,,,,,1,44100,16,14972.403293514262,0.015510204081632653,0.48639975648613,127.5375203894326,NA,NA,1.200868,0.48639975648613,0.745542,14.926820463874835,52,0.3750420852556575,-0.9320446079609982,-0.9313828835191326,0.9997370152567667,0.03551811078552971,0.49434783700529017,0.9839220890146726
Bass_Woh_19,233.8370506650348,Bass,Woh,19,Bass_Woh_19.wav,Vocals/Bass/Woh/Bass_Woh_19.wav,Bass_Woh_19.wav,90.63794483945314,7.272553182679952,13.618763611893012,1.4778768979284294,-1.8840232493014946,2.2066540605893783,16.163022624492154,2.5587972276907602,-17.26040905686873,3.0389958567239734,0.04782937784809429,3.103740950956428,-24.052846024693057,5.024188362594166,3.6684652632786117,3.3781753503640033,4.0890240129162905,5.515318470760058,11.629794796014538,3.7690201762778655,-21.10832604113512,2.979860701267942,4.697611231910137,3.3955600251153752,,,,,,,,,,,,,,,1,44100,16,11464.494773410666,0.03156462585034014,0.5544365771679005,159.42696097453535,NA,NA,1.936172,0.5544365771679005,0.452944,15.632357880223662,60,0.28982281985225333,-0.45397855104806095,-0.2815182887773548,0.9523709057090589,0.533945620632017,0.5641550344033648,0.9827734281486253
Bass_Woh_20,247.73136171919916,Bass,Woh,20,Bass_Woh_20.wav,Vocals/Bass/Woh/Bass_Woh_20.wav,Bass_Woh_20.wav,92.45685513099914,6.949333026636509,14.163027796399266,1.2182642051828434,-1.0941308299229868,1.4714132478002635,13.430139649047565,1.881063441293033,-20.654711597355856,3.4613355284283753,-3.105368887147397,3.1398658200192098,-22.981373387743606,4.405306206939894,8.071279107213668,2.674022407130529,4.140069735225818,5.497939218761308,3.8357662670511967,3.3479465138464595,-25.48652489284596,3.4610965390715465,4.7280037289068195,4.899579019721532,,,,,,,,,,,,,,,1,44100,16,14449.10554876766,0.025782312925170067,0.5412551688295509,153.3867174584641,NA,NA,1.888146,0.5412551688295509,0.48805,14.318744816125287,55,0.4058675781865928,-0.9537539638341088,-0.9259734501099395,0.9997606912981197,0.03842671594890212,0.5485636599621599,0.9866770410327342
Bass_Woh_21,260.4485473282856,Bass,Woh,21,Bass_Woh_21.wav,Vocals/Bass/Woh/Bass_Woh_21.wav,Bass_Woh_21.wav,87.82786000054945,5.8222425132590585,14.839298346782726,1.7940386240199382,-2.7511253827602578,2.252841583790589,12.330575856061074,3.5187405014345154,-18.755348230163584,3.8158943287100766,-6.436166782500547,5.380749549184378,-22.743461705268427,4.243124039534352,7.814994552729986,4.938436774075845,7.443388310748999,5.354797835339626,1.8926920614324572,4.850560982224019,-22.73444716861264,4.642091609774397,7.201266187439627,4.024361350687673,,,,,,,,,,,,,,,1,44100,16,12622.08093737861,0.030975056689342403,0.5247344352418083,152.93472684376917,NA,NA,1.696923,0.5247344352418083,0.584248,15.386746428593254,59,0.2836337445451844,-0.9646232045691779,-0.9633682451583775,0.9999090789084727,0.018655911509627664,0.5356108449580139,0.9796934475494831
Bass_Woh_22,276.01834825567676,Bass,Woh,22,Bass_Woh_22.wav,Vocals/Bass/Woh/Bass_Woh_22.wav,Bass_Woh_22.wav,88.50140661067832,5.985185435783753,14.459214102335208,1.8745928917562942,-3.646489103447486,2.270395440549995,9.857012189678526,3.4201086202415616,-21.78569712378144,4.178361968693473,-6.152513911547473,4.438723655905114,-20.613019696544807,3.435168161000882,10.873800181151177,5.014563662096278,2.8643880776966926,4.186846055370884,-7.073246236987374,5.506946749615396,-21.2169903397882,4.528047086256879,10.707616659549196,3.929138815758773,,,,,,,,,,,,,,,1,44100,16,12117.636051373802,0.032040816326530615,0.536567186016397,132.37532910207497,NA,NA,1.78125,0.536567186016397,0.547752,15.260092716664886,64,0.33389312370414054,-0.9521661753691384,-0.9520341710003475,0.9997890962737676,0.02456704577205684,0.5439468412822538,0.9864331315014889
Bass_Woh_23,292.44572247205184,Bass,Woh,23,Bass_Woh_23.wav,Vocals/Bass/Woh/Bass_Woh_23.wav,Bass_Woh_23.wav,90.06845734193561,7.477770712062494,13.526594775281342,1.1591006646776083,-2.7759239750286953,3.6123168981159983,10.21648560850151,2.0937738410795395,-15.787700570636666,1.9989613479691508,-2.4134681764789523,3.6152128250129265,-24.229666078797067,4.274320309011429,5.538272527517365,4.440629125011288,-0.5754664374971111,3.3572386026418375,4.7159662670839655,4.082804035104027,-28.488983558630338,6.492139126805429,4.157881725331621,2.9082417619089416,,,,,,,,,,,,,,,1,44100,16,12593.112565526528,0.024625850340136056,0.5354764033537641,151.01530937895444,NA,NA,1.613441,0.5354764033537641,0.60444,16.4585297536608,55,0.31953279920307964,-0.513249150135528,-0.5102561482468249,0.9789089937145632,0.3174393043551728,0.5462832986266998,0.9802174159449812
Bass_Woh_24,309.9643688773435,Bass,Woh,24,Bass_Woh_24.wav,Vocals/Bass/Woh/Bass_Woh_24.wav,Bass_Woh_24.wav,90.14664802321127,7.479093282149339,12.969901701839705,1.3699970804003894,-4.332084193375074,3.8194255037977487,9.001815461901026,1.983762734982473,-16.81137429277407,2.5372228466164755,-2.425238512156991,3.929092294496933,-22.23762599225999,4.396282616179258,8.231011538229355,3.644327788017665,-0.9269074349213541,3.51267200951339,-2.8189160288527093,4.697951932657643,-27.50898309926616,5.312620890635371,10.023945836684831,3.3417559188761725,,,,,,,,,,,,,,,1,44100,16,13332.6162851124,0.02743764172335601,0.5354166037040415,155.61814414079066,NA,NA,1.63782,0.5354166037040415,0.596725,16.974796505927436,52,0.3625525112792606,-0.6571050839987509,-0.5903917773738151,0.9847038110563634,0.25361221278826035,0.5428834206814572,0.986246002929979
Bass_Woh_25,329.433091541605,Bass,Woh,25,Bass_Woh_25.wav,Vocals/Bass/Woh/Bass_Woh_25.wav,Bass_Woh_25.wav,90.96501050916741,6.129348371108476,11.819733496885076,1.537745741040388,-6.570971226125252,3.234800326045882,9.62484204276428,2.649906740281342,-15.860254726467923,2.4397462908459944,0.7732375691862556,2.911675263856203,-31.03409679136861,4.2319849708894015,2.348553808725889,2.572212366448169,4.487021907750147,3.1158644048425472,3.7796959475841136,3.3432593264128943,-22.345571340459077,2.908514550656313,4.649776303290382,3.4090954131207956,,,,,,,,,,,,,,,1,44100,16,13429.389741488822,0.03192743764172336,0.5257405034632486,154.18225834315382,NA,NA,1.793328,0.5257405034632486,0.541988,17.344239887195787,58,0.2820735619689332,-0.7247327446041918,-0.5669175588103739,0.9831748448271546,0.27174101121008953,0.5369017711570138,0.9792117137745461
Bass_Woh_26,349.3775052603912,Bass,Woh,26,Bass_Woh_26.wav,Vocals/Bass/Woh/Bass_Woh_26.wav,Bass_Woh_26.wav,89.67342323535969,6.162063174545975,10.594548180910687,1.164781750456413,-7.206892370911209,3.2139856694370508,10.446471623787607,2.498959241056204,-15.085203352532714,2.9287045400883542,2.3608552432002057,3.382498882978317,-30.436812934146797,3.583532767790342,7.356870898009082,3.021701906669598,2.1284178615339875,3.474938630009792,-7.491988632059408,3.0937819358321637,-29.812871099252813,3.998881156015418,6.204431135882901,4.462310019257259,,,,,,,,,,,,,,,1,44100,16,12898.57981167516,0.021519274376417232,0.526673608413563,131.1995909826245,NA,NA,1.826621,0.526673608413563,0.518309,19.894937066703022,57,0.3057808158971007,-0.38183669421384053,-0.37283891930394475,0.9457997608871394,0.432074580505626,0.5341649381800786,0.9859756243230063
Bass_Woh_27,371.4248045337672,Bass,Woh,27,Bass_Woh_27.wav,Vocals/Bass/Woh/Bass_Woh_27.wav,Bass_Woh_27.wav,91.98962409049119,5.771865674860945,6.777489247176876,1.2302333988424785,-8.119532073984422,1.711603617315431,10.468775979460977,2.333501918009862,-20.372957290506456,2.6036700757365625,2.813968945964444,2.103487171525284,-27.47841659699907,2.4247497866597003,3.83188457981803,2.3508277494282157,-6.589729305586703,3.208180677029492,2.152506396717448,4.981173239747635,-19.914006278937528,2.5888451433048747,5.68393746462829,2.8144092101891123,,,,,,,,,,,,,,,1,44100,16,10053.060717579136,0.034761904761904765,0.5869864219343871,133.85205042106315,NA,NA,2.07519,0.5869864219343871,0.359636,16.262384913838016,53,0.3050507213606406,-0.5607308663916245,-0.5412480644864405,0.9882140555392002,0.2941415604186802,0.5935069831527102,0.989013505479437
Bass_Woh_28,393.3633039187301,Bass,Woh,28,Bass_Woh_28.wav,Vocals/Bass/Woh/Bass_Woh_28.wav,Bass_Woh_28.wav,93.83001005712939,5.710742807443226,8.429975412916972,1.0510744493221662,-5.995527465762962,1.527848378832102,8.729684043663678,2.2626059340607902,-22.414120949223552,2.170950228532309,1.454658302739177,1.9178325311704822,-25.769264508322568,2.2128184480676607,7.8138574203090165,3.27329051692446,-5.992424708251702,3.715674239902448,-2.4955672901835753,3.920204216376821,-22.338084092682053,3.3074994710300656,4.593497765427415,3.407925059463164,,,,,,,,,,,,,,,1,44100,16,13251.988687578068,0.035124716553287985,0.5548243535505778,130.5766432676511,NA,NA,2.02762,0.5548243535505778,0.389213,18.337131690359154,56,0.39379753432946957,-0.7730572330347902,-0.7621956262195834,0.9969665286721092,0.1345384119125968,0.5622398739855138,0.98681075324243706
Bass_Woh_29,415.305,Bass,Woh,29,Bass_Woh_29.wav,Vocals/Bass/Woh/Bass_Woh_29.wav,Bass_Woh_29.wav,96.65775043973355,6.623371869530068,5.477121446006083,1.3024307004743887,-11.556960285542758,3.0639350275837196,8.637334925865114,2.0615750062081144,-16.808659756451917,2.0086429248145445,3.5762109517092413,2.428967950388242,-26.51698987104542,2.4948539941941443,4.234022451312915,2.748537486875173,-0.06922610990986457,4.2302126230885175,-3.0705480224117867,2.8242917631800224,-29.790541395007445,5.679572936473724,7.3574555169913625,2.9996019661455247,,,,,,,,,,,,,,,1,44100,16,12873.779459584417,0.04970521541950113,0.6046928461780618,149.8936692107644,NA,NA,2.109715,0.6046928461780618,0.336275,18.956906180953595,51,0.3346131197355179,0.3292318864978129,0.3312039341141939,0.5532524851997392,1.1012204204294773,0.6154630842734293,0.9825005944782504
Bass_Woh_30,446.94821230555,Bass,Woh,30,Bass_Woh_30.wav,Vocals/Bass/Woh/Bass_Woh_30.wav,Bass_Woh_30.wav,96.59933994206669,6.048982196403264,5.002293640212558,1.5572052711250446,-11.958274032442148,3.015315168849012,5.201031315449416,2.9969686889294347,-21.012180338097874,2.698839460852847,2.862546917345319,2.5252222714663097,-23.26521057559934,3.33021999506454,10.581816273801566,3.412813712504404,-2.7065214095255854,3.5612196984086313,-12.250523775930604,4.736937679426624,-30.261463073586167,5.105188854199076,13.602805057260234,3.530160942526001,,,,,,,,,,,,,,,1,44100,16,12142.060555905933,0.056621315192743764,0.6098240047970377,163.51755616405646,NA,NA,1.993736,0.6098240047970377,0.412715,19.803687882674783,49,0.3048096086568965,-0.0012965010087434131,0.006193731532351727,0.7250776435961462,0.7341154941451659,0.6205921557332923,0.9826485867783312
Bass_Woh_31,479.521071952448,Bass,Woh,31,Bass_Woh_31.wav,Vocals/Bass/Woh/Bass_Woh_31.wav,Bass_Woh_31.wav,93.25065517225116,7.5905966867833845,5.904179431306512,1.6561042372057608,-19.08838983894986,5.5249293500964525,7.612198178459745,2.3672759064582305,-17.935797640650538,2.2098571773390354,1.2997404107261075,3.4292197454007964,-17.620094130652774,2.842938954829062,4.417813654195788,3.4328325740814223,-1.970262270213312,4.5271740400392,-7.155380979606352,3.6776493673205564,-33.28515773212114,2.9454952480356096,-4.035350041870906,5.563403851089918,,,,,,,,,,,,,,,1,44100,16,11608.392131150582,0.07335600907029478,0.6020230924800252,145.0498848887911,NA,NA,2.11463,0.6020230924800252,0.337005,17.971181165429357,47,0.2725638167549003,-0.3926780297817303,-0.3846104898231609,0.9359073342426351,0.41596359425533824,0.6154809396629679,0.9781344208801784
Bass_Woh_32,495.171467285464,Bass,Woh,32,Bass_Woh_32.wav,Vocals/Bass/Woh/Bass_Woh_32.wav,Bass_Woh_32.wav,94.42069980424444,7.703922624129517,6.688741305344839,1.43891125534197,-17.66305754659357,3.9014247212523556,6.558457476426385,2.0478902293754713,-20.706881305158568,3.525808733499776,0.8360079604199576,3.561756438320181,-17.112069634423126,2.317332629145592,6.633508018002063,3.206727592211576,-4.677428587518452,3.841623149076026,-12.306155157073773,4.371550030486105,-30.114292990073487,3.419433021802857,3.3575664101432303,4.442561900530666,,,,,,,,,,,,,,,1,44100,16,12344.69662348237,0.06233560090702948,0.5979381054176115,132.69775557684872,NA,NA,2.100857,0.5979381054176115,0.347363,18.690325845122224,50,0.2987646885014825,-0.5615765796595612,-0.48807247018230543,0.975139424774729,0.33546801446546287,0.6091893732778872,0.981530754878839
Bass_Woh_33,520.493723596594,Bass,Woh,33,Bass_Woh_33.wav,Vocals/Bass/Woh/Bass_Woh_33.wav,Bass_Woh_33.wav,93.98152954260476,7.16683194691265,2.856316356379862,2.1605643326146877,-20.252979061746547,4.91752885244312,6.829915213098751,2.584103422656328,-18.08113780440929,3.4349753177682576,1.3956961317666652,3.172924268422091,-14.763722708460874,2.8424634161226856,10.24902862961008,3.3516000652483586,-8.013382035821182,4.194428253257684,-17.463814751941694,4.153992213070939,-26.73790446179785,3.6164547156937177,11.429507806971909,3.6934300823425237,,,,,,,,,,,,,,,1,44100,16,10171.417913765168,0.0891609977324263,0.6190140047018317,146.38578805718595,NA,NA,2.094754,0.6190140047018317,0.358207,19.482858812184478,47,0.25814078518635886,-0.2192131775700938,-0.2166660693243841,0.8517597197444665,0.5483939316472413,0.6307770902824338,0.9813514381517326
Bass2_Ah_1,55.63280796165599,Bass2,Ah,1,Bass2_Ah_1.wav,Vocals/Bass2/Ah/Bass2_Ah_1.wav,Bass2_Ah_1.wav,79.8944737044108,4.771177049618361,12.927275076279505,2.1554915355433817,-1.95174700114842,2.60614966165683,8.171119767087239,3.097351279297753,-12.735760600610007,3.414772220341907,13.642902649621627,2.6181096509665998,-19.345728009481594,4.457511956703527,-7.182251324035943,4.683777791517305,-14.323120892331104,4.480897801685703,24.39007983824099,3.67724111366804,3.5932478276760764,3.3821041693312734,2.8979445032967845,2.6825713412466934,,,,,,,,,,,,,,,1,44100,16,3850.436014838187,0.020136054421768707,0.5727463998053353,195.55216777509165,NA,NA,1.731519,0.5727463998053353,0.565844,7.617895877877915,38,0.10022025273705659,0.5795842848620217,0.4660925736136816,0.355630319652279,0.9765493882020045,0.5802186923635664,0.9871215928466693
Bass2_Ah_2,58.88231457032311,Bass2,Ah,2,Bass2_Ah_2.wav,Vocals/Bass2/Ah/Bass2_Ah_2.wav,Bass2_Ah_2.wav,81.64847809561331,2.2433255390550224,12.510594650792921,1.738571526984278,-1.9219532122227052,2.6734516104268917,6.281716625025496,3.0488670923365446,-12.649949200777572,3.0326825201255745,11.671320558786244,2.4491932729166694,-21.285553118456562,4.419516221441437,-5.383683770313153,4.873543984577429,-8.72114396281948,3.6961355760039436,28.31855803649262,3.3055639281351734,-1.9608685922922655,2.956056909543198,2.5687437094760113,2.7920437227802104,,,,,,,,,,,,,,,1,44100,16,3836.770841474899,0.02179138321995465,0.5834532937823976,191.46025880855964,NA,NA,1.700477,0.5834532937823976,0.571886,8.032280313313874,36,0.09950696280503797,0.6312653227256603,0.6599257162392256,0.20786356290479535,1.0145961926879985,0.5902615254735394,0.9884657369702695
Bass2_Ah_3,62.147428250380536,Bass2,Ah,3,Bass2_Ah_3.wav,Vocals/Bass2/Ah/Bass2_Ah_3.wav,Bass2_Ah_3.wav,82.42798504233707,2.3922737033844004,12.406546148771211,1.64715596551596,-2.362288945970118,2.4594108606320115,5.114000698952885,2.92557909340252,-12.538985061279293,2.955572694369589,9.938389411731928,2.3075458745052337,-23.19576307851081,3.950280603207376,-2.3549831267801413,4.514673138081278,-2.2181604088175133,3.60261986768389,29.48876665638037,2.965551962194297,-9.113267324982353,2.3861442485917883,4.004884030191805,2.2646486134021613,,,,,,,,,,,,,,,1,44100,16,3777.4636546447,0.02469387755102041,0.5985793522288372,198.90901372009088,NA,NA,1.694566,0.5985793522288372,0.569759,9.237623141905692,32,0.09686879983238154,0.3919189805098494,0.4854360823580096,0.33775226256995616,0.975018613855734,0.6061557561710085,0.9875008958258018
Bass2_Ah_4,65.86537348383031,Bass2,Ah,4,Bass2_Ah_4.wav,Vocals/Bass2/Ah/Bass2_Ah_4.wav,Bass2_Ah_4.wav,83.23435186542513,2.2346296382485793,12.193121283741403,1.6297470133826624,-2.8811142298361805,2.5023091076542525,3.693125889438957,2.69773413667378,-12.402159105968048,2.869940371309501,8.423369466449,2.477789652417938,-24.23040630763879,3.8054035694880723,2.5225837120900603,4.521970300540184,3.32670335928133,3.3320673593080783,27.63050595958314,3.073339253401079,-14.634892527416774,2.398660308133863,7.425079739300575,2.432171559350354,,,,,,,,,,,,,,,1,44100,16,3755.7719199631374,0.024603174603174603,0.6058519785741595,187.6448840258524,NA,NA,1.751212,0.6058519785741595,0.546625,8.619880653407614,39,0.09656212532407205,-0.31469504491534656,-0.11107025089625379,0.7964036426914579,0.6371756328746595,0.6130359487622129,0.9882813231384577
Bass2_Ah_5,70.66900496029596,Bass2,Ah,5,Bass2_Ah_5.wav,Vocals/Bass2/Ah/Bass2_Ah_5.wav,Bass2_Ah_5.wav,86.66668653200239,5.11138873248884,10.494027558897749,2.505324447265664,-2.7332257394946295,1.823465729210462,4.243892549613444,2.2964046991161733,-3.2298746820526176,4.133038404334084,1.4267901393239193,2.579868227701591,-30.60373228326872,3.6159442918057936,5.128921126938026,3.5960810623499104,4.732287386598626,4.054519267016193,19.20968463606976,2.546492190073428,-6.222662966892859,3.1514841520565056,2.346027610042613,2.997990267660871,,,,,,,,,,,,,,,1,44100,16,4837.051379203024,0.0326530612244898,0.6099755327454071,166.6300140823192,NA,NA,1.732201,0.6099755327454071,0.551415,11.734497984924527,33,0.12286304066150147,0.23039852790472506,0.4311663232502912,0.40243983876137523,1.01252504538859,0.6198293519462827,0.9841023675791822
Bass2_Ah_6,74.90843408543094,Bass2,Ah,6,Bass2_Ah_6.wav,Vocals/Bass2/Ah/Bass2_Ah_6.wav,Bass2_Ah_6.wav,87.79587122740445,4.859809041104037,9.999525340108253,2.575700268503309,-2.7223865428866207,2.018984615518349,3.303312583503818,3.029324290308807,-2.9301542978925705,3.182196320806963,-3.1733642935043203,2.7933060074832827,-28.75688456272715,3.5327618786322827,10.843188965847846,2.9727432041113393,7.089723652047283,3.5917383680583046,17.324090589647017,2.798351536945376,-10.250732118496144,2.525511585955662,6.40913905533679,2.6776162860472805,,,,,,,,,,,,,,,1,44100,16,4830.747059711542,0.033560090702947847,0.6252377384565987,166.10582601221344,NA,NA,1.801855,0.6252377384565987,0.52175,12.704758976237068,38,0.12129041749901057,-0.3135196201242528,-0.1726345644103733,0.8486527664385254,0.598776453533763,0.6347504666195891,0.9850134365183674
Bass2_Ah_7,78.20650981619445,Bass2,Ah,7,Bass2_Ah_7.wav,Vocals/Bass2/Ah/Bass2_Ah_7.wav,Bass2_Ah_7.wav,90.03320565619418,3.2230573909645313,11.56029825809427,1.4624368508380214,-3.3737073237120576,1.247160234407715,0.1836495827598029,2.9256161100774967,-4.2687797693981535,2.551299469839823,4.914362878540894,2.2109051851699104,-28.619532967268935,2.9633825696231084,-2.3328939809978966,4.102575638600966,11.745212729918874,4.414617755937802,14.872143401607449,2.9013677780585687,-8.187730218299604,3.662657092720651,5.660062611055991,3.1063439795604824,,,,,,,,,,,,,,,1,44100,16,5359.241599070729,0.03070294784580499,0.6219503226445591,152.0553742212564,NA,NA,1.92803,0.6219503226445591,0.456161,13.561807985586817,33,0.12993643416617823,0.3462402035819818,0.47665141017033763,0.3612806811441685,1.019369570581003,0.6317941315221202,0.9844192777577003
Bass2_Ah_8,82.6616805254779,Bass2,Ah,8,Bass2_Ah_8.wav,Vocals/Bass2/Ah/Bass2_Ah_8.wav,Bass2_Ah_8.wav,91.20139622179937,2.8571059111787944,10.867866851016606,1.5874626567592716,-3.3939830277158323,1.5219777762907112,-1.6107993550095832,2.246400792573584,-2.8732539655370415,2.0329132872275992,1.0215737530744864,2.2949382440054227,-28.107978486831655,3.2386210013562198,4.081299741778556,2.8921319281612856,14.29937813842211,3.8626490857400104,10.986613365386278,3.2934380208526792,-9.346672341300488,3.215731966836649,7.5242401240777745,3.3736029118486983,,,,,,,,,,,,,,,1,44100,16,5361.297418489845,0.03374149659863945,0.6334473361877818,140.57350575893926,NA,NA,1.942473,0.6334473361877818,0.444275,12.875251347063365,32,0.129355026227443,-0.22995847988240073,-0.053756382030408625,0.7834164200829492,0.7034859293451786,0.6436458234675342,0.9841551255241435
Bass2_Ah_9,87.32137294618113,Bass2,Ah,9,Bass2_Ah_9.wav,Vocals/Bass2/Ah/Bass2_Ah_9.wav,Bass2_Ah_9.wav,92.22148873496056,3.909098952428743,11.78934541559712,2.340839834569449,-4.5065191156606454,2.3369057262146113,1.4171766229032388,1.7203551962732608,-0.5958037681368168,1.8098459692586213,1.3129424718466483,1.8137457486540216,-29.62495689795742,2.31708827811924,0.559605862810984,3.21899876879675,10.337847713251515,2.3949224191659377,14.048686810521277,2.3674286426864724,-8.094706071645298,2.205538161259896,1.8447366749276153,3.0826562941676316,,,,,,,,,,,,,,,1,44100,16,6389.5769073006095,0.036825396825396824,0.6286131948498417,139.45418124365963,NA,NA,1.905963,0.6286131948498417,0.468905,15.680353850151901,30,0.1445999746731178,0.41489408140773054,0.6054185462517618,0.25549765330020124,1.0395335797856848,0.639916430281056,0.9823363881651703
Bass2_Ah_10,92.19842718824243,Bass2,Ah,10,Bass2_Ah_10.wav,Vocals/Bass2/Ah/Bass2_Ah_10.wav,Bass2_Ah_10.wav,93.53985273078037,3.1052906234049438,11.489867988420631,2.1085877220145126,-5.291054224633978,2.3892522219512595,1.462444629995628,1.7345797587382914,-1.1180074614346731,1.840105866187794,-2.4693026293650586,1.8147422693882047,-29.336770633173703,1.9447837190269768,7.8187946305017,2.585803643142992,11.755025140839622,2.5788749377670896,10.581156132318231,2.5866100266380156,-11.068671464818177,2.6477218419929294,6.359703147772521,2.796167628383435,,,,,,,,,,,,,,,1,44100,16,6452.688391316922,0.03936507936507937,0.6428480691770533,141.0806393788494,NA,NA,1.920872,0.6428480691770533,0.457745,16.467008505233032,32,0.14615706584027058,-0.05360336740291589,0.06666848678572707,0.6949994793660739,0.7942880235761243,0.653783587118548,0.9832734896425109
Bass2_Ah_11,98.8679776543634,Bass2,Ah,11,Bass2_Ah_11.wav,Vocals/Bass2/Ah/Bass2_Ah_11.wav,Bass2_Ah_11.wav,92.44718608986632,3.714462774087116,13.43766597208612,1.655726273410845,-7.933032489436042,1.9699979105113112,3.730926261636954,2.6792864900412834,-2.2915138198468297,2.0768214655142563,3.2396166248501492,2.498376904543066,-26.00905769493124,3.523682425720328,-2.6324134884712103,3.541958518428185,11.983141723549876,2.6868276199846286,14.29803133671999,2.779103933520068,-13.21198313157186,3.78818106273336,5.521815268872735,2.5809096942249448,,,,,,,,,,,,,,,1,44100,16,6501.836720198145,0.030453514739229026,0.6377404241780993,149.45611296344276,NA,NA,1.865556,0.6377404241780993,0.493124,11.389325753289674,29,0.1460024429230526,0.4115288217641007,0.572169792803484,0.28846090614055303,1.060022213042538,0.6485750477412889,0.9832947264916804
Bass2_Ah_12,104.42609656018372,Bass2,Ah,12,Bass2_Ah_12.wav,Vocals/Bass2/Ah/Bass2_Ah_12.wav,Bass2_Ah_12.wav,93.80939933775217,3.7932689695378214,12.722782844140294,1.420725681609786,-7.971739081414522,1.832436142625661,3.0994804388981896,2.7688734141997777,-1.9447751081261968,1.9121301007991935,-0.15843735613080595,2.332008015873343,-25.778693498684728,3.6567969490604315,3.0640408904172873,2.846262523338347,13.964857025392833,2.749676466979107,9.27482735983053,2.9709285668685843,-13.653490015650133,4.105598377899423,9.009833314987603,2.7608486434258066,,,,,,,,,,,,,,,1,44100,16,6540.963672479656,0.03145124716553288,0.6470013841307084,145.99201506364298,NA,NA,1.954512,0.6470013841307084,0.435435,11.984187681089672,32,0.14504345689427792,0.21978910470479032,0.2772519467428325,0.5584258605581608,0.9868591334076748,0.6579477441697121,0.983362873212952
Bass2_Ah_13,109.02072988228886,Bass2,Ah,13,Bass2_Ah_13.wav,Vocals/Bass2/Ah/Bass2_Ah_13.wav,Bass2_Ah_13.wav,93.58745954643105,3.107083335870453,12.694419539559812,1.388406658766253,-9.769457786656933,1.8658947973075901,4.193127541196132,1.6473722758777514,-1.7052361893759374,2.2437630245370825,-0.2113970073472957,1.902847419143476,-30.792779640997658,3.154446920344107,2.185916722126373,2.3085875943032885,14.263449743594748,2.483317909118462,9.111803691166742,3.200550613730588,-9.258592031162854,2.7931756161944383,-0.3290921487083326,2.677464300278565,,,,,,,,,,,,,,,1,44100,16,7117.666385091034,0.05607709750566894,0.636081827015812,147.54416872696876,NA,NA,2.03542,0.636081827015812,0.381147,15.753518624633184,34,0.13090603365292286,0.6376305996518093,0.7637829644368126,0.1473529239692744,1.1002533176208489,0.6521924623636903,0.9752977283891171
Bass2_Ah_14,115.6817960256753,Bass2,Ah,14,Bass2_Ah_14.wav,Vocals/Bass2/Ah/Bass2_Ah_14.wav,Bass2_Ah_14.wav,94.6060325977178,3.396603244294847,11.877945898812827,1.2306205323202812,-10.171221590357911,1.9012183946204326,4.18431185268008,1.6650383444737062,-2.3389345679436677,2.440884318132801,-4.1265288572763135,2.3293650820241494,-29.82757010839184,2.726943511420531,9.163239535523193,2.2152325545640386,14.415829705285601,2.0606808601629223,5.608054095675368,3.0496151962649067,-11.343814144036369,3.4298093674337338,5.8020374433928055,2.8824028187599255,,,,,,,,,,,,,,,1,44100,16,7182.939336370541,0.06213151927437642,0.6447254399254781,160.24620610592186,NA,NA,2.023917,0.6447254399254781,0.386837,15.861178319661827,31,0.13202788871731175,0.5120210173471536,0.5424588576810327,0.36367734803301377,1.226026022421406,0.6615662430191311,0.9745440410973841
Bass2_Ah_15,123.23970660197509,Bass2,Ah,15,Bass2_Ah_15.wav,Vocals/Bass2/Ah/Bass2_Ah_15.wav,Bass2_Ah_15.wav,95.04973250410717,3.9301601653709444,13.607017919997777,1.2454948002961528,-12.999947628882726,1.976278918822411,7.0943955361566085,1.55125302116824,-2.509272138851289,1.9662228255337058,1.0653393550939239,2.5252745819098728,-29.43035213183145,2.845864177646381,-2.322068974614358,3.178854775160188,10.514136465616392,1.998072393982559,16.414739821935243,2.603163481472468,-16.28807882639741,2.334740601682469,-1.5939995440361234,2.707076770293854,,,,,,,,,,,,,,,1,44100,16,8046.3123223355415,0.06306122448979593,0.6434969429785306,146.43440068108734,NA,NA,2.025843,0.6434969429785306,0.386878,14.925116924166698,33,0.1455120058447941,0.7703802557684044,0.8525680634196452,0.08889260568066967,1.116987310740566,0.6592930060197593,0.976040906096378
Bass2_Ah_16,130.65511663190566,Bass2,Ah,16,Bass2_Ah_16.wav,Vocals/Bass2/Ah/Bass2_Ah_16.wav,Bass2_Ah_16.wav,96.53976717843467,3.410542376192922,12.28593358055591,0.9252942465017062,-12.497317932105052,1.7327760897310076,6.06188101525713,1.714949021837525,-2.0203739616601566,2.1516326029376494,-3.075982216758172,2.7325776660755094,-27.96014023322685,2.727382114428308,3.2605802181032666,2.5202583714013387,13.9796249663052,2.4619228862173097,10.027109240125176,2.5639370075961256,-19.205210037243422,2.0942373338931506,4.323810647936726,1.922889324702247,,,,,,,,,,,,,,,1,44100,16,8159.834880204802,0.06768707482993197,0.6525232484423772,147.392738788501,NA,NA,2.040591,0.6525232484423772,0.37577,15.88719354795398,39,0.1460872515076454,0.7128062034015151,0.7260589789498549,0.19104925820548924,1.2037711120560175,0.6681861881342134,0.9765590190728545
Bass2_Ah_17,135.93551665187815,Bass2,Ah,17,Bass2_Ah_17.wav,Vocals/Bass2/Ah/Bass2_Ah_17.wav,Bass2_Ah_17.wav,96.93393125368864,4.75502741647454,11.766234296157062,1.2765066778075107,-12.328929150216487,1.5529500215735204,10.420352439489733,1.996476443364677,-4.07783015976278,2.260621303912343,1.3800534307171075,2.1443692011043836,-29.19691631410219,3.0742973486327574,-4.588793710290407,3.653284258212912,8.62796586019918,2.522358295006418,14.781086120988576,3.538065603460171,-19.668174220313087,2.937826593065081,1.5581809655318821,2.277797632499146,,,,,,,,,,,,,,,1,44100,16,8612.846087802094,0.06253968253968253,0.6557630109512418,141.1742224977467,NA,NA,2.026821,0.6557630109512418,0.388794,20.441430313414532,37,0.15221305963123746,0.8580665911271169,0.9111627735808457,0.0538301698554478,1.1580530017659798,0.6735889418398419,0.9735358914297044
Bass2_Ah_18,144.45320139353643,Bass2,Ah,18,Bass2_Ah_18.wav,Vocals/Bass2/Ah/Bass2_Ah_18.wav,Bass2_Ah_18.wav,98.74547683212647,2.5200188944353643,10.983767573238408,1.2056394843645262,-12.335369703763629,1.8546725593432163,10.089428010869353,1.9729284872580746,-5.207785622998389,3.0140121654157923,-2.1194548309592434,2.4389048530379354,-30.089319424350464,3.9746355455764757,2.5799478713817576,4.380268572391943,10.659289072501737,3.32529203568245,9.091206582091278,2.8475756640862966,-21.476414309290693,3.1570735032736907,10.290276348736448,2.631787875993956,,,,,,,,,,,,,,,1,44100,16,8815.927985969696,0.06931972789115647,0.6662067191500213,138.03456491625306,NA,NA,2.121531,0.6662067191500213,0.302441,19.85977040065067,39,0.1575770296135902,0.6981872966204025,0.7510709981478391,0.1938484974459952,1.3636116297682859,0.6833471204135766,0.974916992035934
Bass2_Ah_19,153.6147844572934,Bass2,Ah,19,Bass2_Ah_19.wav,Vocals/Bass2/Ah/Bass2_Ah_19.wav,Bass2_Ah_19.wav,98.41947102359862,3.9523782093679727,11.199331000086836,1.575128677858714,-13.956635339775563,2.6287280156483717,9.204193564446985,2.053703498680932,-4.100444490732242,2.460866275288465,0.315769587255514,2.9481589688723733,-23.692860679480095,2.998254302385317,-2.2950183862526883,4.65021308360154,8.160047576593037,3.3440453521010514,15.967921636586132,4.320386846584689,-17.51221132117977,3.399471746892307,-1.6212027781178624,3.9654387976738033,,,,,,,,,,,,,,,1,44100,16,8169.554143720759,0.07403628117913832,0.6716863092361457,136.29573425378328,NA,NA,2.136419,0.6716863092361457,0.301631,15.515295298671195,40,0.15081852135358081,0.8953932047992751,0.9106288216010809,0.05187781587023634,1.1090739987891505,0.6879398852793293,0.9763735518306458
Bass2_Ah_20,162.48657528324307,Bass2,Ah,20,Bass2_Ah_20.wav,Vocals/Bass2/Ah/Bass2_Ah_20.wav,Bass2_Ah_20.wav,99.38065990343044,4.314501819470291,10.083043346115321,1.2781060053265214,-13.714649971716641,2.7188116111751026,8.929222021303923,1.9903107286275017,-5.124998138891573,2.336170443143398,-2.4721628173565136,2.7821634521607805,-22.192396049784527,2.73392821015035,2.1764321048676525,3.0207648440646406,11.329434951257221,3.0400337325177595,10.044240677984233,3.9722698472036173,-21.352078597571218,3.334695283776878,4.011417299231612,2.496653888857697,,,,,,,,,,,,,,,1,44100,16,8235.593991864827,0.07551020408163266,0.6784608089588777,122.59664198621378,NA,NA,2.142028,0.6784608089588777,0.295397,19.597073732824907,43,0.14835139691727578,0.590098028674546,0.7132930027477113,0.22567483466744168,1.3485792772324399,0.6955293048785609,0.975459702704168
Bass2_Ah_21,173.382954464412,Bass2,Ah,21,Bass2_Ah_21.wav,Vocals/Bass2/Ah/Bass2_Ah_21.wav,Bass2_Ah_21.wav,99.8107193822593,3.3212028577989816,12.13606779188078,1.7206713661618884,-13.67651283863162,2.4114429006325064,13.53917680992781,2.261230672979565,-7.0954057526279035,2.3784435683386698,1.1007873052035702,2.418145071500506,-19.7533688878262,2.9427469442336496,-7.851655122363176,4.127514614595644,3.0184402888745776,2.637552732415225,21.574495376512594,3.018439306159639,-21.990572207470816,2.966275836262308,-5.1748625889725695,3.0298557634421823,,,,,,,,,,,,,,,1,44100,16,10060.225544670091,0.06941043083900227,0.6745815682163839,125.69685785320246,NA,NA,1.999449,0.6745815682163839,0.398927,16.57026938534083,39,0.2308972333906939,0.8940072419006383,0.8970868260110332,0.05989758240083637,1.1041435229149485,0.6863864707037607,0.9828013764967235
Bass2_Ah_22,185.56301361570183,Bass2,Ah,22,Bass2_Ah_22.wav,Vocals/Bass2/Ah/Bass2_Ah_22.wav,Bass2_Ah_22.wav,101.0291114734194,3.5333957532005793,11.123839857807193,1.8425545981387905,-13.379737212558075,2.223768511593051,12.808129992081065,2.134111491391166,-8.71139619804519,2.676309794944914,-0.8051514978880828,2.569240739957845,-20.8361681682666,2.6022161339918752,-4.466430431240569,3.099307818402432,8.314160602341836,2.7546684342765637,15.159422230044607,2.6006991556124155,-27.90931853791687,2.8919845345752586,4.404078503411661,2.4630564498192316,,,,,,,,,,,,,,,1,44100,16,10108.127703832768,0.07351473922902495,0.6849436715393996,124.5232836275681,NA,NA,2.058876,0.6849436715393996,0.358022,20.889841733270174,41,0.2316280123966741,0.8391905357667263,0.8679606547227187,0.10003313916273913,1.415168847830919,0.6969986494318542,0.9827044458374762
Bass2_Ah_23,195.00273003708617,Bass2,Ah,23,Bass2_Ah_23.wav,Vocals/Bass2/Ah/Bass2_Ah_23.wav,Bass2_Ah_23.wav,99.30521972732254,4.519068743591902,11.872652171716894,2.115303167495329,-12.345429877577002,2.036693663266779,12.607324591037134,2.4473489025439283,-6.304132022807579,2.8276019157288346,-0.5186211677335666,3.11194179143012,-25.24981372576747,3.0327653786895916,-2.4852876079238495,3.314905141153424,4.2715488142081535,3.49653562521389,16.441605169534775,2.977931451372027,-21.24272427415178,2.622635931233495,-3.819600560340225,3.083875109298798,,,,,,,,,,,,,,,1,44100,16,10535.962268781785,0.0707936507936508,0.6561252812630906,139.93027789747228,NA,NA,2.103127,0.6561252812630906,0.338815,12.98830831019429,39,0.21771161833376051,0.6176318190169531,0.7610449375497385,0.16372087515936182,1.206585938854593,0.6707523203679344,0.9781930845996621
Bass2_Ah_24,207.05221891232915,Bass2,Ah,24,Bass2_Ah_24.wav,Vocals/Bass2/Ah/Bass2_Ah_24.wav,Bass2_Ah_24.wav,100.24304229643523,4.696076094885617,10.869320269629286,2.248971700694438,-12.305887377316045,1.7028551958917362,12.36777223243322,2.4177745864999363,-8.42765866239848,2.6699327701468007,-3.760730766269891,3.1979994749763954,-26.540903750878822,2.5811851043619893,1.6744043979209002,3.3561342864769954,6.05361618771277,3.8328516570896216,11.924636790081587,3.7019124684236613,-25.29951005794496,2.854077798088413,5.698636115661167,2.9447977262139284,,,,,,,,,,,,,,,1,44100,16,10693.498941472824,0.07680272108843537,0.6658503601174066,134.73598734186214,NA,NA,2.044017,0.6658503601174066,0.36654,14.447120443395429,41,0.21886301382902873,0.4646695377103259,0.4925877409938161,0.44053924628807817,1.2958762165583142,0.6808339170330977,0.9779923465314629
Bass2_Ah_25,219.61091060244576,Bass2,Ah,25,Bass2_Ah_25.wav,Vocals/Bass2/Ah/Bass2_Ah_25.wav,Bass2_Ah_25.wav,102.79283849006501,3.9333256180996172,9.075883087175534,2.6955700466637125,-11.091144668262636,1.5379353501941746,12.153954349054787,2.3926109199564465,-10.329327140073556,3.736013821174538,-0.6230176649219077,3.4569607511791425,-26.58820187039413,2.680148470490203,-7.594821651881983,2.728689841028763,3.953007461466494,3.106544456155218,9.190602634251686,2.432218292947149,-22.30388962766072,2.055708837634015,-2.9832845760155013,3.011547997630703,,,,,,,,,,,,,,,1,44100,16,11946.78915088914,0.07054421768707483,0.6776295072621595,126.64967580139594,NA,NA,2.189663,0.6776295072621595,0.256768,15.405554052495866,45,0.31231404518211214,0.9298583913858482,0.9293277185004503,0.05363740593265481,1.4642817780686852,0.6872540184075995,0.985995700443134
Bass2_Ah_26,232.506803108891,Bass2,Ah,26,Bass2_Ah_26.wav,Vocals/Bass2/Ah/Bass2_Ah_26.wav,Bass2_Ah_26.wav,104.07550854983745,4.134895003565824,7.335785770417499,2.7654154499987964,-10.217499769298644,1.7784748158793873,9.532989173518768,2.48039985191887,-10.255180703343786,3.969943985735676,-4.812571546857013,4.328878815314906,-25.8769891376806,3.1459353242152375,-4.0610685304445315,3.4269955960007263,7.159155373089291,3.4371976944924505,2.9159770427454834,3.624076086154516,-21.67259856109592,3.7118166481107284,1.958537471433483,2.617573341651359,,,,,,,,,,,,,,,1,44100,16,12018.385390023846,0.07646258503401361,0.6875513191007814,128.25925899720383,NA,NA,2.175399,0.6875513191007814,0.267061,16.87243219990122,49,0.3113157076825296,0.8757305557100888,0.9043822213449183,0.06588491690006473,1.3122043427914607,0.6971848828149478,0.9861821964996286
Bass2_Ah_27,248.34548074921705,Bass2,Ah,27,Bass2_Ah_27.wav,Vocals/Bass2/Ah/Bass2_Ah_27.wav,Bass2_Ah_27.wav,101.06486108820287,2.917788733543924,7.991697829721987,1.3093559460541067,-9.605611321321756,1.7633778706328747,12.456497727243493,1.750349214804404,-11.645130770084126,2.0172862390984525,-0.9648082147958297,2.4895475798232702,-31.568733231736914,2.863064997871413,-5.425570847161825,3.7385844019856393,-0.8285090947063256,3.214645495865243,12.302959698074096,2.5090382139033305,-27.240887184351713,3.6173111705088417,-3.7676077850208665,4.34745182166454,,,,,,,,,,,,,,,1,44100,16,12645.35681636718,0.04351473922902494,0.6529767397245154,134.82033373790105,NA,NA,2.203614,0.6529767397245154,0.247106,14.679494679053544,49,0.3376105793886751,0.30382954253823946,0.5087765732630425,0.4327218528682759,1.3290909162934512,0.6599267960550549,0.9894684435120897
Bass2_Ah_28,263.01719721636107,Bass2,Ah,28,Bass2_Ah_28.wav,Vocals/Bass2/Ah/Bass2_Ah_28.wav,Bass2_Ah_28.wav,102.91850421258484,1.2756401562170003,5.412563787328138,1.35743619924703,-8.515690022732288,1.5553402437429205,8.571664799897492,2.04388031052128,-10.38166381288548,1.7561637845163551,-6.3465134996437085,2.7261873113839794,-29.23826402201527,2.005851181018685,-3.462593045655958,2.671184214484899,5.567043792327055,3.102537937636731,6.429821101665124,2.522350586284186,-25.88772311303288,3.384081719655762,1.2724515111678112,3.238454228587238,,,,,,,,,,,,,,,1,44100,16,12741.150795593525,0.04691609977324263,0.6660521235013888,131.19584191484353,NA,NA,2.132746,0.6660521235013888,0.295923,16.366864834982263,51,0.33813945985978094,0.244193766336195,0.2626665383034877,0.6224523285360531,1.0659352487857952,0.6725716089188446,0.9903066300584173
Bass2_Ah_29,278.66251310605634,Bass2,Ah,29,Bass2_Ah_29.wav,Vocals/Bass2/Ah/Bass2_Ah_29.wav,Bass2_Ah_29.wav,103.25383150447455,1.5093824947438432,4.4104159304712685,1.5101643639574356,-8.590468158589893,1.8063525936655729,7.599259951818945,1.864019786903901,-11.05875988633514,2.0206846804262293,-8.88772639107737,2.7780526548384836,-26.40596082598725,1.9599264146789417,1.6230489241679542,3.1792912415295835,7.387223186556249,3.3212758778390628,-4.338119780562592,2.999920649904378,-24.59686525103073,3.2052314825607215,4.83814579988703,2.4889629250685865,,,,,,,,,,,,,,,1,44100,16,12734.117536683669,0.050770975056689344,0.6708259443881288,127.18126117607767,NA,NA,2.148217,0.6708259443881288,0.29655,17.56152539138065,50,0.3348902900076248,0.25789555265748826,0.26104357287076385,0.5605638215989192,0.956613107970927,0.6774060166406178,0.9902863687495413
Bass2_Ah_30,294.94507864099944,Bass2,Ah,30,Bass2_Ah_30.wav,Vocals/Bass2/Ah/Bass2_Ah_30.wav,Bass2_Ah_30.wav,104.64421713670494,1.8429020300167207,3.8817972306095476,1.3808976424173602,-7.318948623352654,1.6657226644976488,4.818318977721149,1.9926246942013073,-12.471230403302574,1.5028736026068432,-12.882106768208132,3.292257588544862,-23.375634676711087,1.3397137838916369,4.645668522007363,2.2295322302489065,6.8227876034534205,3.0028370994566034,-12.427837273182472,2.8917230150286786,-19.528749512859754,3.7260205394211754,6.866168208666182,2.446459980822513,,,,,,,,,,,,,,,1,44100,16,12785.48714989165,0.05653061224489796,0.6756479957210111,141.68930785976053,NA,NA,2.162746,0.6756479957210111,0.280708,17.072880308905315,44,0.3346807128238197,0.2567405225591812,0.2566770856102926,0.5568094734536021,0.941353606614395,0.6825592347319462,0.9898745212733818
Bass2_Ah_31,312.68857807837526,Bass2,Ah,31,Bass2_Ah_31.wav,Vocals/Bass2/Ah/Bass2_Ah_31.wav,Bass2_Ah_31.wav,104.24479738818428,1.7043431064694634,1.717447831670137,1.3642921487626223,-7.977173952690826,1.3187872212354492,4.205332864520276,1.4284630598351857,-11.853969140471033,1.3307460646135298,-13.353154402107416,2.845453332511631,-19.052626740550863,2.1857584960190475,10.02849977058046,2.1485320045940344,3.9266907165886122,2.731534320735787,-19.62017057263323,3.323553984517928,-14.132573247899288,2.9204950707820156,6.7870907151636315,2.762963279756193,,,,,,,,,,,,,,,1,44100,16,12684.800125582755,0.06303854875283446,0.6823409644309137,135.64021730352835,NA,NA,2.169564,0.6823409644309137,0.266741,17.4296975880481,50,0.3275888639792283,0.2032564101207777,0.2254914329062568,0.5918438410598987,0.9364642144099757,0.6897918320921828,0.989198382302281
Bass2_Ah_32,331.2226950980321,Bass2,Ah,32,Bass2_Ah_32.wav,Vocals/Bass2/Ah/Bass2_Ah_32.wav,Bass2_Ah_32.wav,104.75772884633795,2.127962715428356,1.5234529105638164,1.4028904404860225,-8.98556381570105,1.3939977431316797,0.9079231125027964,1.9996376075897184,-15.919096845110163,1.369366057807848,-14.539162260811839,2.746814385780041,-15.428484800161689,2.3718021128145077,13.673705486730634,2.503537517710731,-1.634098724178555,2.223613533560975,-18.866646226159087,2.511303866231464,-4.795153597420622,3.0289106552779033,10.775359791477134,4.350926527368112,,,,,,,,,,,,,,,1,44100,16,12917.003547108505,0.0690249433106576,0.6839844228119852,137.36844994604493,NA,NA,2.167624,0.6839844228119852,0.260665,18.688230200070855,48,0.3316818763505595,-0.10223948306198924,0.004138012549556049,0.8272640455126067,0.8341389519660434,0.6915155114613432,0.9891092990330139
Bass2_Eh_1,58.51585736869012,Bass2,Eh,1,Bass2_Eh_1.wav,Vocals/Bass2/Eh/Bass2_Eh_1.wav,Bass2_Eh_1.wav,72.23912650154558,5.088013012440951,6.19323717300104,2.72493918628933,-12.363210904195709,2.9972348978590255,11.916673149853889,3.8123416390557807,0.31871137117698184,2.841528762834203,40.74461847594128,4.368553806822022,6.586757613800581,2.8639406465113413,0.006219759868842899,3.6882644141946805,0.2291147139954242,3.7617412688740397,12.848485316999712,2.9756666301614194,-2.17051433532562,2.691873757895687,-3.288160072255204,3.8493386663892353,,,,,,,,,,,,,,,1,44100,16,4281.964843997698,0.015873015873015872,0.5141822283898301,182.23897514395662,NA,NA,1.44039,0.5141822283898301,0.668059,17.091387525275348,38,0.10922458912573316,0.6349621971567783,0.5601617512830217,0.2792877346211191,0.9906688252542899,0.5204774427506259,0.987904923741696
Bass2_Eh_2,61.39304424869599,Bass2,Eh,2,Bass2_Eh_2.wav,Vocals/Bass2/Eh/Bass2_Eh_2.wav,Bass2_Eh_2.wav,73.15537412683992,3.868815321461989,5.952749139408722,2.053337645501743,-11.912442358466363,2.865519386174003,12.82057231592943,3.675937155653731,2.966940880519675,2.9094313717519547,42.032586314368615,3.738031505386334,-0.17792434815673305,2.701682997837379,0.3053339627584071,2.9823284652104602,0.9227232304046507,3.4524752006481507,12.439364364394093,3.0205020660414004,-5.989963688527194,2.70091283891774,-2.4043063421107855,3.598316780407786,,,,,,,,,,,,,,,1,44100,16,4306.837292543602,0.01526077097505669,0.522823512145783,188.6698622750172,NA,NA,1.583106,0.522823512145783,0.624377,16.994419980572385,40,0.11108774976662839,0.7307564758435027,0.7061396605152409,0.17461242027493235,1.013791707897584,0.5286983805985086,0.9888880528703814
Bass2_Eh_3,64.16749440283091,Bass2,Eh,3,Bass2_Eh_3.wav,Vocals/Bass2/Eh/Bass2_Eh_3.wav,Bass2_Eh_3.wav,73.7188263499655,3.8085453430595573,5.217003871676208,2.0754830119423504,-11.070113674549352,3.223431382388528,13.971264424900884,2.9527604340884173,5.970888480834108,3.1403773519419547,41.28061829225122,4.0680248136593145,-5.934019534357043,3.650959126028438,1.8069980025316394,2.3919311542082915,1.4902911457981483,3.654180703393984,10.870985414782208,2.8625823467877374,-9.245447338241954,2.629367063222928,-0.22986800455813455,3.580060302080547,,,,,,,,,,,,,,,1,44100,16,4313.488508218831,0.0173015873015873,0.5322569599975073,188.9348617605151,NA,NA,1.553032,0.5322569599975073,0.636845,17.438707782124336,40,0.11155159985673148,0.7404236752380073,0.7251969933440183,0.16412295652486678,1.0303541965604908,0.5383249213438748,0.9887280690419842
Bass2_Eh_4,68.35471919380527,Bass2,Eh,4,Bass2_Eh_4.wav,Vocals/Bass2/Eh/Bass2_Eh_4.wav,Bass2_Eh_4.wav,74.33011692087759,3.9889075798059155,4.530570472435161,1.9139901386142335,-9.914178838897106,3.2846415497418877,14.833274151362499,2.913712504333636,8.870678663411466,3.688302792845448,39.851004093536076,4.123608861144409,-11.61760733863076,3.583151162760689,3.992072045787937,2.2996810159436034,1.5422010241679942,3.6323864222043123,9.210898774003816,3.014180443815785,-12.513621002776906,3.063965356452246,4.06788956432681,2.922710137967037,,,,,,,,,,,,,,,1,44100,16,4307.676621052111,0.01802721088435374,0.5395626849932003,184.52724242366796,NA,NA,1.51789,0.5395626849932003,0.648823,17.41198365355376,39,0.11222617966793683,0.7458397604035645,0.7330797470804276,0.16575179392017786,1.0762056230025585,0.5455006569162124,0.98911463836436
Bass2_Eh_5,71.17478627939593,Bass2,Eh,5,Bass2_Eh_5.wav,Vocals/Bass2/Eh/Bass2_Eh_5.wav,Bass2_Eh_5.wav,74.9444903894626,3.9614906872233897,5.061623819639106,1.8719988402024075,-9.582439027145323,2.196669827083335,13.504784503946675,2.5645832203353054,14.54043891936543,3.493865723425169,35.538105380205785,3.401324779931078,-14.138853620189206,2.488323240077918,7.36231646424089,2.6620932656597622,2.2898958165753065,2.959751891813342,6.888139368327227,2.796023778525238,-10.961510151046697,3.621084575143209,7.467943394802802,2.9978565624179843,,,,,,,,,,,,,,,1,44100,16,5267.800641118334,0.015873015873015872,0.5091080144118183,183.07040759053305,NA,NA,1.395726,0.5091080144118183,0.668607,16.75546726063382,33,0.15011671053533843,0.7274719946876073,0.7082332865310722,0.19048783708292005,1.1152665775871848,0.5135018340826103,0.9914434197131122
Bass2_Eh_6,73.2860072962177,Bass2,Eh,6,Bass2_Eh_6.wav,Vocals/Bass2/Eh/Bass2_Eh_6.wav,Bass2_Eh_6.wav,79.74151319431282,3.806000018317573,5.231217296219046,1.266913448608907,-10.549116549904685,1.38733910610954,11.958372744485914,1.331842078562477,20.039100154912372,2.120352842834039,35.803040539749425,2.475966768704902,-17.249424294329334,2.074000879002154,7.663951426789646,1.8876203380640286,10.975096537475423,2.7145385980261967,-0.08993819609378581,1.8987093259524506,-12.117768639474312,2.4934401598611577,10.018029182069965,2.1868275237612194,,,,,,,,,,,,,,,1,44100,16,8267.786000905526,0.03036281179138322,0.5134806411194044,168.8236642580596,NA,NA,1.480863,0.5134806411194044,0.647969,15.35578361776567,33,0.2252393424979262,0.9140529174571961,0.9062718848907413,0.05587310317731407,1.1363647458860735,0.5193973324579845,0.9886085450023779
Bass2_Eh_7,78.84790009723005,Bass2,Eh,7,Bass2_Eh_7.wav,Vocals/Bass2/Eh/Bass2_Eh_7.wav,Bass2_Eh_7.wav,86.38235585908704,3.7274305926991564,4.524488218439698,1.014906106969483,-9.756056982693591,1.4901244687144306,10.332077952825108,1.9423018531747334,9.625033245871627,1.9631521554519962,42.266572484339214,2.6409835271247086,-6.679783313509385,2.8437259613699264,-1.3153142342039228,2.780174856413804,13.873498913719402,2.741087657504979,2.1648029791745835,3.0237206472755367,-17.552515882107794,2.9966489222978505,7.872787484004601,2.476424820083052,,,,,,,,,,,,,,,1,44100,16,9576.197786606652,0.02385487528344671,0.5536661600484104,143.32742165665064,NA,NA,1.915235,0.5536661600484104,0.455048,19.198651843339665,33,0.24086609560864597,0.6888199202113536,0.686844635431555,0.19977906651140148,1.0761311628197432,0.5616098424628766,0.9858555142487709
Bass2_Eh_8,83.48588370311266,Bass2,Eh,8,Bass2_Eh_8.wav,Vocals/Bass2/Eh/Bass2_Eh_8.wav,Bass2_Eh_8.wav,87.3529491993992,2.6580220656559677,3.7044178811425765,0.823132407884394,-8.396778723525976,1.619033152031874,10.635344800280434,1.8031741000943629,13.625714371605314,1.5009698743655069,40.18012123783091,2.1875292177394714,-12.687216744692105,2.320172990375864,2.147482186326542,2.9664353194896393,13.250071042415835,2.987848524476613,-3.8415332949297123,2.2128106695559135,-15.689955947034035,2.4812072277421495,12.87118554267166,2.351037476014425,,,,,,,,,,,,,,,1,44100,16,9567.923986116377,0.025215419501133787,0.5748274883588556,143.48286315726855,NA,NA,1.969182,0.5748274883588556,0.416383,18.521680999362065,31,0.24185120306676577,0.6891813466515473,0.6869173449896155,0.21150685203934524,1.1396178343942098,0.5824756712085557,0.9868695239513932
Bass2_Eh_9,87.76729268225401,Bass2,Eh,9,Bass2_Eh_9.wav,Vocals/Bass2/Eh/Bass2_Eh_9.wav,Bass2_Eh_9.wav,88.73220857425999,2.6209539333720366,4.713021761356728,1.3392309828329314,-10.883275541992637,1.8328604567239506,9.052800693148708,2.0941738414031796,10.227157712769406,1.847254373413497,44.26763449865145,3.3228782483478256,-13.84114893245626,2.451029703953187,2.3937113898406137,3.071440459539722,11.688359084703448,2.5527580803808925,0.9921697926296207,3.5958065712511393,-14.279754679321181,2.5761400263384036,6.7057618203570515,2.5027118200041145,,,,,,,,,,,,,,,1,44100,16,9607.629685266267,0.03623582766439909,0.60583784111678185,133.9412923783657,NA,NA,1.925181,0.60583784111678185,0.449101,24.762452903323545,38,0.22837530424441987,0.7668863920254055,0.7697094699916069,0.13927805339916077,1.070307537411584,0.6146118168703255,0.9857243620888682
Bass2_Eh_10,93.01855446886928,Bass2,Eh,10,Bass2_Eh_10.wav,Vocals/Bass2/Eh/Bass2_Eh_10.wav,Bass2_Eh_10.wav,89.52471838580223,2.5826325572006965,3.3955012138422918,1.1662718829000673,-9.208478903021241,1.5524781140428168,9.188291162438912,2.0715891649849727,15.4211958329156,1.9996693853288423,39.61091644639617,3.3653611926583618,-18.35646247916938,2.312216004213797,6.758352538939606,2.5343970886684923,10.422900798457412,2.1976732266751435,-3.839190060114079,3.38869271896802,-12.144339659453514,2.84021138254805,10.594779139567148,3.1725212221907553,,,,,,,,,,,,,,,1,44100,16,9536.688291233702,0.039478458049886624,0.6082205195200225,139.94570728273584,NA,NA,1.901244,0.6082205195200225,0.460896,21.02172665326869,34,0.22866743626406755,0.7776074068016235,0.7777497712176089,0.1388918551509041,1.110977320793976,0.6169069009445253,0.9859194614111088
Bass2_Eh_11,99.38983819854528,Bass2,Eh,11,Bass2_Eh_11.wav,Vocals/Bass2/Eh/Bass2_Eh_11.wav,Bass2_Eh_11.wav,87.99547121011194,5.779394589144615,4.539747689536501,1.3400329925566772,-12.988153718774274,2.497510508460239,13.748062033063738,2.8284583174038893,11.092654460450547,2.1239511181951527,39.977771628770675,4.0962124334426635,-10.001465383581994,2.5542987724865727,-4.9926611312976386,2.7389726064279296,18.555299108141085,3.2300042697610647,-4.419196100395577,1.9599213282339787,-11.545422855057181,2.9831469897162077,6.039020454652014,3.2195108612972416,,,,,,,,,,,,,,,1,44100,16,9508.868651818042,0.044081632653061226,0.6114299770698934,151.35853452184415,NA,NA,2.042708,0.6114299770698934,0.359189,23.434844083839806,31,0.2492135078480187,0.841471830224412,0.840863193383336,0.09656069933446268,1.1169951258375557,0.6206175672364469,0.985196052043024
Bass2_Eh_12,105.10345913278344,Bass2,Eh,12,Bass2_Eh_12.wav,Vocals/Bass2/Eh/Bass2_Eh_12.wav,Bass2_Eh_12.wav,89.16554901857606,5.0538387617177625,3.596466364785056,1.2216610481950523,-11.912856570643875,2.1984700749318864,14.749846089521574,2.954997115885266,14.645715007859446,2.3527757008908776,37.08644762748757,2.705477167308494,-15.622772545983338,2.8981874614283623,0.1702887892065266,2.645161719825132,16.917847348107454,2.71149835134851,-10.621993290136448,2.9081358643538313,-7.575441539009332,2.4720577354139346,8.56680620504191,3.2605773515238026,,,,,,,,,,,,,,,1,44100,16,9495.66323415396,0.0490249433106576,0.6213914392114129,154.2679483147407,NA,NA,2.017497,0.6213914392114129,0.36851,22.505305282653637,33,0.2488444584961369,0.8499263710936262,0.8479535939578079,0.0975609550244401,1.18574402486923,0.6302384350990115,0.9859624621494107
Bass2_Eh_13,109.46768235878297,Bass2,Eh,13,Bass2_Eh_13.wav,Vocals/Bass2/Eh/Bass2_Eh_13.wav,Bass2_Eh_13.wav,87.79115126719228,5.2423443675459955,4.999493033850794,1.5279429683708812,-12.805938696498096,3.170881008962768,14.587792991120788,1.851372044958377,10.450484223625528,2.1664674958790644,40.35540423133595,3.1914372437670298,-13.784882132942327,2.875155522366117,2.1187966284221,2.3812797380883057,10.026414777956479,2.6789175650193293,-0.07130409306858558,2.7967944616818188,-16.22504029532552,2.9382004535197073,9.589124975785886,3.1427127892705915,,,,,,,,,,,,,,,1,44100,16,8851.675986119335,0.037891156462585035,0.6161868357920897,158.89015073313152,NA,NA,2.015329,0.6161868357920897,0.389874,17.033293775981278,28,0.24015563424796535,0.8474049898532408,0.8462495911681551,0.09445617356278041,1.1342387519393184,0.6245396680834304,0.9866256176857849
Bass2_Eh_14,118.95418168112238,Bass2,Eh,14,Bass2_Eh_14.wav,Vocals/Bass2/Eh/Bass2_Eh_14.wav,Bass2_Eh_14.wav,88.86331639370984,5.83254167484343,3.5871213628468834,1.759306319391733,-11.237102456754931,3.3313778015629425,15.029401911736885,1.740433231356868,14.1976597076995,2.193372884910495,36.35344999692319,3.5326772993859894,-18.01531950716096,3.2099855964392763,5.989635523419211,2.191089007497201,8.241387515183085,2.371446729223754,-5.119669391764049,3.1999595878237415,-12.474548838297363,3.520999295332714,12.58433621219355,2.743288982312225,,,,,,,,,,,,,,,1,44100,16,8768.596650036514,0.04160997732426304,0.6304403752727737,153.50206845545625,NA,NA,1.914872,0.6304403752727737,0.462263,17.724104351752757,25,0.23849053262872855,0.8590735175319384,0.8570775096834587,0.09866589034203245,1.2820250019522412,0.6395599534118679,0.9857408549574691
Bass2_Eh_15,122.7612879344868,Bass2,Eh,15,Bass2_Eh_15.wav,Vocals/Bass2/Eh/Bass2_Eh_15.wav,Bass2_Eh_15.wav,88.09512891762681,5.7998018619488265,4.60459035781543,1.9038069620231834,-11.213631589927326,2.138353922750843,13.033069574449,2.268877617500488,9.540669537046108,1.7829648867541221,40.256631718917504,2.3982782045035664,-13.055074914319578,2.3701806093232416,-3.0680171447480795,2.5414673464289175,15.211383370691689,3.019030751838554,-7.190573835821681,2.8709692520084977,-13.64234035209991,2.9819707994143134,10.452638906889854,2.4850502862867425,,,,,,,,,,,,,,,1,44100,16,7545.297744588722,0.0463265306122449,0.639596513785043,160.5802032713413,NA,NA,2.08262,0.639596513785043,0.312195,22.615160841454912,32,0.21311116246687975,0.72656631330111765,0.7275757968430545,0.18491796904617397,1.1726557479971786,0.6489881954655315,0.985528732654757
Bass2_Eh_16,129.99986924282413,Bass2,Eh,16,Bass2_Eh_16.wav,Vocals/Bass2/Eh/Bass2_Eh_16.wav,Bass2_Eh_16.wav,89.1855069163733,6.152232324141782,3.663736254748512,1.3452661011953286,-10.375646856538179,1.9289209836719845,14.176350207291737,1.9865033686471771,12.398571661630674,1.7836576004522564,37.01394151104648,2.1852919474665273,-18.4115246775998,2.447941212376005,2.318677794281184,2.294626397488402,11.288863005978483,2.32689739387741,-11.417202986399184,2.8135719002232746,-8.989528784806682,2.6144091711202853,10.52158326530071,2.6651711910071776,,,,,,,,,,,,,,,1,44100,16,7431.323843602134,0.04861678004535147,0.6511578043762005,147.7471775045734,NA,NA,2.014098,0.6511578043762005,0.378527,23.190837861775847,31,0.2085605069120342,0.7391014906320553,0.7412710002735601,0.20422916347353615,1.374481871543584,0.6603115155221365,0.9861372837959704
Bass2_Eh_17,138.0215762982061,Bass2,Eh,17,Bass2_Eh_17.wav,Vocals/Bass2/Eh/Bass2_Eh_17.wav,Bass2_Eh_17.wav,90.49349919275262,6.455809810331166,4.94316841072693,1.5764463066723904,-14.299709065046033,2.8178207717798602,13.840525702742095,2.262219072334339,10.621748237830193,2.257663979011257,35.58783032019109,2.509871742708863,-8.729406366572645,3.5140825431377616,-10.089445598783259,3.688737983059925,12.818528467929307,2.6077701964840556,-5.56596657586651,2.6344565990947606,-16.174933128476585,2.450178618245703,5.423450852342926,2.5731865424386484,,,,,,,,,,,,,,,1,44100,16,7462.316282029445,0.05442176870748299,0.6607612677569299,142.7811846437647,NA,NA,2.140088,0.6607612677569299,0.275463,22.52496474561674,32,0.1768413515937814,0.8554066578557663,0.8528749312141813,0.08858122408156108,1.1155809871934683,0.67241787670208,0.9826646355651328
Bass2_Eh_18,145.84551827496088,Bass2,Eh,18,Bass2_Eh_18.wav,Vocals/Bass2/Eh/Bass2_Eh_18.wav,Bass2_Eh_18.wav,92.50355531749241,4.138712776410526,3.789620898745628,1.1777087213795165,-12.97235147332378,2.4151477327292725,14.36224072531776,1.8376869809705352,13.61213887616009,2.2171666738846616,32.33550076761333,2.6458753002702293,-14.216473496884547,2.9318405293394205,-8.314926105415973,2.79803740627919,13.32096437612347,3.130820700741981,-12.393363125134533,3.7284404888059313,-11.094332297933052,3.0242261696711377,6.184884073032461,2.613525047915712,,,,,,,,,,,,,,,1,44100,16,7468.294093065816,0.05780045351473923,0.6721148403633797,136.96602259971488,NA,NA,2.095669,0.6721148403633797,0.330274,22.15885503080891,33,0.17482585734005446,0.8659109403041124,0.8653783888565657,0.08767679968962236,1.2148896893743963,0.6830893558647914,0.983933997203751
Bass2_Eh_19,151.00187980897095,Bass2,Eh,19,Bass2_Eh_19.wav,Vocals/Bass2/Eh/Bass2_Eh_19.wav,Bass2_Eh_19.wav,92.8521431578498,3.8923997036619933,3.875315533351914,1.5017504740874912,-12.316465576647884,2.790656500849528,13.33647054504251,2.86644967577614,12.011973985404053,2.689524331424806,35.04874751946834,3.1824301512916464,-9.51805104438897,2.8477422866612097,-8.264762454065576,3.205123665676047,9.1357323339552,2.890380009130638,0.4408857471528637,4.866917723170528,-16.83157971989312,4.017226143837698,5.959427728413241,3.2343206311385964,,,,,,,,,,,,,,,1,44100,16,8685.646862222184,0.05555555555555555,0.6490244719001991,130.5483242167953,NA,NA,2.160202,0.6490244719001991,0.261296,22.339638485931374,41,0.21270917839783487,0.8617645221619444,0.8599047600697614,0.08148667547649595,1.081817309970445,0.6595900075700287,0.9839816620194812
Bass2_Eh_20,160.83954528536734,Bass2,Eh,20,Bass2_Eh_20.wav,Vocals/Bass2/Eh/Bass2_Eh_20.wav,Bass2_Eh_20.wav,93.96929915847748,3.953754757949497,2.4001078329609964,1.6297857603286223,-10.708612546125854,2.8765795735114974,13.847285343072182,2.0920563553437574,15.391274658593613,3.023870568420764,31.053382253956034,2.295455997399376,-14.540173183581178,2.623861248711268,-6.029357841080231,2.2134724764260856,10.938718328782825,2.9630467540517307,-6.314844227743495,3.2738890267520793,-12.216232088729797,3.6080123136151143,6.260696609656567,2.7015323706253893,,,,,,,,,,,,,,,1,44100,16,8663.30704231249,0.06058956916099773,0.6616803066303824,132.6536400041912,NA,NA,2.122224,0.6616803066303824,0.308723,22.31221383017071,38,0.21087997503877953,0.8875799815353492,0.877665982629168,0.08113224169725602,1.2452730123919515,0.6726824229861829,0.9836444123112958
Bass2_Eh_21,174.67268766179242,Bass2,Eh,21,Bass2_Eh_21.wav,Vocals/Bass2/Eh/Bass2_Eh_21.wav,Bass2_Eh_21.wav,95.80928928288256,4.922689320824822,7.12232916664528,1.5586044451931549,-15.550532608719667,2.0969424181581235,10.761282788394375,3.092488304670714,8.705863254654039,2.262620149280995,32.044719348306074,3.031659908540958,-5.533468942526436,3.1184687101867867,-5.306092775536425,3.370704190940216,-0.6547344807921667,4.114527720165969,5.6328295467488205,3.4786348887148337,-17.603977590469153,3.1267448807887406,6.330042829248595,2.6757646321632462,,,,,,,,,,,,,,,1,44100,16,9942.96720570459,0.04941043083900227,0.649915710281844,128.39423756488088,NA,NA,2.151685,0.649915710281844,0.301464,20.005593501243922,44,0.22820480079071948,0.4428117861091412,0.43820028006148526,0.3831877218597993,0.9809557914254571,0.6613804191082473,0.9826654849536348
Bass2_Eh_22,185.81715206412835,Bass2,Eh,22,Bass2_Eh_22.wav,Vocals/Bass2/Eh/Bass2_Eh_22.wav,Bass2_Eh_22.wav,97.29038549273469,5.016250387381205,4.765332566188582,1.3380952556420966,-13.247565065857316,2.2469566386285114,9.32641702285269,2.523096152804051,13.389146861593808,2.1711788025264425,28.031170021617168,2.550018699043931,-8.89622328120361,2.193270551830596,-7.130345834010016,2.97720941403751,4.069089641477842,3.7840015442565567,-1.1773685511304137,3.595558877742416,-13.020382204933977,2.981027793800162,5.781210351093822,3.2981918076440477,,,,,,,,,,,,,,,1,44100,16,9803.657314502554,0.053083900226757366,0.661937512497724,135.6412285885459,NA,NA,2.142906,0.661937512497724,0.280603,20.30903666583482,33,0.2233096053775071,0.48912425116164965,0.47992785627898593,0.41178873889847273,1.171794399979934,0.6734041945137345,0.9829720662427852
Bass2_Eh_23,196.22004499752975,Bass2,Eh,23,Bass2_Eh_23.wav,Vocals/Bass2/Eh/Bass2_Eh_23.wav,Bass2_Eh_23.wav,97.94104737643941,5.502035955817914,3.6168741045971258,1.60462881344164,-12.839781243150682,2.5505654850472936,13.920414314175567,2.8257373117361224,9.28365887984748,2.665478021633146,28.54118632466561,3.5002559891658334,-5.266902745723454,3.157298937488882,-7.88488476358111,3.1237150346147637,-2.0609284645655137,3.5198145804454044,1.0136664633364412,2.7004894447559336,-25.068564600948893,5.072289356942197,10.569033381348218,3.3724392644960397,,,,,,,,,,,,,,,1,44100,16,10669.182569576236,0.054943310657596375,0.6658134703923283,137.1433518478701,NA,NA,2.170075,0.6658134703923283,0.281941,16.827129909702226,39,0.25234191928993366,0.7009389330190456,0.6979017811841037,0.20620884375919513,1.1589686443269709,0.6794428560149219,0.9799403503886509
Bass2_Eh_24,207.88697037464976,Bass2,Eh,24,Bass2_Eh_24.wav,Vocals/Bass2/Eh/Bass2_Eh_24.wav,Bass2_Eh_24.wav,99.25186403505663,5.552812036584225,1.7187924146838345,1.429065542919877,-10.93365638217148,2.1256280778736696,13.236375160966665,3.158153511267354,12.822003129870245,3.8150027921316028,24.01805269846455,2.851256020311343,-9.047902349727512,2.617181498902165,-10.863741659947113,3.0203239194061497,1.2675767281301487,3.170638205134649,-6.6787760451560745,3.9599751804153858,-18.01413431982178,2.7627598857348072,10.25486781845403,3.1069669562799476,,,,,,,,,,,,,,,1,44100,16,10541.047532333749,0.05879818594104309,0.6767739071715959,128.5205290817515,NA,NA,2.199836,0.6767739071715959,0.237258,17.603339816309788,45,0.24868021932904708,0.6986916541672908,0.6995191004989124,0.2517456521182273,1.4238726819337586,0.6904008442980764,0.9802622820655227
Bass2_Eh_25,218.5434231467347,Bass2,Eh,25,Bass2_Eh_25.wav,Vocals/Bass2/Eh/Bass2_Eh_25.wav,Bass2_Eh_25.wav,100.63586439541353,4.583829321174638,3.628380712979511,1.215535840955459,-16.936649008245872,2.3422148423587146,16.096100731976453,3.405944763423258,5.36510806043351,3.356834213662621,25.670380531657536,3.0954858587676135,-9.380640517949502,2.488536708020731,-8.44927937448837,2.5883265927298145,-3.0955672563576213,2.9925152741184498,2.5973266038014065,3.387018440703745,-23.814330051191845,3.586527307954558,11.268865700141937,2.87393352586818,,,,,,,,,,,,,,,1,44100,16,10959.90094445446,0.09453514739229026,0.6964150320978948,119.79976744290487,NA,NA,2.170882,0.6964150320978948,0.267865,14.836225196063427,58,0.2345742749306922,0.7082882616900176,0.7018902398402115,0.2368247630576717,1.3520179701070008,0.7110660755294017,0.979395665275412
Bass2_Eh_26,231.78438814003405,Bass2,Eh,26,Bass2_Eh_26.wav,Vocals/Bass2/Eh/Bass2_Eh_26.wav,Bass2_Eh_26.wav,102.36080637074099,3.5343374360573585,1.8017212705767485,1.3266704512469867,-14.980433343732075,1.9890378702795104,14.428285908406847,3.211343092814712,7.905646589148853,2.8984178877265676,20.125681813273722,3.509133650530792,-13.627488363319188,3.0397305945859587,-11.720750548939561,3.2227815524052814,0.46157541920849404,3.4689149232965635,-4.7665518337194825,3.708629182774179,-18.615019606059953,3.3479440005065713,9.93754080522256,2.7874575348862605,,,,,,,,,,,,,,,1,44100,16,10938.412502862473,0.1045578231292517,0.7062468033815054,126.6074695613138,NA,NA,2.191637,0.7062468033815054,0.248375,16.649205262929325,61,0.23363992481482132,0.716878438319605,0.7166639840224056,0.22549918278739978,1.3662446836558397,0.7211831534666092,0.9792891028952808
Bass2_Eh_27,245.7540014372112,Bass2,Eh,27,Bass2_Eh_27.wav,Vocals/Bass2/Eh/Bass2_Eh_27.wav,Bass2_Eh_27.wav,103.5374105052725,4.776965246938521,1.8693343030359129,1.2529754325342397,-16.968052570717866,2.362134140796432,12.311666302357064,3.2733773160433612,1.7108570102399694,3.416103234504219,18.36507168936479,3.173388802551691,-10.836882065608625,3.6656536070086676,-8.703093512465768,3.980734654862871,-5.937955487540518,3.568124035037301,-1.3646541926989566,2.6622037028850687,-25.589005931717878,4.383175055265627,11.699251123805292,2.5092587763583576,,,,,,,,,,,,,,,1,44100,16,10920.420317058642,0.09024943310657596,0.7245564185555349,121.79068382660492,NA,NA,2.173443,0.7245564185555349,0.2669,16.054440592791547,56,0.22723953817512893,0.7856632104180734,0.7693522668465977,0.19225682876264721,1.4748467333155324,0.7390194598496358,0.980429417518933
Bass2_Eh_28,260.32937842101074,Bass2,Eh,28,Bass2_Eh_28.wav,Vocals/Bass2/Eh/Bass2_Eh_28.wav,Bass2_Eh_28.wav,104.3111533560691,4.04800608715601,-0.3119219852033325,1.336636943760427,-15.531407515212067,2.0057021801056374,9.956156481956812,3.284462766949341,3.971590231864531,2.6989755351945237,14.887454616754729,3.0454895078748727,-12.960262874243819,3.028409195150866,-9.076019913988068,3.6964039257861327,-1.041883647390612,2.920810912380783,-7.545123642651151,2.9201131588389884,-21.802084142965587,4.418493665923743,13.100917470656343,3.387380041886076,,,,,,,,,,,,,,,1,44100,16,10840.824656845676,0.09653061224489796,0.7332549145610259,126.28742018107684,NA,NA,2.169714,0.7332549145610259,0.275569,15.992863813880273,46,0.22543609086552235,0.7985188970090822,0.7981288836691847,0.1495598317082779,1.3321759849519657,0.7478730651738446,0.9804537009105674
Bass2_Eh_29,374.2664829198038,Bass2,Eh,29,Bass2_Eh_29.wav,Vocals/Bass2/Eh/Bass2_Eh_29.wav,Bass2_Eh_29.wav,NA,NA,NA,NA,NA,NA,NA,NA,NA,NA,NA,NA,NA,NA,NA,NA,NA,NA,NA,NA,NA,NA,NA,NA,,,,,,,,,,,,,,,1,44100,16,1119.3063776138144,0.02219954648526077,0.6131123323143974,154.0145904152711,NA,NA,2.253312,0.6131123323143974,0.165894,20.787659141992467,56,2.343807675178695e-5,0.8428564154373472,0.8001591057639134,0.15471336467029548,1.3936520513443191,0.7583401700643176,0.8084924899368012
Bass2_Eh_30,380.0759121564302,Bass2,Eh,30,Bass2_Eh_30.wav,Vocals/Bass2/Eh/Bass2_Eh_30.wav,Bass2_Eh_30.wav,NA,NA,NA,NA,NA,NA,NA,NA,NA,NA,NA,NA,NA,NA,NA,NA,NA,NA,NA,NA,NA,NA,NA,NA,,,,,,,,,,,,,,,1,44100,16,973.2667298212659,0.02056689342403628,0.6159842091371951,154.9840411045368,NA,NA,2.252575,0.6159842091371951,0.176207,20.901841128643472,54,3.36310130729483e-5,0.9625307508228136,0.956480499028849,0.03210882258908496,1.4434973710742922,0.7657202171999605,0.8044507579931597
Bass2_Eh_31,383.0168320563474,Bass2,Eh,31,Bass2_Eh_31.wav,Vocals/Bass2/Eh/Bass2_Eh_31.wav,Bass2_Eh_31.wav,NA,NA,NA,NA,NA,NA,NA,NA,NA,NA,NA,NA,NA,NA,NA,NA,NA,NA,NA,NA,NA,NA,NA,NA,,,,,,,,,,,,,,,1,44100,16,876.1309830561174,0.020272108843537414,0.6206789522223569,156.64146201490087,NA,NA,2.225187,0.6206789522223569,0.203266,22.562276713548886,58,2.8070394217366047e-5,0.9727861819885474,0.9705795044055814,0.02329109674319063,1.5600334715628135,0.7756513880843523,0.8002034957421592
Bass2_Eh_32,384.8779081159987,Bass2,Eh,32,Bass2_Eh_32.wav,Vocals/Bass2/Eh/Bass2_Eh_32.wav,Bass2_Eh_32.wav,NA,NA,NA,NA,NA,NA,NA,NA,NA,NA,NA,NA,NA,NA,NA,NA,NA,NA,NA,NA,NA,NA,NA,NA,,,,,,,,,,,,,,,1,44100,16,801.2759799693499,0.020113378684807257,0.6205120402152438,162.1533482820159,NA,NA,2.185912,0.6205120402152438,0.262545,24.913903252013874,57,2.599102053486574e-5,0.9871768640578058,0.9845568052369948,0.01361790476611835,1.7499944792129711,0.780377278124942,0.7951436537288531
Bass2_Ih_1,58.51585736869012,Bass2,Ih,1,Bass2_Ih_1.wav,Vocals/Bass2/Ih/Bass2_Ih_1.wav,Bass2_Ih_1.wav,72.23912650154558,5.088013012440951,6.19323717300104,2.72493918628933,-12.363210904195709,2.9972348978590255,11.916673149853889,3.8123416390557807,0.31871137117698184,2.841528762834203,40.74461847594128,4.368553806822022,6.586757613800581,2.8639406465113413,0.006219759868842899,3.6882644141946805,0.2291147139954242,3.7617412688740397,12.848485316999712,2.9756666301614194,-2.17051433532562,2.691873757895687,-3.288160072255204,3.8493386663892353,,,,,,,,,,,,,,,1,44100,16,4281.964843997698,0.015873015873015872,0.5141822283898301,182.23897514395662,NA,NA,1.44039,0.5141822283898301,0.668059,17.091387525275348,38,0.10922458912573316,0.6349621971567783,0.5601617512830217,0.2792877346211191,0.9906688252542899,0.5204774427506259,0.987904923741696
Bass2_Ih_2,61.3247203444729,Bass2,Ih,2,Bass2_Ih_2.wav,Vocals/Bass2/Ih/Bass2_Ih_2.wav,Bass2_Ih_2.wav,73.16365705815839,3.8836010754263732,5.943217465928995,2.0617572573608745,-11.896047847364692,2.8407239210049875,12.80122273442955,3.6894228091435983,2.982260154987954,2.941093859184296,42.02262029119016,3.7298105932640584,-0.1691328165366472,2.689576591631329,0.3026811503704665,2.9807530299562077,0.9255311301205639,3.452776099734027,12.443932756507616,3.0143936978916104,-6.002486460036498,2.72129985417572,-2.393232702899722,3.588178402853822,,,,,,,,,,,,,,,1,44100,16,4311.062237717593,0.015215419501133786,0.5227281850354643,188.5174993356224,NA,NA,1.583719,0.5227281850354643,0.624228,16.84697678775008,42,0.11114429438424157,0.730642289684163,0.7059902656670799,0.17471976688612112,1.013810723660687,0.5286018140532812,0.988888367649028
Bass2_Ih_3,64.16749440283091,Bass2,Ih,3,Bass2_Ih_3.wav,Vocals/Bass2/Ih/Bass2_Ih_3.wav,Bass2_Ih_3.wav,73.72403835916525,3.8161664037361835,5.214506076039957,2.077516687284058,-11.06431051082672,3.2198866479012462,13.964505071655223,2.9560684994005846,5.975895904352357,3.144909195582555,41.27028370527712,4.064189542420813,-5.928289433641168,3.64531678272986,1.7994739281222765,2.3938018629778215,1.488566218541541,3.6494575322498797,10.869565813360522,2.867654322787405,-9.249694578060872,2.6186792016783724,-0.2273877680008819,3.578234482883996,,,,,,,,,,,,,,,1,44100,16,4312.260765556259,0.017210884353741497,0.5323335434981022,188.84125046246893,NA,NA,1.55159,0.5323335434981022,0.637551,17.289419081694273,41,0.11154045505729204,0.7407616595904812,0.7255510506113323,0.16388836196149326,1.0304201775796706,0.5384105882702707,0.9887129917119724
Bass2_Ih_4,68.38175577135193,Bass2,Ih,4,Bass2_Ih_4.wav,Vocals/Bass2/Ih/Bass2_Ih_4.wav,Bass2_Ih_4.wav,74.3252121282551,3.976280918904402,4.531744935670931,1.9151250219746716,-9.901089366477331,3.276650331659231,14.82038249933947,2.9122468781579944,8.889697690909857,3.71498746394926,39.85304007668782,4.125250268028775,-11.628424453954189,3.6153277861153303,3.9734487506598763,2.3080369901400424,1.5453637026349445,3.630017753767308,9.199249150760679,3.0275643434098423,-12.489866745218272,3.055289455023939,4.059178190339264,2.9296930930523684,,,,,,,,,,,,,,,1,44100,16,4308.641128458776,0.018117913832199545,0.5394755815096509,184.77307920994656,NA,NA,1.520262,0.5394755815096509,0.648082,17.405676525362164,38,0.11228301746944991,0.7461051424891526,0.7333064659529975,0.1654091333428978,1.0750343887242386,0.5454034250258096,0.9891312682609609
Bass2_Ih_5,71.17478627939593,Bass2,Ih,5,Bass2_Ih_5.wav,Vocals/Bass2/Ih/Bass2_Ih_5.wav,Bass2_Ih_5.wav,74.95814003400505,3.9695298640048335,5.041360129522535,1.9143387048271354,-9.551955821601751,2.191642746554607,13.467082970309477,2.573370959871301,14.580613022102,3.5681494842613772,35.49669514426946,3.4251921007505546,-14.088317846925829,2.5384614214245222,7.311131932774738,2.7563695966646473,2.342044005072956,3.0778437721302523,6.839376112281013,2.891759950815213,-10.919231540205622,3.6731867612675693,7.426337370157905,3.007102928793541,,,,,,,,,,,,,,,1,44100,16,5267.988128853245,0.01578231292517007,0.5091166957913222,182.91645658910218,NA,NA,1.397368,0.5091166957913222,0.668255,16.80490919515948,35,0.15012677109235317,0.7271935641576402,0.7079433412299866,0.19067981456325717,1.11509294450547,0.5135087345901425,0.9914470027421719
Bass2_Ih_6,73.2860072962177,Bass2,Ih,6,Bass2_Ih_6.wav,Vocals/Bass2/Ih/Bass2_Ih_6.wav,Bass2_Ih_6.wav,79.74237864022578,3.80671175697627,5.230324448334171,1.2697079120819703,-10.548318704952138,1.3899562892664286,11.958292199539553,1.332653760402742,20.038159819586888,2.1218413160282363,35.8025131828743,2.4755792186458407,-17.247584580121316,2.071185644239734,7.6598668851338365,1.8778906045858823,10.979362667709822,2.7074907989244137,-0.09130645804691039,1.8963023914838197,-12.11548403635388,2.493385374489785,10.015093211933227,2.1859738956605628,,,,,,,,,,,,,,,1,44100,16,8268.228658371716,0.030408163265306123,0.5134760088135895,168.84777787072107,NA,NA,1.480868,0.5134760088135895,0.647993,15.36588337165332,32,0.2252759043155601,0.9140841027582756,0.9063022780159232,0.05585443079185553,1.1363715830134242,0.5193926708088755,0.9886084992572733
Bass2_Ih_7,78.84790009723005,Bass2,Ih,7,Bass2_Ih_7.wav,Vocals/Bass2/Ih/Bass2_Ih_7.wav,Bass2_Ih_7.wav,86.38045416841442,3.725251741953316,4.527114561521958,1.0122687930287497,-9.758926100076257,1.4884921640010633,10.335513753875514,1.9408440744896611,9.619475111687795,1.9598074342568328,42.27300692124614,2.6322671892354927,-6.685804742195619,2.835389205077786,-1.3106534458304615,2.778178070164231,13.868600541576047,2.755258892529757,2.1704923821318824,3.032560260343683,-17.560642582576495,2.9938519156477725,7.880850702257921,2.471089702540442,,,,,,,,,,,,,,,1,44100,16,9576.18816509699,0.023900226757369615,0.5536520440101469,143.33352707356204,NA,NA,1.915224,0.5536520440101469,0.455135,19.194769270285093,34,0.240836564454371,0.6888153169753146,0.6868390366140328,0.19978451476811962,1.0761376985754867,0.561595513051234,0.9858555332859962
Bass2_Ih_8,83.4839304154771,Bass2,Ih,8,Bass2_Ih_8.wav,Vocals/Bass2/Ih/Bass2_Ih_8.wav,Bass2_Ih_8.wav,87.35276062177927,2.657596760163894,3.702867090483016,0.8629545740851019,-8.394955675601073,1.6528285295097025,10.633271406466339,1.7804156596254361,13.6274948902807,1.5426960538501235,40.179545752540086,2.3812184041742195,-12.684252152644188,2.3845849222240014,2.1341225336570218,2.7718384497052413,13.25942180465459,2.8253466533388,-3.853606605802105,2.1662521871555995,-15.680102570575533,2.4884708994240747,12.852114022557663,2.232018149496125,,,,,,,,,,,,,,,1,44100,16,9562.928978384969,0.02526077097505669,0.5749382457812436,143.95301179276507,NA,NA,1.97429,0.5749382457812436,0.412389,18.52843842141109,30,0.2416450275185473,0.6892370621512672,0.6869734434145502,0.21146248015310834,1.1396208429986352,0.5825899053743373,0.986866130836618
Bass2_Ih_9,87.76729268225401,Bass2,Ih,9,Bass2_Ih_9.wav,Vocals/Bass2/Ih/Bass2_Ih_9.wav,Bass2_Ih_9.wav,88.73341127051035,2.620596234903364,4.712549298516951,1.340144382030092,-10.884337712145062,1.8316336742055421,9.052485982185601,2.0947761065969703,10.225671593845169,1.8466451682890739,44.26342605783144,3.3259249187901676,-13.839430373003623,2.4530756822220616,2.3941727334876184,3.0676219413912467,11.693090731310207,2.5523717794843304,0.993386929021004,3.5972157623813246,-14.271034484105815,2.5743744503406885,6.704472896417532,2.499236805407273,,,,,,,,,,,,,,,1,44100,16,9608.444760810551,0.03623582766439909,0.6058160063674649,134.11598382309387,NA,NA,1.925582,0.6058160063674649,0.448772,24.72798257961353,37,0.2283851864097901,0.7668746721032869,0.7696981102400823,0.13928606187077885,1.0703094131466429,0.6145891981507517,0.9857251123031698
Bass2_Ih_10,93.01855446886928,Bass2,Ih,10,Bass2_Ih_10.wav,Vocals/Bass2/Ih/Bass2_Ih_10.wav,Bass2_Ih_10.wav,89.52875326318913,2.578632353863484,3.389917452129304,1.177648138205777,-9.201279087955037,1.5667949188930448,9.183041807599894,2.068311208963268,15.428831048126387,2.0015202266240837,39.598775820818226,3.3734591630304727,-18.349778766955044,2.307622013542894,6.747629417228781,2.5263811811096812,10.432828484679565,2.1863781408814127,-3.845107423618079,3.371229682587913,-12.133425096481647,2.828509039803431,10.586137886448679,3.152386658647908,,,,,,,,,,,,,,,1,44100,16,9535.371173591368,0.039569160997732424,0.6082557033909595,139.7595548303049,NA,NA,1.901268,0.6082557033909595,0.460858,20.980517722356716,33,0.2286340268342814,0.7776497624297273,0.7777931100739138,0.13886162986478828,1.11097927210705,0.6169435095430552,0.9859179875990098
Bass2_Ih_11,99.38983819854528,Bass2,Ih,11,Bass2_Ih_11.wav,Vocals/Bass2/Ih/Bass2_Ih_11.wav,Bass2_Ih_11.wav,87.99675577039844,5.775809965416171,4.538470680942116,1.3404490361737735,-12.98919815045316,2.4943724403114476,13.749690168049275,2.827598408401857,11.08879320422131,2.122098571864968,39.98482725766447,4.087224016346877,-10.009717529957014,2.568340738296599,-4.9848015143173035,2.7561306284295597,18.544514648519307,3.228825983110627,-4.408399399276892,1.9630242584335194,-11.553947815008495,2.9887165781412772,6.051202183355685,3.251889612660234,,,,,,,,,,,,,,,1,44100,16,9508.795289164907,0.044081632653061226,0.6114353211076351,151.3656840837254,NA,NA,2.042969,0.6114353211076351,0.35905,23.432140442448055,32,0.24921351802739206,0.8414704393284258,0.8408618561009705,0.0965617268638448,1.116996814137006,0.6206276774269898,0.9851886136347247
Bass2_Ih_12,105.10345913278344,Bass2,Ih,12,Bass2_Ih_12.wav,Vocals/Bass2/Ih/Bass2_Ih_12.wav,Bass2_Ih_12.wav,89.16948805327904,5.046969901419627,3.591113325777992,1.2199854374483767,-11.90944881825486,2.1992336164125326,14.747611325492283,2.9599279167150327,14.650584073443227,2.354689001983984,37.070621462673984,2.7361765623043612,-15.61243893707428,2.896463898262845,0.16657450414168198,2.660669848953714,16.916003876710143,2.6869811848887424,-10.618286953683928,2.9113614621426507,-7.574293678688526,2.4583736299256334,8.54416126035649,3.212071895483298,,,,,,,,,,,,,,,1,44100,16,9493.55594809083,0.0490702947845805,0.6214386404630716,154.18030385142,NA,NA,2.017495,0.6214386404630716,0.368562,22.47535772808866,32,0.24883092532140383,0.8499344545745727,0.847961881318907,0.09755575918838395,1.1857508225381597,0.6302946724438093,0.9859493783337869
Bass2_Ih_13,109.46968462983963,Bass2,Ih,13,Bass2_Ih_13.wav,Vocals/Bass2/Ih/Bass2_Ih_13.wav,Bass2_Ih_13.wav,87.79170879004018,5.242438785067079,4.998374111197597,1.5288335089987855,-12.802248182226034,3.17530218066018,14.580969514106807,1.8393775645113026,10.455980381351553,2.172249204161152,40.342929259290976,3.2178423698604854,-13.776437468895496,2.870316047293845,2.1254437821996044,2.4088320429255647,10.035281933810289,2.656875162028288,-0.08341068805603467,2.782480723406485,-16.21371193450613,2.934160094616038,9.574341669136286,3.11228975929618,,,,,,,,,,,,,,,1,44100,16,8851.538781410996,0.03802721088435374,0.6161944990000423,158.88497401410356,NA,NA,2.01527,0.6161944990000423,0.389959,17.033234908429893,27,0.2401635153157305,0.8474090329451394,0.8462524487477696,0.09445425207187372,1.134238514773132,0.6245420576686231,0.9866341128414285
Bass2_Ih_14,118.95418168112238,Bass2,Ih,14,Bass2_Ih_14.wav,Vocals/Bass2/Ih/Bass2_Ih_14.wav,Bass2_Ih_14.wav,88.8634544989752,5.8327143491405185,3.5869565861164667,1.7567379059708241,-11.235186105257608,3.3374081471890427,15.030330014079448,1.7330322855425997,14.198539429860453,2.190145930423525,36.356891934515474,3.525064725107225,-18.019465154197185,3.2040035063032026,5.987110344558391,2.1861788200277283,8.248214229767287,2.3621924826693927,-5.124229203700546,3.19331386831508,-12.47417164710024,3.523074298939827,12.588740642153962,2.747659517858327,,,,,,,,,,,,,,,1,44100,16,8768.607798878998,0.04165532879818594,0.630451281748156,153.30640518744892,NA,NA,1.914951,0.630451281748156,0.462199,17.722325090796396,25,0.238493037021679,0.8590753925619197,0.8570791342791999,0.09866506127045123,1.2820299236479316,0.6395659564603862,0.9857486555996908
Bass2_Ih_15,122.7612879344868,Bass2,Ih,15,Bass2_Ih_15.wav,Vocals/Bass2/Ih/Bass2_Ih_15.wav,Bass2_Ih_15.wav,88.08893838199356,5.81583958209869,4.612439586902203,1.8787117561940776,-11.227675029720322,2.0929170653879563,13.053188181065588,2.301808812316504,9.52176606672097,1.8126379418795702,40.27583310113115,2.3817254425286514,-13.07576748575966,2.3866968523409824,-3.04473517659337,2.5711500647402747,15.184763929316938,3.01706015949508,-7.163987075304498,2.916248213415661,-13.665291870236665,2.9503173684830384,10.47301877850179,2.508163414576473,,,,,,,,,,,,,,,1,44100,16,7545.200812470837,0.046281179138322,0.639586590738011,160.57424639631833,NA,NA,2.082528,0.639586590738011,0.312288,22.60140966382409,32,0.2131122451523606,0.7265715427516364,0.7275810703130549,0.1849128985979304,1.1726498729056962,0.648976365717116,0.9855314068814673
Bass2_Ih_16,129.99986924282413,Bass2,Ih,16,Bass2_Ih_16.wav,Vocals/Bass2/Ih/Bass2_Ih_16.wav,Bass2_Ih_16.wav,89.18245467169066,6.150641274409369,3.6698495871040047,1.3655657635992127,-10.388640584763785,1.9150320598624715,14.187981705214039,1.9942896754158101,12.390416005551877,1.76830886348023,37.01790424785501,2.1602868549649488,-18.41544607796462,2.455463516704191,2.3393164806345252,2.301377955120611,11.293697335278548,2.304858296415476,-11.429948814392892,2.780798958597224,-8.998341009628177,2.604156087933343,10.512714729576377,2.655965338006775,,,,,,,,,,,,,,,1,44100,16,7431.645832017412,0.04852607709750567,0.6511260728365572,147.68162360008782,NA,NA,2.014382,0.6511260728365572,0.378046,23.205617092785705,31,0.2086350099138647,0.7391126864276542,0.7412786158153273,0.20422216425582618,1.3744812343782387,0.6602805799476911,0.9861354288023145
Bass2_Ih_17,138.0215762982061,Bass2,Ih,17,Bass2_Ih_17.wav,Vocals/Bass2/Ih/Bass2_Ih_17.wav,Bass2_Ih_17.wav,90.4960838763415,6.447346157671408,4.94151618058505,1.5786683134145734,-14.298584002182125,2.815263599995637,13.836678486312838,2.2485387324771287,10.623806626452483,2.2550304983466525,35.586576933638135,2.5088247542426534,-8.72205966126499,3.4888849338286936,-10.088436638074045,3.6883573586140836,12.817517751973934,2.605620986917503,-5.569791205234493,2.6280058544882596,-16.17813962757737,2.4431846960576884,5.423963816660942,2.5731155998484976,,,,,,,,,,,,,,,1,44100,16,7462.310925348885,0.05442176870748299,0.6607648309597782,142.77880198502842,NA,NA,2.14002,0.6607648309597782,0.275664,22.525649249229897,33,0.17684303287378217,0.8554082302364017,0.8528764877471564,0.08858024726464934,1.1155814249012108,0.672421833585627,0.9826641521086713
Bass2_Ih_18,145.84102716095072,Bass2,Ih,18,Bass2_Ih_18.wav,Vocals/Bass2/Ih/Bass2_Ih_18.wav,Bass2_Ih_18.wav,92.51923775651501,4.085545944605828,3.796066557833458,1.173477843610963,-12.98860672493348,2.3530222989215788,14.357847426068577,1.828987661256167,13.608549382912901,2.211384397075797,32.35069804775162,2.6404602537384565,-14.212349288085887,2.936036536884302,-8.311221785931217,2.801592280739282,13.294814314596143,3.1842368502831375,-12.390418056800142,3.727835537351427,-11.110159323439708,3.007951483991962,6.207525472417122,2.6271239624689553,,,,,,,,,,,,,,,1,44100,16,7467.540439110103,0.057755102040816325,0.6721423079344664,137.12488290294198,NA,NA,2.095837,0.6721423079344664,0.330101,22.153795433632578,33,0.17470826458577357,0.8658774624321542,0.8653442640233587,0.0877006677766981,1.214890226560124,0.6831000248788934,0.983958839781378
Bass2_Ih_19,151.00187980897095,Bass2,Ih,19,Bass2_Ih_19.wav,Vocals/Bass2/Ih/Bass2_Ih_19.wav,Bass2_Ih_19.wav,92.85171374566278,3.8921267554810925,3.8771191668443374,1.5033315297703118,-12.31901227086488,2.7866117066165375,13.340745755527081,2.870762321946455,12.004593043295541,2.6954082315756467,35.0555532666109,3.173756320261243,-9.53145707993843,2.845143052845729,-8.254935707077463,3.20250014471967,9.12048954610883,2.884649632743738,0.4509717809399293,4.869713476583527,-16.847579440016215,4.015837712166856,5.973176030783991,3.2325810411323834,,,,,,,,,,,,,,,1,44100,16,8684.432940659903,0.05560090702947846,0.649060312790501,130.58818223005468,NA,NA,2.16034,0.649060312790501,0.261061,22.335918854410878,41,0.21261399571315137,0.861764794972103,0.8599044657393163,0.0814869124687448,1.0818180122566567,0.6596302842783895,0.9839759153880394
Bass2_Ih_20,160.83954528536734,Bass2,Ih,20,Bass2_Ih_20.wav,Vocals/Bass2/Ih/Bass2_Ih_20.wav,Bass2_Ih_20.wav,93.96994578801207,3.9491432472787893,2.399771347607983,1.626823042207022,-10.70745393659358,2.8806206590299204,13.845526258560778,2.088960941507396,15.395562349592756,3.018643048085865,31.04731218802052,2.2964436374212642,-14.530452965895709,2.6194376564497053,-6.03513064534122,2.2118036690081833,10.947857779561586,2.9604568499469828,-6.319978705644516,3.2699165726228454,-12.212955153490594,3.6064342126918207,6.256795801909859,2.7004535036320614,,,,,,,,,,,,,,,1,44100,16,8664.57589617369,0.06058956916099773,0.6616544520487956,132.61038778857704,NA,NA,2.122225,0.6616544520487956,0.308865,22.295779261782762,38,0.21094976961469386,0.8875835507270454,0.8776698733357111,0.08112909860618552,1.2452669547360689,0.6726538376427713,0.9836477769419681
Bass2_Ih_21,174.67268766179242,Bass2,Ih,21,Bass2_Ih_21.wav,Vocals/Bass2/Ih/Bass2_Ih_21.wav,Bass2_Ih_21.wav,95.81133978735028,4.916588456820074,7.119901576825133,1.555922374921635,-15.546170406594335,2.108146367496683,10.756551878534593,3.081316076023433,8.710096865487007,2.256914402077271,32.0418730661604,3.0333468187808683,-5.531916316453924,3.1146910844509637,-5.307879504023971,3.369384289125441,-0.6517344775386595,4.115855363217013,5.628995675932311,3.483069780307619,-17.60097770955113,3.1291417558668186,6.329569215261573,2.677094158403672,,,,,,,,,,,,,,,1,44100,16,9943.121837473533,0.04941043083900227,0.6499197488131789,128.34015268109508,NA,NA,2.151751,0.6499197488131789,0.301309,20.01059710002868,44,0.22823631198312683,0.44281159267014697,0.43820003664127866,0.38318780970231714,0.9809554252364273,0.6613827044104413,0.9826681957045119
Bass2_Ih_22,185.81715206412835,Bass2,Ih,22,Bass2_Ih_22.wav,Vocals/Bass2/Ih/Bass2_Ih_22.wav,Bass2_Ih_22.wav,97.2891136505708,5.0175735298246495,4.765521617768305,1.33974673581541,-13.247840095606316,2.247583157497733,9.331111031264113,2.5261977855037987,13.386405235175589,2.1771460316841784,28.03248495835593,2.5548926802914105,-8.900413433076384,2.1940330663832612,-7.129279439675317,2.980635115967181,4.074846777780532,3.7867695982243057,-1.1776055612971925,3.5993611302391484,-13.027435407324019,2.972039702266014,5.781771712862794,3.298569381586203,,,,,,,,,,,,,,,1,44100,16,9803.861261213186,0.053083900226757366,0.6619304225441074,135.77490566096395,NA,NA,2.142969,0.6619304225441074,0.280587,20.314641934846936,36,0.22331716439517063,0.4893571810559923,0.48016580183446456,0.4116325061541521,1.172074405037067,0.6733967396777342,0.9829724195886155
Bass2_Ih_23,196.22004499752975,Bass2,Ih,23,Bass2_Ih_23.wav,Vocals/Bass2/Ih/Bass2_Ih_23.wav,Bass2_Ih_23.wav,97.94064452276776,5.50460952863099,3.6178509929141893,1.6012939108885587,-12.841155098880959,2.5442303428915722,13.920646120396066,2.8259670750435824,9.282402094778476,2.6667545043636256,28.543114269157602,3.5011626437358037,-5.2704436557819845,3.1565819301831923,-7.879449583669919,3.1241589758374895,-2.064816642437485,3.5148765474781865,1.0173311823952003,2.7027231852431943,-25.069915133014668,5.069463243450361,10.569139902200575,3.3722546708690997,,,,,,,,,,,,,,,1,44100,16,10669.12878678377,0.054943310657596375,0.6658133832273012,137.13107742848015,NA,NA,2.170039,0.6658133832273012,0.281998,16.827290826722177,39,0.25235527432487354,0.7009402621212528,0.6979028334802923,0.2062072480034524,1.1589644308907963,0.6794430685849633,0.9799399155163245
Bass2_Ih_24,207.88697037464976,Bass2,Ih,24,Bass2_Ih_24.wav,Vocals/Bass2/Ih/Bass2_Ih_24.wav,Bass2_Ih_24.wav,99.22971370779568,5.638860589563955,1.752789483543998,1.4228270336984883,-10.989599398420838,1.9504220112911717,13.309493595615956,3.2595688882771046,12.752546096846263,3.9842749722928055,24.090159127910407,2.9721810647281326,-9.140447527441124,2.6031446910175244,-10.752401338348967,3.243595842009559,1.1455745631784109,3.2025221328116817,-6.5605723909547615,4.112893551613223,-18.125526002779157,2.5263693126662266,10.369636955049762,3.135208675869558,,,,,,,,,,,,,,,1,44100,16,10543.004199019604,0.05875283446712018,0.676732494587853,128.57835447767212,NA,NA,2.198882,0.676732494587853,0.238673,17.522717611937427,46,0.24879186784479876,0.6987117114574536,0.6995396999138956,0.25172163859977703,1.423851730178994,0.6903632229479459,0.9802557148077966
Bass2_Ih_25,218.5434231467347,Bass2,Ih,25,Bass2_Ih_25.wav,Vocals/Bass2/Ih/Bass2_Ih_25.wav,Bass2_Ih_25.wav,100.63692288508612,4.581286970069367,3.6270507013203965,1.2128227921078978,-16.934964601707595,2.3457281399950216,16.094367276437005,3.4025892713083787,5.365256397208344,3.355635984721635,25.668288512326377,3.0960720488951994,-9.382207666009023,2.4830113151399353,-8.45191022764803,2.581376112473453,-3.0939940983929746,2.9943560252706627,2.594754015094057,3.3857373983687187,-23.807280180614125,3.6006427589723184,11.264564894941463,2.87202992273221,,,,,,,,,,,,,,,1,44100,16,10957.737873426275,0.09448979591836734,0.696427844175608,119.8791732533394,NA,NA,2.17113,0.696427844175608,0.267913,14.836355993703513,60,0.23458532063290438,0.7082883727165545,0.7018903373203623,0.23682474925006647,1.3520184108226705,0.711076730935548,0.9793990069951145
Bass2_Ih_26,231.78438814003405,Bass2,Ih,26,Bass2_Ih_26.wav,Vocals/Bass2/Ih/Bass2_Ih_26.wav,Bass2_Ih_26.wav,102.36181537770774,3.532175422859196,1.8000467595417589,1.325129371426748,-14.98059430431617,1.985474829080747,14.428597738534522,3.211692207265086,7.9069976047442765,2.898691576583189,20.129913442566867,3.5090074381929224,-13.633175112017934,3.0274308381159307,-11.715429865477882,3.2323287819473943,0.4538269160519404,3.484389041106298,-4.760859101482298,3.712909967989954,-18.613568166109538,3.3480332294554245,9.943361287471273,2.7905228856829836,,,,,,,,,,,,,,,1,44100,16,10937.79715164711,0.1045578231292517,0.70625365461019,126.67220006825505,NA,NA,2.191624,0.70625365461019,0.248168,16.657174370895213,61,0.23355047540369983,0.7168347208293652,0.7166166494117454,0.22554086518162741,1.3662313028970101,0.7211910484762848,0.9792878823195958
Bass2_Ih_27,245.7540014372112,Bass2,Ih,27,Bass2_Ih_27.wav,Vocals/Bass2/Ih/Bass2_Ih_27.wav,Bass2_Ih_27.wav,103.53889643454855,4.772489070918912,1.8693726191840272,1.2526622050118128,-16.967213242820247,2.3636683441530346,12.310254736913215,3.268943646740738,1.7086644575297043,3.4128088349911634,18.36793555374771,3.175407891002946,-10.834299465308709,3.6614213344490576,-8.700522583682197,3.9835375471144574,-5.937724059657843,3.570041111267291,-1.3703977373802838,2.6572336371357737,-25.585948045990474,4.386735791884351,11.698185096532029,2.507405817970096,,,,,,,,,,,,,,,1,44100,16,10921.207360966071,0.09020408163265306,0.7245519429121489,121.81044247545262,NA,NA,2.17338,0.7245519429121489,0.266955,16.05431742279127,55,0.22737960697390813,0.7856576578281785,0.7693466718335177,0.19226128098860987,1.4748404471064513,0.7390083011915648,0.9804381652329118
Bass2_Ih_28,260.32937842101074,Bass2,Ih,28,Bass2_Ih_28.wav,Vocals/Bass2/Ih/Bass2_Ih_28.wav,Bass2_Ih_28.wav,104.31345422229708,4.043735122150062,-0.3130395005940542,1.3361891235318986,-15.534070498056705,1.9962400899518313,9.957859907931923,3.2879235293030677,3.974825097036451,2.704361730448308,14.880572976176898,3.0364141412069707,-12.956372577439707,3.031735160117193,-9.075762975430148,3.68874074436996,-1.044334911705782,2.9210910164486488,-7.54719918203464,2.9133018977678886,-21.798525112831307,4.418633840684096,13.093581506284291,3.392287372939825,,,,,,,,,,,,,,,1,44100,16,10839.51918647727,0.09666666666666666,0.7332841853748409,125.76810229514014,NA,NA,2.169002,0.7332841853748409,0.276301,15.990403824842172,44,0.22540972738515985,0.7985220031308744,0.7981333346529288,0.14955774714393816,1.3321900876142398,0.7479103985920484,0.9804438964283133
Bass2_Ih_29,374.651687355572,Bass2,Ih,29,Bass2_Ih_29.wav,Vocals/Bass2/Ih/Bass2_Ih_29.wav,Bass2_Ih_29.wav,NA,NA,NA,NA,NA,NA,NA,NA,NA,NA,NA,NA,NA,NA,NA,NA,NA,NA,NA,NA,NA,NA,NA,NA,,,,,,,,,,,,,,,1,44100,16,1124.1901416119956,0.02124716553287982,0.614408191686209,154.67770279637298,NA,NA,2.25261,0.614408191686209,0.166758,20.787252630126016,59,2.286427752959613e-5,0.8426086893287142,0.7999026583263221,0.15504471066713676,1.394648147521716,0.7586009237533661,0.8099228098039641
Bass2_Ih_30,378.0582201570608,Bass2,Ih,30,Bass2_Ih_30.wav,Vocals/Bass2/Ih/Bass2_Ih_30.wav,Bass2_Ih_30.wav,NA,NA,NA,NA,NA,NA,NA,NA,NA,NA,NA,NA,NA,NA,NA,NA,NA,NA,NA,NA,NA,NA,NA,NA,,,,,,,,,,,,,,,1,44100,16,972.8402100403063,0.01965986394557823,0.6166419631342156,155.15703409472005,NA,NA,2.251994,0.6166419631342156,0.177094,20.879612619904993,58,3.360867815330659e-5,0.9625128118619479,0.9564553979539628,0.0321280008106188,1.4435084409532437,0.7658457826862518,0.805177722558327
Bass2_Ih_31,382.5665922076885,Bass2,Ih,31,Bass2_Ih_31.wav,Vocals/Bass2/Ih/Bass2_Ih_31.wav,Bass2_Ih_31.wav,NA,NA,NA,NA,NA,NA,NA,NA,NA,NA,NA,NA,NA,NA,NA,NA,NA,NA,NA,NA,NA,NA,NA,NA,,,,,,,,,,,,,,,1,44100,16,876.1471079315937,0.020317460317460317,0.6207765472892863,156.63421242590366,NA,NA,2.224065,0.6207765472892863,0.204015,22.582745065301108,57,2.821295696548939e-5,0.9727862421681301,0.9705795485432892,0.023291024485910295,1.560031007141019,0.7756623209729632,0.8003180385384794
Bass2_Ih_32,384.8779081159987,Bass2,Ih,32,Bass2_Ih_32.wav,Vocals/Bass2/Ih/Bass2_Ih_32.wav,Bass2_Ih_32.wav,NA,NA,NA,NA,NA,NA,NA,NA,NA,NA,NA,NA,NA,NA,NA,NA,NA,NA,NA,NA,NA,NA,NA,NA,,,,,,,,,,,,,,,1,44100,16,801.2759799693499,0.020113378684807257,0.6205120402152438,162.1533482820159,NA,NA,2.185912,0.6205120402152438,0.262545,24.913903252013874,57,2.599102053486574e-5,0.9871768640578058,0.9845568052369948,0.01361790476611835,1.7499944792129711,0.780377278124942,0.7951436537288531
Bass2_Oh_1,55,Bass2,Oh,1,Bass2_Oh_1.wav,Vocals/Bass2/Oh/Bass2_Oh_1.wav,Bass2_Oh_1.wav,72.3591785042672,5.952259042855167,10.572555717523418,2.010674390669063,-0.9051632183479956,2.18458662367493,15.191405150525123,2.449608661668226,-4.344731466609194,2.7518200105191464,24.432108391566935,3.648935068029077,-13.340660716702896,2.4364311158601466,-13.385154643421922,3.0480965029693174,-14.035146164634737,3.2120810603586056,11.520071072587255,2.518393363496879,-2.0232491435137927,2.8890716969348547,4.007093375118326,3.2956758597066766,,,,,,,,,,,,,,,1,44100,16,2925.417885860269,0.015215419501133786,0.5374424675853474,204.92344692223796,NA,NA,1.720905,0.5374424675853474,0.573346,14.96173044548117,45,0.07583200694408392,0.06062971020152571,0.024936221952031323,0.7346567702607483,0.7722329056771605,0.5438528574547453,0.9882130069162478
Bass2_Oh_2,58.2705,Bass2,Oh,2,Bass2_Oh_2.wav,Vocals/Bass2/Oh/Bass2_Oh_2.wav,Bass2_Oh_2.wav,73.60018534126444,4.628031768772208,10.352209853197724,1.1524658006141781,-0.2217916177014663,1.4783314681762907,14.325743067821138,2.42867493668053,-3.894825045257153,2.4309358404563985,22.80746461913554,3.5809895391311146,-19.725171009366832,2.645498207805919,-12.184197168273808,2.7639421231795196,-9.739244072570754,2.514601376576078,14.505067323442184,2.1331855622789577,-5.279475148456378,2.639570207841832,4.31328711500058,2.920341105057012,,,,,,,,,,,,,,,1,44100,16,2860.295571288966,0.015419501133786848,0.5513762890775038,205.14598016207907,NA,NA,1.779693,0.5513762890775038,0.551379,15.469810218374311,37,0.07352660794206496,0.7054687054474152,0.5557189451024018,0.29589394664102897,1.0361184962898506,0.5576335882744222,0.9887788337566226
Bass2_Oh_3,61.7354,Bass2,Oh,3,Bass2_Oh_3.wav,Vocals/Bass2/Oh/Bass2_Oh_3.wav,Bass2_Oh_3.wav,74.47304157079405,4.5101609935348135,10.219610105131649,1.2447678696794024,0.011111547035694032,1.3760462563861773,13.537245052172059,2.2917753090255544,-2.9350495697561567,2.3226075501299586,19.76408133785666,2.915962261034424,-24.22100645517712,2.5412342099844882,-9.39129825795537,2.7446137086201094,-5.868993483214887,2.4324859248358313,15.484362945016628,2.236427347248887,-7.758655295996811,2.3773034156005726,3.56065584300507,2.4192386873235896,,,,,,,,,,,,,,,1,44100,16,2826.3519038487484,0.015555555555555555,0.5629996257357744,199.2646408046395,NA,NA,1.843963,0.5629996257357744,0.517301,15.826981911635707,39,0.0728974095414569,0.8977520189722901,0.855801327242096,0.08255858684044137,1.0625086355056272,0.5693285303762168,0.9888835631752722
Bass2_Oh_4,66.82522609553557,Bass2,Oh,4,Bass2_Oh_4.wav,Vocals/Bass2/Oh/Bass2_Oh_4.wav,Bass2_Oh_4.wav,75.35789903064259,4.6574607679190425,9.8634423885005,1.4722194901556114,1.0083432536327235,1.3401122981659104,11.77445562086429,2.6940484130650577,-2.162744058927846,2.627632789973445,16.02368703896863,2.8036088873523424,-28.034165132710605,2.59230502145826,-5.940056920435691,2.8223999176729966,-0.38230936627651546,3.0203664957039855,14.2399216529547,2.520931222117729,-9.935769130997006,2.4820109619894546,3.0601554433626226,2.5784840394580377,,,,,,,,,,,,,,,1,44100,16,2793.524650266105,0.01671201814058957,0.5689078973167685,174.40648414432107,NA,NA,1.717202,0.5689078973167685,0.574314,15.118356700358147,35,0.07174552495060632,0.9106271377143487,0.895517590522846,0.05893802316428746,1.0692523288619042,0.5748640735055709,0.9896389834339775
Bass2_Oh_5,69.8722375561295,Bass2,Oh,5,Bass2_Oh_5.wav,Vocals/Bass2/Oh/Bass2_Oh_5.wav,Bass2_Oh_5.wav,81.03491368132154,3.618912704884721,8.000041020723422,1.693568229534687,3.5388859657943104,2.29069633316241,15.915694523719951,3.143739700262079,0.4062138930728349,3.1546947765993445,14.025237136583787,3.028959609157849,-28.15613678467297,3.6826501219850925,-8.042646828846834,3.925124347741532,8.351489978147178,3.1694991428840735,8.39675397421105,3.4426960489342617,-16.191075750754766,4.165219284090553,4.508843596402607,3.6748408415160285,,,,,,,,,,,,,,,1,44100,16,5159.610842038461,0.016485260770975056,0.544853201482255,177.30577732865956,NA,NA,1.850368,0.544853201482255,0.49188,18.601030329648985,36,0.15043330166990768,0.9474049964221716,0.9154693813093538,0.05400636188415331,1.2237877136992408,0.5499623650531387,0.9907099759991941
Bass2_Oh_6,73.98943323451765,Bass2,Oh,6,Bass2_Oh_6.wav,Vocals/Bass2/Oh/Bass2_Oh_6.wav,Bass2_Oh_6.wav,82.35509240829457,2.8664270978522906,7.832153825337433,1.522243320061125,4.699199820701589,1.934544379841232,14.172679929254953,2.7048323933355785,0.70703372280261,2.4827622652307473,9.895895450892416,2.4822055224321913,-31.02567956851274,3.1519426710998752,-1.5992929254291297,3.625669216276872,11.146592146926103,3.4910591544507548,3.0832445345095048,2.961296192080164,-15.506011594724818,3.1326174025238043,9.029618686548842,3.219871456093676,,,,,,,,,,,,,,,1,44100,16,5160.099145167119,0.016439909297052153,0.5571453226213717,159.84906599688875,NA,NA,1.7913,0.5571453226213717,0.535909,19.997583298634364,40,0.15013750457467126,0.9301458790417471,0.9104483503649694,0.0596126265493181,1.2717447921530864,0.5617648974948262,0.9917766758050293
Bass2_Oh_7,78.1001008652625,Bass2,Oh,7,Bass2_Oh_7.wav,Vocals/Bass2/Oh/Bass2_Oh_7.wav,Bass2_Oh_7.wav,87.85765995585088,3.723836300959643,7.9082617848361565,1.393821856669227,-0.9165979714538682,1.6845412616605075,16.682677689960283,1.6703859794762628,3.3607907896887474,2.0401446309100506,12.770267760490599,2.2459712138712082,-26.70706363900864,2.9741857504646694,-10.76521680476788,2.782886380105056,8.858483033533568,2.673775925375387,4.876835595044606,3.5211582733337132,-9.375686361565661,3.9723767516507422,2.174711360737073,2.572880168704489,,,,,,,,,,,,,,,1,44100,16,6457.378623955673,0.01854875283446712,0.5885421221632793,144.58565611066825,NA,NA,2.055878,0.5885421221632793,0.366575,18.33093166792107,41,0.1833583477274628,0.9781105742272572,0.9763020797642905,0.014085687845489636,1.174684272166816,0.5936774367243123,0.9913499920270379
Bass2_Oh_8,82.74081984028372,Bass2,Oh,8,Bass2_Oh_8.wav,Vocals/Bass2/Oh/Bass2_Oh_8.wav,Bass2_Oh_8.wav,88.70710431017564,3.9202185803198226,7.733763637662103,1.4198328844156987,-0.19939041023257198,1.7973400689259567,15.709724484978633,1.6851922105877195,3.1905383807763488,1.7477450178149676,8.981689650775557,2.035205016575049,-30.413035691099353,2.8670893745989803,-4.445848540123578,2.355120051138252,10.430373626788624,2.533305254743272,1.7169082026408102,3.1469919332625484,-9.417506403074839,4.324727926257861,5.659207873676157,3.130772943930214,,,,,,,,,,,,,,,1,44100,16,6369.23629421392,0.02124716553287982,0.6033142049693245,149.73356912200785,NA,NA,2.051052,0.6033142049693245,0.383242,18.403293874031185,37,0.18150807546536585,0.9754120264673375,0.9765035854789598,0.014157710035395447,1.1909376480429728,0.6092508180493791,0.990255880001833
Bass2_Oh_9,87.6517487154024,Bass2,Oh,9,Bass2_Oh_9.wav,Vocals/Bass2/Oh/Bass2_Oh_9.wav,Bass2_Oh_9.wav,88.84732244380714,3.5255228628111315,9.062031567892443,1.517130725817033,-1.6674372063789193,3.0142997247190757,17.538221572609864,1.6968665729247843,2.329069249998894,2.3746804186145627,13.780137729700693,1.8469170531662704,-28.710427063578127,2.821971127405201,-12.483563758769787,3.139807345622689,8.976306408585279,2.4898178826020234,7.8041036799409325,2.5520580604316003,-16.048688941956648,2.3678723193054636,3.2719533179351736,2.2214583774763166,,,,,,,,,,,,,,,1,44100,16,7609.639769228981,0.023628117913832198,0.5875685272780952,148.09064412802934,NA,NA,1.994085,0.5875685272780952,0.412827,22.543799146884844,36,0.2059983589769102,0.9865471027746013,0.9874905053777386,0.006996649491941052,1.11161760363547,0.5945405141687554,0.9882733191018815
Bass2_Oh_10,92.7667924488628,Bass2,Oh,10,Bass2_Oh_10.wav,Vocals/Bass2/Oh/Bass2_Oh_10.wav,Bass2_Oh_10.wav,90.3790136138396,2.987486163930474,8.245233152796992,1.336584561325334,-0.06984467060452879,2.649497173187523,15.696192288730916,1.4783325276523278,3.426969978990304,2.303078444350907,8.095448920944403,1.8872104054789929,-30.712636994528083,2.192190235824526,-6.387145336778234,3.3317708993849795,12.91927669121665,2.3922382071069057,0.9095055269100751,2.7444700388948955,-13.98079761027671,2.392531276331252,7.532778410099011,2.4609537473884404,,,,,,,,,,,,,,,1,44100,16,7550.033339957744,0.024467120181405896,0.601427450924417,137.34132235422285,NA,NA,1.973227,0.601427450924417,0.437265,21.365563970225477,35,0.20329129268673837,0.9836374090418487,0.9849835642831742,0.008520833810783578,1.1263468500346039,0.6080344450295219,0.9891338489799141
Bass2_Oh_11,99.6457715294226,Bass2,Oh,11,Bass2_Oh_11.wav,Vocals/Bass2/Oh/Bass2_Oh_11.wav,Bass2_Oh_11.wav,89.77740461787207,6.483245423794481,9.449076779360285,1.5984229710275037,-3.523796341739229,2.54864903229144,17.722878703393334,1.817560687671817,1.6343515531400028,2.4189818717596876,11.06200620955875,2.0643409562601285,-28.239226402695536,3.3567486627379557,-11.240319000431832,4.600621750784116,8.378256022448367,2.630152114253437,5.860414250782088,3.167137642709361,-13.94053361504139,2.331994261393458,2.274854852178726,3.3001752213429527,,,,,,,,,,,,,,,1,44100,16,7793.448335430654,0.030476190476190476,0.6056210070342563,135.9877150616262,NA,NA,2.020017,0.6056210070342563,0.403327,20.31139399693302,38,0.20690518490574056,0.9863063562199539,0.9869113469811918,0.007151212838420345,1.085583513667679,0.6144819024395735,0.9855798919868295
Bass2_Oh_12,102.1407218724444,Bass2,Oh,12,Bass2_Oh_12.wav,Vocals/Bass2/Oh/Bass2_Oh_12.wav,Bass2_Oh_12.wav,91.17675138357714,5.747721003301771,9.117487591365634,1.4378425734572504,-2.7845345019138015,2.5157692790924777,17.041117183638548,2.0818247673709274,1.2337526629596463,2.5910262873597576,6.472682925360608,2.8452372807672095,-31.733474622245694,3.2075302327816444,-4.653110352910042,2.7474674034586894,10.029455302890733,2.658144753274687,1.2177901915112876,3.6940655841507724,-13.36620336580874,2.6465886274674246,7.737239683520297,2.4995569309627106,,,,,,,,,,,,,,,1,44100,16,7808.72992963593,0.03421768707482993,0.6166768485869649,154.43525703577922,NA,NA,2.018562,0.6166768485869649,0.410037,20.11636053490679,41,0.20646628582029775,0.9828600303886381,0.9842482180266432,0.008726611509466315,1.099289170352797,0.6249800848108293,0.986714398705396
Bass2_Oh_13,109.061778293207,Bass2,Oh,13,Bass2_Oh_13.wav,Vocals/Bass2/Oh/Bass2_Oh_13.wav,Bass2_Oh_13.wav,90.02954841106744,2.8595235456694925,11.111079837141235,1.7595097457799318,-5.824533244937274,3.155261503379244,18.669990699554905,2.4801450690484277,1.464646743215157,2.6247232048845572,10.65298333574535,2.759157984429031,-33.680875478557866,3.2347125628457585,-8.968321891871422,3.1715508576036813,6.531345832656865,3.138586738573529,6.763215821681047,2.887989090034849,-21.842178170476824,2.4897117739762176,6.561358205550725,2.886773435144558,,,,,,,,,,,,,,,1,44100,16,8220.89004569936,0.03154195011337869,0.6080623787209788,167.1373377246904,NA,NA,1.848192,0.6080623787209788,0.509282,21.26964625203781,42,0.21832934903080925,0.9902454201950462,0.991409307269555,0.004738719163835339,1.0984829446820783,0.6148525083070706,0.9889564903869584
Bass2_Oh_14,115.65199379934349,Bass2,Oh,14,Bass2_Oh_14.wav,Vocals/Bass2/Oh/Bass2_Oh_14.wav,Bass2_Oh_14.wav,91.431437887456,2.014778066406888,10.59521788232233,1.6952311015370578,-5.139520600801078,3.05966138714673,18.3177876421692,2.4759107960364077,0.802816712629008,2.802015620408543,5.3421624744287755,2.857370088861493,-36.38078908768242,3.5631430925993035,-1.6352803701404652,3.3507613228493938,8.353816042307917,3.342171120702078,1.3980360467968023,2.4877362419892863,-20.79067811601055,2.67889632375803,14.387963873682008,2.961190241257909,,,,,,,,,,,,,,,1,44100,16,8192.432613751953,0.03566893424036281,0.6186372364217034,149.23402264550143,NA,NA,1.848104,0.6186372364217034,0.499389,20.493200474140846,44,0.2168721491318713,0.9887050320793344,0.989612054671763,0.005894633270097017,1.1290041525512042,0.6254529158353285,0.9891028097542366
Bass2_Oh_15,123.35583984074324,Bass2,Oh,15,Bass2_Oh_15.wav,Vocals/Bass2/Oh/Bass2_Oh_15.wav,Bass2_Oh_15.wav,93.74381444779473,5.620606672990394,9.428884280366084,1.1232600510949426,-7.054647908812135,2.1904461496528227,21.268167928513307,1.7975553257990167,-2.9639180081290024,2.4091369943702516,14.026322794238707,3.4918240827650613,-31.917685324574464,3.882187984243774,-10.114124126721066,4.894721019916425,6.2387533461202365,3.337806885687336,9.614479702465406,3.143972473533333,-24.459506627383686,3.4636346127742175,4.975388951939666,3.723737455504602,,,,,,,,,,,,,,,1,44100,16,9181.210379423354,0.038639455782312926,0.6493908290077132,158.49661730908363,NA,NA,2.053783,0.6493908290077132,0.365402,20.506075162258764,34,0.25278625427147894,0.985218669381661,0.9880501552016702,0.006961833219248506,1.1582136710218558,0.6571192596404803,0.9882389223578754
Bass2_Oh_16,130.9478828678225,Bass2,Oh,16,Bass2_Oh_16.wav,Vocals/Bass2/Oh/Bass2_Oh_16.wav,Bass2_Oh_16.wav,95.2316749094802,4.635065899742267,8.67527215420438,1.2325471282353537,-6.358875066787314,2.310818850459675,20.305977815730927,1.9298902485510698,-3.650886100517944,2.451481396668101,9.7320764087225,2.796152350888826,-35.44783809360822,3.2151030778154683,-3.4336608586371336,4.646881993721893,8.804003428657335,2.8868392499498574,2.590554200936904,3.0897942356056385,-24.34405939096498,2.756822656238202,10.616831003153337,3.1020953046272637,,,,,,,,,,,,,,,1,44100,16,9126.613485567636,0.04560090702947846,0.6593852595777158,149.91159836950646,NA,NA,2.14074,0.6593852595777158,0.301575,20.06731611801977,37,0.24871981885879382,0.9846984873033642,0.9852818077876343,0.008789597989577447,1.1855959437609422,0.6674722215016996,0.987884197029519
Bass2_Oh_17,135.85243953290643,Bass2,Oh,17,Bass2_Oh_17.wav,Vocals/Bass2/Oh/Bass2_Oh_17.wav,Bass2_Oh_17.wav,93.50823335437573,4.773866167903039,10.580790479142937,1.7579876259644514,-6.059727607417249,2.5578894300262043,16.444709851040162,1.7992658669352208,-0.23220516887488804,3.0243350916770577,10.002660749601871,3.9323918619380276,-35.10008775146952,4.690949319871619,-6.570044996812545,4.587945203513038,6.735801122243674,3.6984811925148815,6.374659492029915,3.212612052491035,-24.54235545722396,3.4287684633136615,9.534855354570764,2.909933521940256,,,,,,,,,,,,,,,1,44100,16,9196.15171569127,0.04494331065759637,0.6347215398982008,152.24437432079452,NA,NA,1.913982,0.6347215398982008,0.469132,18.33582358235264,42,0.24024861780411683,0.9852344756705156,0.987516293133987,0.0072752855297910915,1.1582896556974172,0.6420447341299415,0.9885939501681847
Bass2_Oh_18,144.80355348228454,Bass2,Oh,18,Bass2_Oh_18.wav,Vocals/Bass2/Oh/Bass2_Oh_18.wav,Bass2_Oh_18.wav,94.90755563843011,5.118778695392605,9.700573921573469,1.8900075237601082,-5.411301133493792,2.11354339289095,15.67410617846649,2.447900659913016,-0.2617427680140529,3.6498586673097133,4.889787813429905,3.937519284217575,-36.953351165251334,3.990712360010253,0.47065751465839156,3.4296876865884953,8.476110519987504,3.215945695420859,-0.40098882558367593,3.450359198890258,-21.655130009566538,3.3560569845026387,14.497117805392232,3.2662410199164134,,,,,,,,,,,,,,,1,44100,16,9182.42052338283,0.05047619047619047,0.6455393615201742,156.55016887406612,NA,NA,1.984179,0.6455393615201742,0.405804,17.616559149307502,42,0.2366622876045123,0.9821943188230514,0.9835818543281913,0.009864278986801353,1.19176703602085,0.6536560584142658,0.9875826181221632
Bass2_Oh_19,155.67861575008743,Bass2,Oh,19,Bass2_Oh_19.wav,Vocals/Bass2/Oh/Bass2_Oh_19.wav,Bass2_Oh_19.wav,94.62755739873954,3.2206695687946088,11.117341245419361,1.0322556431635403,-6.944603518259813,1.3880225399890294,17.153392808686778,1.9636338923533545,-6.792578288651688,2.8740672488669183,10.648508098749664,2.627587790426931,-26.54339454774662,2.8228662840843968,-7.4610378742553864,3.9841329390299856,2.918597256008858,3.0693864428651847,13.992221148589453,3.1822681590540967,-26.125803830728533,2.7009336669230426,5.500403397488113,3.5417613986909973,,,,,,,,,,,,,,,1,44100,16,10016.581070484563,0.029863945578231292,0.6216576047723714,126.607325437698,NA,NA,1.907189,0.6216576047723714,0.436018,19.02031191369206,36,0.27000860007883376,0.9349755517255046,0.9375928615351156,0.03999445020609743,1.24173232624598,0.6285241733706857,0.9890750922729196
Bass2_Oh_20,165.11381559875943,Bass2,Oh,20,Bass2_Oh_20.wav,Vocals/Bass2/Oh/Bass2_Oh_20.wav,Bass2_Oh_20.wav,95.89519009335471,3.1921712864040295,10.349950934435842,1.3460342462429833,-6.278298773254343,1.9813759244168627,15.708682146347554,2.3705668768449666,-6.980280659057938,3.0684913138049756,6.627589895574001,3.3245605788855994,-28.60954924310059,3.1737675026789294,-3.9003559084209933,3.1510665133934017,5.956019443552428,2.3479675051327886,6.783344265847548,3.1521625032071285,-25.16990704297324,3.028245613725502,10.490380618131956,2.835821003799371,,,,,,,,,,,,,,,1,44100,16,9961.257313706907,0.031383219954648524,0.6286071142453696,132.1848126681197,NA,NA,2.052065,0.6286071142453696,0.36279,19.984616731643353,41,0.26799532204450294,0.8862327884965163,0.9085698582778117,0.060703380977867885,1.2671602717399835,0.6349139157868549,0.9900666824514799
Bass2_Oh_21,171.5586933338671,Bass2,Oh,21,Bass2_Oh_21.wav,Vocals/Bass2/Oh/Bass2_Oh_21.wav,Bass2_Oh_21.wav,95.95929902731758,3.5409756589468255,9.63761449738882,1.0165934925369167,-9.532619793346493,1.7662952979634876,19.355903905641842,1.9874686571449007,-2.5836423243287094,1.8731619494935805,7.965218637937908,3.1554444290465886,-26.866890552392196,2.107400791147931,-7.761573257254303,3.3775362497391495,-0.38817210777597716,2.9927726509305117,14.410014580951994,3.2488828564822834,-29.497462485249038,3.151881419795161,1.3642221066246512,3.10918835430337,,,,,,,,,,,,,,,1,44100,16,9937.171726355105,0.03430839002267574,0.6405909376474779,129.53712815608483,NA,NA,2.00524,0.6405909376474779,0.373922,16.859571276927337,49,0.26694699720237725,0.9798153224859967,0.9805707860103642,0.011545911977884314,1.176964542849906,0.6484891937319339,0.987820527834854
Bass2_Oh_22,181.99343720407285,Bass2,Oh,22,Bass2_Oh_22.wav,Vocals/Bass2/Oh/Bass2_Oh_22.wav,Bass2_Oh_22.wav,96.69687998774418,4.119666835488617,9.094858552443897,1.1687730546408464,-9.0925930545837,1.9180708041654462,18.215556076173016,1.7212614571951437,-3.251203590579167,1.8364937850191358,4.523878587753245,2.5339913093747697,-28.741097108305848,2.3197054930902117,-3.413871748430302,2.3706510513503667,2.8791869703065847,2.558923228440034,9.003667724079449,2.4962337536270494,-32.46456227905803,3.3006168173293493,10.80730407186521,2.794915930143482,,,,,,,,,,,,,,,1,44100,16,9913.114053822848,0.03736961451247166,0.6505783105299651,133.80022552480648,NA,NA,2.02275,0.6505783105299651,0.370618,17.68271532924418,48,0.26672960341992835,0.9797625904068906,0.9804576157316571,0.012868519587533128,1.3041171062021637,0.6587679059298949,0.9875683145365596
Bass2_Oh_23,194.9174125724868,Bass2,Oh,23,Bass2_Oh_23.wav,Vocals/Bass2/Oh/Bass2_Oh_23.wav,Bass2_Oh_23.wav,99.85054495876241,5.1931901955212725,7.6201310817009444,1.1265666112620114,-9.57475132429647,2.4409909990932155,19.85530498433724,2.074445951451027,-4.282486136757792,1.7603259437564085,1.613151459745973,2.1417987465795605,-23.805569316669295,2.109536306644602,-11.238168627879235,3.425194747101436,-2.5753765831091986,2.7139379456351262,19.841676357828177,4.433686496560543,-30.563715508099406,3.242354519436387,8.44426081688758,3.181005356010102,,,,,,,,,,,,,,,1,44100,16,10869.092336083453,0.062448979591836734,0.6780355934513537,112.48150640958048,NA,NA,2.055111,0.6780355934513537,0.361718,15.2331624287999,50,0.28349665669702684,0.9788168882810744,0.9813808392080771,0.011596070105286974,1.2340100272777352,0.6879532074626399,0.9855838828808355
Bass2_Oh_24,206.73289428987417,Bass2,Oh,24,Bass2_Oh_24.wav,Vocals/Bass2/Oh/Bass2_Oh_24.wav,Bass2_Oh_24.wav,101.38212367787982,5.28477183325533,5.7223259818424435,1.0152958756064572,-7.521499657570477,1.910713572998969,16.736109625601657,2.4362791278102707,-4.757005072852076,1.9855005050985708,-4.292841849232545,2.5539248623774045,-23.098961128155707,1.9883104242634,-11.043445648021283,2.7202309565519256,4.680689684548996,3.3965024934711447,8.84638611109064,2.2471941433736524,-29.93688645034805,2.7365510475539363,15.647501587055425,3.6476538305075854,,,,,,,,,,,,,,,1,44100,16,10911.5575578031,0.06836734693877551,0.689284884781382,134.05283216975357,NA,NA,2.143163,0.689284884781382,0.291425,15.659665384628127,53,0.287066636940207,0.9727635400552209,0.9744222079575896,0.018344813278987446,1.4160880923111407,0.6999698473219769,0.9847351102601424
Bass2_Oh_25,211.37314049198017,Bass2,Oh,25,Bass2_Oh_25.wav,Vocals/Bass2/Oh/Bass2_Oh_25.wav,Bass2_Oh_25.wav,100.97371063817647,6.78206403794705,5.968049771272909,2.1107567931059266,-8.459637464383846,2.550843850896878,18.807670045308086,2.942608561824944,-9.636635619073706,2.338174401279665,0.7140117826849613,3.036932528854596,-27.10100188202041,3.3645836504257542,-11.550261894787056,3.641876412696334,-1.2640240888884031,3.6449157551188307,16.05202004492112,3.3557727631404695,-27.984144305846584,3.1197289989162345,5.6920884468733846,5.1914712083174654,,,,,,,,,,,,,,,1,44100,16,12177.451621768527,0.04657596371882086,0.6890419634820876,119.94209689227854,NA,NA,2.068551,0.6890419634820876,0.358104,13.338251056633265,62,0.3180951260198831,0.9779442564273974,0.9775231315293716,0.019988813318296206,1.7586231267227788,0.6978738428449024,0.9873445903534492
Bass2_Oh_26,225.25183668862576,Bass2,Oh,26,Bass2_Oh_26.wav,Vocals/Bass2/Oh/Bass2_Oh_26.wav,Bass2_Oh_26.wav,102.66113270769824,5.619533454134767,3.696878820432996,2.188283440249553,-6.455389534708975,1.714825693281654,15.474357966794898,2.7894788779740516,-8.85879731406825,1.5352688769819314,-4.285914548739802,2.9187450398255406,-25.766401724180305,2.662349503989727,-10.274874428666003,3.4989980299806422,5.7041394600623185,2.1800014581537224,6.7236484740756515,2.6380597442177507,-27.025762013643757,2.642511169444021,8.652032779927481,4.243592142384153,,,,,,,,,,,,,,,1,44100,16,12067.721150647416,0.053922902494331064,0.700318677795198,125.93157277052364,NA,NA,2.13635,0.700318677795198,0.304609,13.383880369727452,59,0.3117630304703669,0.9661525925126654,0.9720698406235675,0.023874013484300922,1.6856768102353719,0.7091513606415927,0.9875447142364594
Bass2_Oh_27,249.0743202272878,Bass2,Oh,27,Bass2_Oh_27.wav,Vocals/Bass2/Oh/Bass2_Oh_27.wav,Bass2_Oh_27.wav,101.1863624511669,5.347542869264149,5.484542319308104,1.6846233284749326,-11.083237423924508,1.4845032249129517,16.641776122577873,2.1041420404133846,-6.018075754541553,2.6013979609800963,-0.9584793011250952,4.409485536730176,-25.175843845863497,2.3774167278283826,-7.449938015307327,3.762103364767349,-3.3184781586676344,4.279735945056274,6.2414810540161065,2.9788543399176968,-32.064110821248356,4.187275035044126,-8.124656869766063,4.861011231844241,,,,,,,,,,,,,,,1,44100,16,14322.519537124848,0.04163265306122449,0.6604542556331178,130.08481037401742,NA,NA,2.108111,0.6604542556331178,0.340568,16.890186436893945,49,0.3945590188833223,0.9123984620350176,0.9400582284000082,0.045020702468072674,1.4571271742583067,0.6686836557062864,0.9876931341106634
Bass2_Oh_28,263.77369865974026,Bass2,Oh,28,Bass2_Oh_28.wav,Vocals/Bass2/Oh/Bass2_Oh_28.wav,Bass2_Oh_28.wav,101.3858128621483,6.094850767140576,3.7685488708467387,2.002494104250023,-10.417944530284517,1.8822871260318734,15.149796628831737,2.0927958329555487,-6.0188342575757945,2.9381387782229855,-4.1659865044801725,4.402353616817604,-25.139202707683474,2.764663953567048,-4.454867722942911,3.4224009264584043,1.4734489051352826,4.631210051765152,1.3043538397807206,3.021352183737076,-30.784434031538158,2.8696583607421235,0.5666799205819152,4.958478006582989,,,,,,,,,,,,,,,1,44100,16,14248.084363861995,0.04585034013605442,0.6685451330281335,129.81339267752082,NA,NA,2.05414,0.6685451330281335,0.374532,16.75269667688718,51,0.3892291449579851,0.8945250523301029,0.89793699688064,0.08257871840767879,1.5356123181838088,0.6762592524084858,0.9885929555079969
Bass2_Oh_29,279.70459835845344,Bass2,Oh,29,Bass2_Oh_29.wav,Vocals/Bass2/Oh/Bass2_Oh_29.wav,Bass2_Oh_29.wav,101.77049992374808,5.917664539804301,3.5020628242270972,2.340733749604283,-10.881849311737273,2.129547810444256,14.956433694528522,2.399510756047645,-8.328286551855172,2.67137361924715,-6.210798592548136,4.050772339184283,-24.634485397502708,3.635035878349877,-0.13807637343710513,5.007481957324526,0.25027432575647507,4.409209251397712,-7.168023272999828,4.641317510379472,-29.753980485304012,3.0260766086212887,9.48433628347128,4.4377254410332165,,,,,,,,,,,,,,,1,44100,16,14152.396897747412,0.05276643990929705,0.6749575844125826,118.66574013398777,NA,NA,2.059637,0.6749575844125826,0.371505,17.051907050471648,52,0.38754768990151733,0.8962394025382031,0.8964084142243712,0.06501449840250204,1.1901935943342645,0.6832100195066032,0.9879210859641954
Bass2_Oh_30,296.4226724310691,Bass2,Oh,30,Bass2_Oh_30.wav,Vocals/Bass2/Oh/Bass2_Oh_30.wav,Bass2_Oh_30.wav,102.39863954630923,6.283939022257272,3.3145099808720375,1.95022267482314,-10.17907791000423,2.441755582683328,14.277943049147803,1.8630777995881322,-11.341339517901163,2.2520485433608175,-8.252865454009086,3.905956405195441,-24.287915106386308,3.328302731468987,3.788470980296355,4.488233701109559,-1.365975589184645,3.1049406661509473,-12.80125465468964,3.741821756541848,-24.35972958326661,2.9131080470353896,16.021593942377606,4.245421767183586,,,,,,,,,,,,,,,1,44100,16,14221.3713757513,0.05718820861678005,0.6791419124299544,123.03844993856102,NA,NA,2.093874,0.6791419124299544,0.340127,17.64101290940786,50,0.3875828884014182,0.8890302451062192,0.8897611565121774,0.06861565479749757,1.1762387472731695,0.687578261615096,0.9877303433570965
Bass2_Oh_31,313.66476441790047,Bass2,Oh,31,Bass2_Oh_31.wav,Vocals/Bass2/Oh/Bass2_Oh_31.wav,Bass2_Oh_31.wav,102.43971059746768,5.944470118223704,1.5770618322552756,2.001471039641662,-10.325948947734071,1.8115757804187942,13.164997151617966,1.9031822475905742,-11.961480489331992,1.9716983535337067,-9.842343615474189,2.995644814132058,-21.275710665489513,2.8622477822683594,7.766938059754051,3.962167258525373,-4.219905846762183,2.938260194967872,-17.786983074294564,4.517019446627667,-17.732647469808974,3.8212661327822666,18.573807490782134,3.535182361206689,,,,,,,,,,,,,,,1,44100,16,14186.896274957817,0.06426303854875283,0.6861874459025065,132.2460055609889,NA,NA,2.144557,0.6861874459025065,0.305536,17.675572634844215,49,0.38386688377550204,0.856192440758483,0.8703466138467325,0.09295421902727338,1.3409338078907307,0.695098122471142,0.9871806925086243
Bass2_Oh_32,332.5801806050257,Bass2,Oh,32,Bass2_Oh_32.wav,Vocals/Bass2/Oh/Bass2_Oh_32.wav,Bass2_Oh_32.wav,103.22506102925317,5.401941753786782,0.3487545773632423,1.906251356685789,-10.199135211998813,2.2254854083187223,10.016103211683431,2.2725791295795275,-15.350847138478853,2.50705815307208,-12.327089501006364,2.8317562275455668,-18.25097480154897,2.2863087306394494,8.896439694088912,4.59815534510738,-7.5195128822764286,3.0474906743121415,-18.584538452970307,2.8650740103894887,-4.241655440717036,4.67213739583942,19.177806431514295,2.335878170110366,,,,,,,,,,,,,,,1,44100,16,14284.950865686762,0.06827664399092971,0.6908922828042188,132.4525437615472,NA,NA,2.148231,0.6908922828042188,0.29378,17.66047961452845,49,0.3859929068691104,0.7569967212840417,0.7943036571295434,0.16303679387815873,1.4221814127560355,0.6994842034469735,0.9877167767328915
Bass2_Uh_1,55,Bass2,Uh,1,Bass2_Uh_1.wav,Vocals/Bass2/Uh/Bass2_Uh_1.wav,Bass2_Uh_1.wav,72.34626847500724,4.0758035652300775,7.82794210479339,2.633978002472812,1.4571598933645387,2.7658196873198775,18.1024958025705,3.501148012044907,-6.636772026693613,3.0648922695771073,30.01232712374141,4.1167486194691545,-9.771450013950904,2.61314214004366,-6.668991836619632,3.3924735142342,-12.087869675499686,3.210154888314939,17.905183552764658,3.446272479114889,5.513817089926087,3.655132577313158,0.8865124958547678,4.912845287469485,,,,,,,,,,,,,,,1,44100,16,5270.122127356475,0.011564625850340135,0.4595286846120006,199.22394126882568,NA,NA,1.611999,0.4595286846120006,0.619297,15.281387090571693,43,0.1523565405322373,0.2689240597025475,0.16165762077057175,0.7728294443690984,1.0708789581083076,0.4637505203353297,0.9908963213232054
Bass2_Uh_2,58.2705,Bass2,Uh,2,Bass2_Uh_2.wav,Vocals/Bass2/Uh/Bass2_Uh_2.wav,Bass2_Uh_2.wav,74.11168737851376,3.291343959560341,7.847908281349018,1.9859179494524457,2.0139799953821,2.684108453249294,16.424376548122602,2.8045284625961555,-4.852337289463597,3.8782456573858313,28.120623874336914,3.4025871969320556,-15.058194467230027,2.9885310068368054,-5.701695845727502,2.896070853563954,-7.75217488832579,2.5670915638674145,21.61008702586345,3.8443693856326,1.6302156662428071,3.316206186960844,2.2272238217463047,4.270873932357816,,,,,,,,,,,,,,,1,44100,16,5250.031625513271,0.011564625850340135,0.4747892874707088,184.9636573891801,NA,NA,1.519475,0.4747892874707088,0.649629,13.59148640884148,38,0.1506328066943315,0.2791085303246816,0.1938447717747388,0.7348139454044427,1.088194625840886,0.4782909782137622,0.9926787438974264
Bass2_Uh_3,61.7354,Bass2,Uh,3,Bass2_Uh_3.wav,Vocals/Bass2/Uh/Bass2_Uh_3.wav,Bass2_Uh_3.wav,74.57542729119515,3.0008465912261353,8.136016951785626,1.7362668491911752,2.45403912330643,2.3729071870169745,15.659140767828331,3.0347649113688715,-4.496785477363784,3.2697423055199066,27.187737938073184,3.3308589772327792,-20.51287877944109,3.164712390597294,-2.226704294690815,2.6357261552169304,-4.0421816963467,3.138189571649595,24.993707495266595,3.467258631020574,-4.120347193381893,4.684433194637458,3.6781576385461943,3.0805018112321534,,,,,,,,,,,,,,,1,44100,16,5244.632238483641,0.012857142857142857,0.4830492284238924,184.48500465187684,NA,NA,1.462462,0.4830492284238924,0.669634,13.176439275212989,40,0.15185067477731973,0.5667511585170049,0.363423728296241,0.5721962148593794,1.225534050291503,0.4863915152626882,0.9931284022563784
Bass2_Uh_4,65.4064,Bass2,Uh,4,Bass2_Uh_4.wav,Vocals/Bass2/Uh/Bass2_Uh_4.wav,Bass2_Uh_4.wav,75.57107099071325,2.8869836814982,8.05244912166194,2.012074417689148,3.0131587367829247,2.6155517030385775,14.536608015901463,3.1957958824874453,-3.1839298584255746,4.0727229178583775,24.256988442008602,3.379893604350519,-23.997819126590546,3.405201517310747,1.5204169815799373,2.7310773612627823,0.9180991940803124,3.542613905083437,24.788231146599557,3.7434813226477575,-8.891820808411563,4.9354191907725244,5.865815777118048,3.6927777901071455,,,,,,,,,,,,,,,1,44100,16,5245.889759661302,0.01401360544217687,0.48539621331511157,179.04915170175767,NA,NA,1.40477,0.48539621331511157,0.677502,14.407345412184636,41,0.15285737027279245,0.7899605743252244,0.6247198975868096,0.29990637662114983,1.2984004597532834,0.4885519888439843,0.9935405533066399
Bass2_Uh_5,69.3133740388669,Bass2,Uh,5,Bass2_Uh_5.wav,Vocals/Bass2/Uh/Bass2_Uh_5.wav,Bass2_Uh_5.wav,78.50237817226441,2.52304258075634,7.587278265326538,1.098087336423758,4.173300309807619,1.6051827224227788,16.843043409993584,2.2860467919992966,-0.19621156205987159,2.667915329784849,20.933985495995024,3.0673997554461674,-28.069538327211827,3.1655286744263043,0.5077340078675018,2.9896847382888807,11.989653257753574,2.63022838904639,12.710476551042444,3.0053957730853713,-5.471663741988382,2.5197304447148694,1.0931113394296745,2.3534653880225616,,,,,,,,,,,,,,,1,44100,16,6932.601956050646,0.007709750566893424,0.48306535863093386,177.57540501648245,NA,NA,1.424939,0.48306535863093386,0.678294,15.886888884039307,40,0.18993189934836466,0.868937226741569,0.7158713626391443,0.23861808542532706,1.4410301727843637,0.4876074838652144,0.9906848738286878
Bass2_Uh_6,75.17717464002331,Bass2,Uh,6,Bass2_Uh_6.wav,Vocals/Bass2/Uh/Bass2_Uh_6.wav,Bass2_Uh_6.wav,79.8378666139539,5.0668614451271115,6.340425378035685,2.576942995594992,6.062147649594234,2.5934520788325437,16.452579806159605,2.742210069593606,0.6707952608450145,3.034772390242862,20.80456233995083,3.1572021755816353,-27.068085450373847,2.5993445896848018,0.6978738853736578,3.2608611783769574,12.472631837956104,3.6696984292368926,10.465429834107372,2.795649075414896,-9.403301074040028,3.0563861594829778,3.7298142439926076,2.9199237325498366,,,,,,,,,,,,,,,1,44100,16,7911.011369251972,0.015600907029478459,0.48451728764906116,162.64550657802417,NA,NA,1.502689,0.48451728764906116,0.658268,18.6552567199573,38,0.20764010134796776,0.9046731794907155,0.819063655361273,0.14868500450419006,1.4948212219653159,0.49126057694496056,0.9862734979919732
Bass2_Uh_7,76.96970712624733,Bass2,Uh,7,Bass2_Uh_7.wav,Vocals/Bass2/Uh/Bass2_Uh_7.wav,Bass2_Uh_7.wav,86.01425660750976,3.1278329136589447,6.861786215557726,1.3167566345707014,0.4883123141706969,2.7095296579917467,18.410921867949828,2.0020638348884114,2.265964416473899,2.9033976902850034,22.212013481981323,3.266127179229498,-21.559693647369652,3.4422084554984425,-12.496029050718022,3.564625101540766,12.093163397259946,3.1690153113998774,14.153445763812357,2.2778259777101884,-9.457044042972752,2.442686677681259,4.700881592379834,2.906299425234414,,,,,,,,,,,,,,,1,44100,16,9108.626930195756,0.019319727891156463,0.5368237836026052,157.29406167021816,NA,NA,1.867635,0.5368237836026052,0.495458,20.5122767748396,32,0.25628881479576876,0.9768998569931235,0.9568188011180071,0.029545596908086728,1.3389016751942877,0.5425284862496641,0.9894849712196795
Bass2_Uh_8,81.60053327937086,Bass2,Uh,8,Bass2_Uh_8.wav,Vocals/Bass2/Uh/Bass2_Uh_8.wav,Bass2_Uh_8.wav,87.24879942592129,2.6234929057910383,6.364850688538108,1.3386948432686177,2.1360923107278063,2.8043809115805267,16.89782785522194,2.066740459130271,3.579371690648751,2.1629776410183044,17.75996053716656,3.0906570626580536,-25.69172633292433,3.0423598767233666,-6.6144744196232255,3.4471126155566627,17.242775945980267,2.658511222384962,8.552580776359294,2.8021725218615403,-9.671323642318983,2.6741869403901766,7.919064390590125,2.497857399106982,,,,,,,,,,,,,,,1,44100,16,9075.924073213966,0.019387755102040816,0.5471274905407646,147.33687293298564,NA,NA,1.837566,0.5471274905407646,0.509991,20.621657371629276,34,0.2534901969636141,0.9715087599087802,0.9703183439116594,0.02069097350128703,1.3735016847321406,0.5525854119226308,0.990122936175828
Bass2_Uh_9,87.52899632445424,Bass2,Uh,9,Bass2_Uh_9.wav,Vocals/Bass2/Uh/Bass2_Uh_9.wav,Bass2_Uh_9.wav,88.17114362663676,3.7770398266508143,5.817552768142759,1.5350321693246145,-0.6414790854712659,3.0142373079721243,21.614310656788685,2.665377084965412,3.5506621876252766,2.943895226343678,22.71038529360379,2.518456300768072,-23.46568678639084,2.860848415270126,-10.8276525558436,4.1289334047200175,12.106646284802038,3.0855766487828187,16.57736125401725,2.4169485903080523,-14.586328667857543,2.218724010995956,2.5237331840272605,2.7416855693933293,,,,,,,,,,,,,,,1,44100,16,9758.448206135876,0.029229024943310658,0.5693890473859476,129.34353581928366,NA,NA,1.931593,0.5693890473859476,0.456527,19.511118119735432,38,0.2699043468705393,0.9929998954304685,0.992527366200095,0.004755225162197703,1.2679486941060112,0.5765462448052018,0.9875860826711788
Bass2_Uh_10,92.57392010949184,Bass2,Uh,10,Bass2_Uh_10.wav,Vocals/Bass2/Uh/Bass2_Uh_10.wav,Bass2_Uh_10.wav,90.24399541022926,1.4420968659648101,5.298259890667357,0.9727303527926677,0.7611736668863944,2.6309979281366243,20.84910992404771,3.0218446449845597,4.535483226023901,2.6912932176742586,18.425080443985667,2.1713384536696076,-27.71991879862563,2.6874153141858237,-4.847965046410097,4.028397299632247,17.02294617496892,2.4505275434019906,10.258270704601173,2.273469975801396,-15.985919891944752,2.201246162552859,7.298284410505233,3.1857255654155843,,,,,,,,,,,,,,,1,44100,16,10109.29417733627,0.03195011337868481,0.5835060200526627,135.02887820324554,NA,NA,1.889095,0.5835060200526627,0.47153,16.162238011786176,33,0.2833590675181794,0.9906296692385734,0.9910846074925348,0.005930085716602976,1.3243726938048637,0.589698650589496,0.9894986523529555
Bass2_Uh_11,96.98672778641782,Bass2,Uh,11,Bass2_Uh_11.wav,Vocals/Bass2/Uh/Bass2_Uh_11.wav,Bass2_Uh_11.wav,87.52037714082226,2.352095485223039,6.921453334871636,1.9375321786362847,1.4544088168903508,2.1838455532271377,22.297145520842,1.6624857358984917,1.7449397937399083,1.9152771911231192,18.226665585993583,3.696454198416857,-20.456146147179766,3.721724791314658,-13.070111016871426,5.386395414573055,14.188822535637486,2.679574920089762,13.828887838973383,3.5362753754239087,-15.741094334179992,3.040909091402505,6.668910982890804,2.678310578873926,,,,,,,,,,,,,,,1,44100,16,10304.742154295473,0.019229024943310656,0.5483451810811286,136.10728472598322,NA,NA,1.838903,0.5483451810811286,0.499277,17.588159702397586,36,0.2793213830007101,0.9807557691019481,0.9808046468450251,0.013946119259936118,1.4391263141921868,0.554192206084263,0.9894494636717331
Bass2_Uh_12,102.57690737255528,Bass2,Uh,12,Bass2_Uh_12.wav,Vocals/Bass2/Uh/Bass2_Uh_12.wav,Bass2_Uh_12.wav,88.17528312972918,3.7860027909753833,6.6590957308573895,1.9810707233373823,2.7255656337954157,2.479136472578922,21.072668711444024,2.0151332168030875,1.947529056044631,1.936518998625711,15.063071210457643,2.7786617196118004,-24.419990897648713,3.8917907900851163,-6.951696709307344,5.489279185556618,18.191335962987687,3.985604351759783,6.917456110376359,3.2369357750995134,-14.582449959555214,3.729708421768268,10.635487509982278,3.3422019127851805,,,,,,,,,,,,,,,1,44100,16,10078.027920607135,0.019387755102040816,0.5545101343205218,163.74233771002812,NA,NA,1.86108,0.5545101343205218,0.493556,15.997360602701873,38,0.2736283894634318,0.9783227302300245,0.9793157655947491,0.015005455465234737,1.4359020493757975,0.5605788447557759,0.9891742071752672
Bass2_Uh_13,108.82065635054988,Bass2,Uh,13,Bass2_Uh_13.wav,Vocals/Bass2/Uh/Bass2_Uh_13.wav,Bass2_Uh_13.wav,88.69984847875729,2.91171682412073,9.113416207595137,2.6678206500880983,0.36948280516905135,3.8809318579427012,19.15694155864965,2.4359248920069247,1.7490278527796672,2.193532718839094,18.89351915573944,4.093126382594562,-23.039176889836078,4.471055389542353,-11.2805970305424,4.474414886776778,13.958226179284882,3.0805915071194154,8.892808832756796,3.22803464329069,-13.314109040763581,4.461311040926329,9.681263162244589,3.851595493467863,,,,,,,,,,,,,,,1,44100,16,10602.830337646023,0.015034013605442176,0.5593090045699831,169.92313043216996,NA,NA,1.910913,0.5593090045699831,0.472232,16.02518127074548,34,0.29414460629319594,0.9742543280106669,0.9737142844463917,0.017707257142096457,1.3295839821611275,0.5649324489619356,0.9900458109597252
Bass2_Uh_14,115.22588166158783,Bass2,Uh,14,Bass2_Uh_14.wav,Vocals/Bass2/Uh/Bass2_Uh_14.wav,Bass2_Uh_14.wav,90.034011175961,2.8028543237804784,8.859117060416361,2.529463295694437,1.3453838802118472,3.862765898657993,18.16191599185768,2.7918412298062467,1.9959236875539639,2.4383294560279336,14.9556043152759,4.366140082915522,-27.287098131754774,3.7210841205223324,-4.697977939907176,4.323611470247601,16.705916992835533,3.344866252166488,2.8833800823610236,3.876160085517048,-11.812564079094013,3.900114002572024,12.378312208107367,4.781702249533526,,,,,,,,,,,,,,,1,44100,16,10396.870138425988,0.018480725623582765,0.5762013447203655,156.83543064588932,NA,NA,1.900829,0.5762013447203655,0.46234,16.510448441641856,36,0.28817314413922834,0.9715618070695328,0.9734365632462504,0.018806178852838303,1.3971385294450143,0.5821525399193038,0.9897772580365909
Bass2_Uh_15,123.36016839146166,Bass2,Uh,15,Bass2_Uh_15.wav,Vocals/Bass2/Uh/Bass2_Uh_15.wav,Bass2_Uh_15.wav,92.63325118831312,2.9015570185766406,7.869680703442501,1.4792160882488838,-2.395562358874517,2.5763025019942445,26.025178593042455,2.0459118072848317,-3.8057887923928453,2.1791032301505218,14.534308729151068,2.847210846118834,-17.313917407060785,4.0114103552811065,-13.921560918380576,4.462196219392946,12.254735545255885,2.7421271527970874,13.76462585570419,3.6429609014866076,-13.227113770702456,4.011537585519582,3.27364159595404,2.488818370631624,,,,,,,,,,,,,,,1,44100,16,11326.934152249843,0.023015873015873017,0.6021467615270033,155.89681517838858,NA,NA,2.061221,0.6021467615270033,0.345198,19.44509174307483,34,0.31635423868830054,0.9671033455515268,0.9730083159832946,0.024528889529945107,1.792985683830061,0.6075021330312457,0.9911846046078543
Bass2_Uh_16,130.55365920895997,Bass2,Uh,16,Bass2_Uh_16.wav,Vocals/Bass2/Uh/Bass2_Uh_16.wav,Bass2_Uh_16.wav,93.91478967042356,2.158387680611097,7.7925815160410155,1.6756470321375325,-1.8774764272696967,3.014530517579785,25.63918831567707,1.8151335205299024,-5.63827293574817,2.0025017376067296,13.047717616691152,2.230797305124228,-22.451577360622693,3.9865644042080315,-7.173187405122724,4.880300470473829,15.197100297152472,3.084395893796436,9.401096759772049,3.6623703215774284,-15.785530543019089,4.821060917916091,6.984387130590749,4.0214668045736195,,,,,,,,,,,,,,,1,44100,16,11125.912506593317,0.02687074829931973,0.6161016769450313,131.41266106852524,NA,NA,2.111207,0.6161016769450313,0.307886,19.164058634384535,39,0.30960916931405313,0.9635476705066384,0.964782101873796,0.031552604714181226,1.7602979254402193,0.6218988534963996,0.9906782646104333
Bass2_Uh_17,137.2088255145269,Bass2,Uh,17,Bass2_Uh_17.wav,Vocals/Bass2/Uh/Bass2_Uh_17.wav,Bass2_Uh_17.wav,94.92858616762811,2.8621788853595627,6.243463259488155,1.45532704603599,-4.302696492614992,2.7905178184348283,24.595650012610466,2.1624897604241298,-2.1282081557087826,2.6812780161732865,18.69249149367244,3.4586938355282726,-16.19134347556571,3.7202576298300705,-18.769416290237107,4.638007203924405,14.459817263035482,2.5581287189530406,10.987000485306094,3.5538123673335194,-17.509011957084862,3.6694705210481815,3.637605378115003,3.1749842728918742,,,,,,,,,,,,,,,1,44100,16,10037.833551189866,0.040294784580498864,0.6590518866200082,148.12729960079193,NA,NA,2.085732,0.6590518866200082,0.327655,25.985007403060727,38,0.28023578175061775,0.9859600972435844,0.9863451176485103,0.012571115660005155,1.8286920071429222,0.663811986780098,0.9928291440123291
Bass2_Uh_18,145.58502099156252,Bass2,Uh,18,Bass2_Uh_18.wav,Vocals/Bass2/Uh/Bass2_Uh_18.wav,Bass2_Uh_18.wav,96.92960354470273,2.0835794219846946,5.3565471121245976,1.6187107235720184,-3.1249702481762047,3.110038247484692,23.747488001058652,2.5322160006728853,-2.7392078529520183,3.054977276482702,16.371467595710616,3.477847205566574,-21.22476239369508,3.4801280248928044,-13.46971309293608,3.654333509330889,19.147264382538122,3.101696061967757,2.6441140036633572,4.668714320548953,-17.102965370976857,4.065922808047126,5.0746719367186675,3.025000178228403,,,,,,,,,,,,,,,1,44100,16,10176.888696015636,0.04773242630385487,0.6733032504725974,131.64560217582422,NA,NA,2.142889,0.6733032504725974,0.259831,23.673176580483133,41,0.28340385170628735,0.9843517856463624,0.985858095706384,0.013006868880469098,1.8264722578932693,0.6784609821125203,0.9923978949771537
Bass2_Uh_19,153.8906933253,Bass2,Uh,19,Bass2_Uh_19.wav,Vocals/Bass2/Uh/Bass2_Uh_19.wav,Bass2_Uh_19.wav,94.33272063488661,4.490641704715754,7.248605318173965,1.8880476964239834,-3.843298456111412,1.8928901374305873,20.503297255792074,2.6561678048441406,-2.24773272860145,2.424351768396466,16.371834292570888,3.1918947814021785,-20.620322077009916,2.593929813402821,-8.779812982226437,3.3129667677176493,7.998247049498335,4.027778405552114,18.120914978261013,3.6699085397311784,-28.792890244543376,2.726163718337593,10.262884797155266,3.423194970120449,,,,,,,,,,,,,,,1,44100,16,9221.938217785017,0.032879818594104306,0.6505868545905164,125.68973901031929,NA,NA,2.043947,0.6505868545905164,0.36374,22.942824099979045,37,0.2645134377981429,0.9781678371143179,0.9790844659735581,0.015647329317353634,1.4805926708253068,0.6556521016098096,0.9922744897684966
Bass2_Uh_20,161.62057205817706,Bass2,Uh,20,Bass2_Uh_20.wav,Vocals/Bass2/Uh/Bass2_Uh_20.wav,Bass2_Uh_20.wav,94.88741620095752,5.520178868814797,6.576781300918722,2.1489389011826345,-1.9352747321619292,1.748378092064633,18.89522611095748,2.6612349113215266,-1.5305569620261705,2.4454721473590917,12.566806137177092,3.224721006942703,-22.593379688974238,2.6022492982602348,-5.131055394442671,3.541242695784037,13.088326545993992,3.8340875489032342,9.51512155040541,3.279693281836839,-27.7774645972762,3.7358042945335552,16.602499463555503,3.8163527833791715,,,,,,,,,,,,,,,1,44100,16,8911.22795520748,0.03201814058956916,0.6546793236795722,128.75874646405677,NA,NA,2.048187,0.6546793236795722,0.361764,21.048746225181922,37,0.2548842906940438,0.9620984737301008,0.9702933455753908,0.02566071159844133,1.701946256972469,0.6600945003973341,0.9917963614080978
Bass2_Uh_21,175.0975874552616,Bass2,Uh,21,Bass2_Uh_21.wav,Vocals/Bass2/Uh/Bass2_Uh_21.wav,Bass2_Uh_21.wav,92.63018048695749,3.3920310979549035,8.028022429730951,1.1848778563279325,-2.3523219824169503,1.9677576864599124,21.20849397130262,2.7826450748320806,-1.083776764422825,3.104578463107345,14.841738966969363,4.408959266654597,-18.230602623169577,2.3268021484742567,-6.3620908192903345,3.8739586258293666,8.858751652443116,4.371689299909626,21.496698075025055,3.8675832812475384,-27.145343283767588,3.302813867670163,3.021546432279746,2.472114520386123,,,,,,,,,,,,,,,1,44100,16,12862.81710744847,0.022879818594104307,0.571502492903012,135.3989200877828,NA,NA,1.930008,0.571502492903012,0.463951,17.361475008946115,43,0.3655203964897507,0.9734524699474946,0.9733319679623974,0.016104736897720587,1.1916886897047685,0.5764608858478685,0.991398561348072
Bass2_Uh_22,185.4195169892058,Bass2,Uh,22,Bass2_Uh_22.wav,Vocals/Bass2/Uh/Bass2_Uh_22.wav,Bass2_Uh_22.wav,94.93377819454732,3.388560847067721,6.46370832797541,1.3963263530862151,0.028006987216121434,1.3419902585881764,17.59701707959191,3.5807046957003004,1.1469144988443287,4.175442753669698,8.98585930414703,4.412174992197169,-18.00118623871028,2.727470656854361,-5.607599694663276,4.324588707347399,16.44006163466707,6.847271796296657,9.026634417291216,3.429723137663004,-26.4125183036074,3.1704230034451992,5.130979087724515,3.4469576623776934,,,,,,,,,,,,,,,1,44100,16,12497.094294239281,0.02727891156462585,0.5877670765105306,134.6852610559608,NA,NA,2.053563,0.5877670765105306,0.376612,18.06394296687376,42,0.35085939047817544,0.966368839088732,0.9697408188619548,0.020081576413579716,1.3072231065496362,0.5926442615296721,0.9917704678240653
Bass2_Uh_23,190.19315508494856,Bass2,Uh,23,Bass2_Uh_23.wav,Vocals/Bass2/Uh/Bass2_Uh_23.wav,Bass2_Uh_23.wav,93.62071753301677,3.6680406177898184,7.053324360488127,1.25323780275694,-4.0226226364230335,2.130231974771537,25.37014599362087,2.4899692035465124,-2.5612729511256656,2.7598330981271717,13.608172661250055,3.840416786400022,-20.393165829820934,3.8586521404975134,-9.241615298226986,4.10238479273619,3.1533429834170885,2.9364400564832374,18.54944346219715,3.3582088228819056,-28.96440319400141,5.94926907134205,1.8715632478382191,4.811698257002668,,,,,,,,,,,,,,,1,44100,16,12266.764500441823,0.034399092970521544,0.6049565363925496,122.32366695207367,NA,NA,2.008728,0.6049565363925496,0.408308,16.132197317579628,46,0.32344958121741385,0.9858546683786007,0.988451283911118,0.007369263890959597,1.2688356119140538,0.6106604775912167,0.9906593902700785
Bass2_Uh_24,202.0618798065029,Bass2,Uh,24,Bass2_Uh_24.wav,Vocals/Bass2/Uh/Bass2_Uh_24.wav,Bass2_Uh_24.wav,94.55355010535196,3.3753402262851115,6.0484955677583905,1.4296546819830727,-2.6821416472632142,2.2577611792096257,24.312785244551225,3.010866092929721,-3.7527650500607592,2.166319556256728,10.385176508439343,3.182710524138631,-23.646284144759434,4.269224450476627,-6.0432941023886695,3.276145765379485,7.6547173126560955,3.0105275818982076,10.01835626503,2.3622536780208727,-30.925061673256792,4.010197641090347,8.740507157164666,4.60993248560112,,,,,,,,,,,,,,,1,44100,16,12056.923116007958,0.03653061224489796,0.6155440198657826,143.42390783473635,NA,NA,2.092283,0.6155440198657826,0.349349,18.31985818489285,47,0.3141125223386231,0.9810831525859867,0.9835525330288872,0.011396575583576096,1.3744187117907418,0.6216703108446281,0.9901454342084921
Bass2_Uh_25,217.42564129984592,Bass2,Uh,25,Bass2_Uh_25.wav,Vocals/Bass2/Uh/Bass2_Uh_25.wav,Bass2_Uh_25.wav,98.62695934300842,2.6630213163015473,2.537849082188722,1.5580071047269022,-2.4757703597190854,1.7325875823402477,24.095773189989416,2.6793015027664837,-3.612115725422208,1.8217906876620005,8.286390665884397,3.880718100103278,-16.771947779188476,2.0189510195606903,-14.214320767178643,4.802866206839257,6.486077783202919,5.975478593286565,12.255431549644996,3.3952890252572825,-30.334797440953412,2.8654307904946412,3.0032160386017104,2.2630292374700542,,,,,,,,,,,,,,,1,44100,16,11765.401473658258,0.051224489795918364,0.6734966648061371,130.32514059026207,NA,NA,2.1383,0.6734966648061371,0.308331,19.97175078538688,42,0.3068019774595304,0.9933169911056867,0.9933305934277683,0.005622376859995795,1.6803977507492052,0.6816774900050129,0.9879989799885931
Bass2_Uh_26,230.81922260290855,Bass2,Uh,26,Bass2_Uh_26.wav,Vocals/Bass2/Uh/Bass2_Uh_26.wav,Bass2_Uh_26.wav,99.97074780762665,2.600267650568,0.9580938627029433,1.2223918130298939,-0.2617180290739664,1.375938238531924,20.49360663272472,2.4967019386626954,-3.581187649979776,1.6836547806439497,3.7177873673697657,3.3439869790131818,-19.2849747715034,2.637073971951571,-14.083248656403507,3.05009472132415,12.989061300705293,4.547759069195785,-0.8017825078793939,4.18983272874957,-27.548413691878515,2.967366634777436,4.192424386888631,3.0077019380557335,,,,,,,,,,,,,,,1,44100,16,11528.812341560839,0.055804988662131516,0.6872993369913465,136.5630598266062,NA,NA,2.177452,0.6872993369913465,0.260061,20.203212958302416,45,0.29842935100964524,0.9867103014013795,0.98974058812665,0.009884781309179174,1.917083631930177,0.6956132253000509,0.9880481163866339
Bass2_Uh_27,247.02270401545937,Bass2,Uh,27,Bass2_Uh_27.wav,Vocals/Bass2/Uh/Bass2_Uh_27.wav,Bass2_Uh_27.wav,99.92536352652145,4.2741623408778135,2.3005773870119457,1.6119534705216914,-6.532921611360148,1.6940896403771293,24.38777741481833,2.6701305317102473,-6.916027352605441,2.191679988516141,3.600079107339355,2.4082713648571916,-24.81785687233598,3.173208545358939,-14.034815519501125,3.365175765515576,2.5124855568919857,3.7294711892633963,6.830424793664519,3.2283521356495113,-28.713923078921958,2.743182759267266,-0.18695425647616262,3.125762891805732,,,,,,,,,,,,,,,1,44100,16,10647.849413324751,0.06952380952380953,0.7052451596824149,133.5315086743332,NA,NA,2.163192,0.7052451596824149,0.293343,19.81255466346309,47,0.2800414314976589,0.9693899618656971,0.9801631410707504,0.015013522226482848,1.4986860286984194,0.7137741836676388,0.9880508090928722
Bass2_Uh_28,261.59801159064887,Bass2,Uh,28,Bass2_Uh_28.wav,Vocals/Bass2/Uh/Bass2_Uh_28.wav,Bass2_Uh_28.wav,101.52412813394565,2.5990232555190644,0.3696775440652891,1.5689808492701913,-4.973679301653597,1.2102500120341628,20.737649808128875,2.730402960066382,-6.837226850974279,2.7719593388801953,-0.5030381681198853,2.829666561506497,-26.143807182148016,3.4584724133328306,-13.11924008729812,2.9188971685605054,9.350368561397154,2.873943842918493,-0.1958671071727565,4.156500880251244,-24.443809634869787,2.9871484204587926,3.6175334989034775,4.597012454510305,,,,,,,,,,,,,,,1,44100,16,10824.140960663197,0.07312925170068027,0.7147584441520308,134.20075820066012,NA,NA,2.170708,0.7147584441520308,0.270175,18.781307242096236,48,0.28777487427873283,0.9636517012478291,0.9648502170158693,0.026976734933941565,1.5079820980193632,0.7224748822779606,0.9893194375123465
Bass2_Uh_29,277.29695738133915,Bass2,Uh,29,Bass2_Uh_29.wav,Vocals/Bass2/Uh/Bass2_Uh_29.wav,Bass2_Uh_29.wav,101.79792710640646,2.942904125779581,-0.3186473131970347,1.4936998049720236,-4.36288527209152,1.7757204290233841,20.134873818999115,2.4083169240861895,-9.03829588116652,2.026878966318798,-2.8190754445396147,2.722131535041668,-26.272375949611238,2.806965766108849,-6.033322016783454,2.696467442271481,9.832061826788994,2.7945040806371875,-10.628502887709429,3.931724828358577,-21.92289574640269,3.3988375428473683,5.313870767923396,3.3571920088559444,,,,,,,,,,,,,,,1,44100,16,10598.992187476195,0.07988662131519274,0.7224372391886473,131.32899473601873,NA,NA,2.175761,0.7224372391886473,0.26999,19.106986302936228,48,0.27870130492731165,0.9619066531401502,0.9628989801361955,0.0361274578401705,1.9113908569011486,0.730523204517234,0.9889312683312637
Bass2_Uh_30,294.07420252876693,Bass2,Uh,30,Bass2_Uh_30.wav,Vocals/Bass2/Uh/Bass2_Uh_30.wav,Bass2_Uh_30.wav,102.64202580634091,3.117020647801011,-0.07855410797151251,1.285336006309741,-3.1609320919089705,1.82134702475063,18.99721816237125,1.9562126210630115,-12.470493626326169,2.0419217943515573,-5.10040791475281,2.1862259002387443,-27.959542998898804,3.75661731875946,0.19132557660253463,2.6285070565268525,7.480106632522613,2.6195759819491333,-15.145527784026692,2.919580626286572,-16.858026617590006,2.886840544528781,8.39721088543652,3.119996897758078,,,,,,,,,,,,,,,1,44100,16,10584.78775119933,0.0872562358276644,0.7284162849537911,138.89996082700316,NA,NA,2.181438,0.7284162849537911,0.273341,19.435969611972396,50,0.2774269862435176,0.9607694384307479,0.962812378694459,0.03458403845882721,1.8253917946108797,0.7371342337672026,0.9881731868985958
Bass2_Uh_31,311.5184878121421,Bass2,Uh,31,Bass2_Uh_31.wav,Vocals/Bass2/Uh/Bass2_Uh_31.wav,Bass2_Uh_31.wav,102.10427421991795,3.0812928757270055,-1.6031917753769802,1.3419455874505783,-3.738748859670643,2.5309961802832563,17.299912181105864,1.7554297256821005,-13.219234973825309,2.111433850711243,-4.892152796401403,2.0842161924990426,-26.39911826798221,2.9589014885916916,8.002947298454764,3.2715839235397217,3.5915569150841593,3.7831412652677945,-20.748691838830585,3.14171458403504,-11.542833939853194,3.4736395644920557,7.328937179427443,3.5292331598150186,,,,,,,,,,,,,,,1,44100,16,10444.74928609006,0.09365079365079365,0.7349953682787631,138.88264754077412,NA,NA,2.143553,0.7349953682787631,0.309073,17.63262537834386,47,0.2715333277727431,0.923162786387428,0.9449439104152747,0.04112947078157766,1.4529639561874386,0.743754044154748,0.9882236931081984
Bass2_Uh_32,330.59659444580933,Bass2,Uh,32,Bass2_Uh_32.wav,Vocals/Bass2/Uh/Bass2_Uh_32.wav,Bass2_Uh_32.wav,103.03755869209633,3.3687198307135278,-2.9164653732521533,1.5142797126612146,-2.1909484024052417,1.9170422991712788,13.110804876463664,1.812125432428131,-16.53078857423797,1.5330628390293841,-9.599042977755769,1.857115561750183,-22.278018471662715,2.6432359998615733,11.238474866800015,2.4442654382859783,0.04862070556052338,3.3857309403250673,-20.50389203288824,2.0433098656644946,0.582161816427654,3.3137401032928397,5.946636997296292,2.941618167111216,,,,,,,,,,,,,,,1,44100,16,10465.549708549144,0.09780045351473923,0.7400768250787239,139.18655208108737,NA,NA,2.134541,0.7400768250787239,0.319163,19.031564912243567,47,0.2744847852152702,0.624430387411725,0.744700793339525,0.20265894118059483,1.3849601026193568,0.7490184276233598,0.9880622395726528
Soprano_A_1,220.15712333775625,Soprano,A,1,Soprano_A_1.wav,Vocals/Soprano/A/Soprano_A_1.wav,Soprano_A_1.wav,83.8309562282254,18.57247182558178,15.958355177544643,3.7157685495536263,-6.898545048745885,2.6066743576715368,1.4869016663809378,2.6322824439610804,-19.38881811951843,3.532583046403183,1.3711222976485509,1.8548671080262322,-15.081985067388015,3.759897280365017,25.536538916414496,4.804609316998313,-5.500498376050764,3.850798892660365,-12.422345872055326,3.3966577003303136,0.7339325737101607,2.8669264335922917,5.208743216771893,2.656670092497405,,,,,,,,,,,,,,,1,44100,16,6164.3916391324865,0.03437641723356009,0.5891630034727214,132.02732828566232,NA,NA,1.771882,0.5891630034727214,0.539132,15.949796031695907,54,0.13312462775759165,-0.9669655346103038,-0.9665554946355283,0.9999402650248181,0.017005626156495507,0.6051584128918962,0.9735682276269831
Soprano_A_2,233.26994017011316,Soprano,A,2,Soprano_A_2.wav,Vocals/Soprano/A/Soprano_A_2.wav,Soprano_A_2.wav,90.70428100196196,15.338780801505285,15.350049306140667,3.4293480471024265,-11.825353671659306,3.0192329149349733,3.4651701299613826,1.8900747863329046,-20.959308283826203,3.6685793411264407,-0.7875695290218115,4.027140469088774,-19.78746532839758,3.975258135919092,22.03778867834235,3.0031175237381524,-0.9946200662424589,2.404524024187233,-14.004783862519963,2.55446255591739,1.6913789012575324,2.070198425126465,5.407685678514022,2.7430070352799616,,,,,,,,,,,,,,,1,44100,16,9557.103136023472,0.046439909297052155,0.6048131305652082,176.44639394930994,NA,NA,1.764502,0.6048131305652082,0.534962,18.815806458203458,59,0.20164323273745466,-0.7799431236733957,-0.7699309796809694,0.9956126884362886,0.1294172702073508,0.6221654604890835,0.9721097826449019
Soprano_A_3,248.07277887325515,Soprano,A,3,Soprano_A_3.wav,Vocals/Soprano/A/Soprano_A_3.wav,Soprano_A_3.wav,NA,NA,NA,NA,NA,NA,NA,NA,NA,NA,NA,NA,NA,NA,NA,NA,NA,NA,NA,NA,NA,NA,NA,NA,,,,,,,,,,,,,,,1,44100,16,8706.60804995742,0.04621315192743764,0.5682968204546561,125.52086205232371,NA,NA,1.499164,0.5682968204546561,0.649409,19.378538810448823,60,0.15712802477849738,-0.9608929261456097,-0.941492773494296,0.9997142558980386,0.03012656508915909,0.5875230108543228,0.9672758512526859
Soprano_A_4,261.81387509846667,Soprano,A,4,Soprano_A_4.wav,Vocals/Soprano/A/Soprano_A_4.wav,Soprano_A_4.wav,NA,NA,NA,NA,NA,NA,NA,NA,NA,NA,NA,NA,NA,NA,NA,NA,NA,NA,NA,NA,NA,NA,NA,NA,,,,,,,,,,,,,,,1,44100,16,9684.379770948202,0.05668934240362812,0.6008975265640102,161.025988762751,NA,NA,1.69476,0.6008975265640102,0.577558,22.6168794669245,60,0.23399592165400485,-0.9319124146943075,-0.9305598852470435,0.9995616530256203,0.035953132777267846,0.6155047378038224,0.9762679142130861
Soprano_A_5,277.2490069513405,Soprano,A,5,Soprano_A_5.wav,Vocals/Soprano/A/Soprano_A_5.wav,Soprano_A_5.wav,83.14300182951139,15.840240690308988,15.05176938822828,4.033064761888979,-15.701634548078633,2.8144742839357937,-7.165788313897415,1.9192068892320855,-17.905116749894585,3.041663384438599,1.6362757709182614,2.6134331570699976,-15.856426251108148,3.8467004435610734,25.03210120114543,3.898558655993897,-2.785636556406179,2.994982680542832,-18.27032393763587,4.390181035706566,-1.3178774027280524,3.0662741627096115,5.131178366291366,2.4609348112070366,,,,,,,,,,,,,,,1,44100,16,7491.570064712853,0.05047619047619047,0.5631183155232122,156.27627446709556,NA,NA,1.437489,0.5631183155232122,0.669403,21.064805584244723,63,0.11694697800746828,-0.9632903364386282,-0.9631285170524309,0.9998639580037129,0.018779446458643746,0.5836470195331364,0.964826850265859
Soprano_A_6,293.28964086824647,Soprano,A,6,Soprano_A_6.wav,Vocals/Soprano/A/Soprano_A_6.wav,Soprano_A_6.wav,NA,NA,NA,NA,NA,NA,NA,NA,NA,NA,NA,NA,NA,NA,NA,NA,NA,NA,NA,NA,NA,NA,NA,NA,,,,,,,,,,,,,,,1,44100,16,9335.944484434634,0.044897959183673466,0.5731412342516137,137.4133037165304,NA,NA,1.696717,0.5731412342516137,0.567969,20.98041682359778,55,0.18382978780645493,-0.9221157657288673,-0.9213033445248998,0.9993553664424673,0.040933632471015585,0.588699426726894,0.9735719252152456
Soprano_A_7,310.6793053956437,Soprano,A,7,Soprano_A_7.wav,Vocals/Soprano/A/Soprano_A_7.wav,Soprano_A_7.wav,NA,NA,NA,NA,NA,NA,NA,NA,NA,NA,NA,NA,NA,NA,NA,NA,NA,NA,NA,NA,NA,NA,NA,NA,,,,,,,,,,,,,,,1,44100,16,7692.8005443550355,0.042585034013605444,0.5668203972437187,156.59939323185847,NA,NA,1.488117,0.5668203972437187,0.656617,21.25334568448958,59,0.1899068559467753,-0.942200798839673,-0.9404963891357965,0.9997002739399631,0.03065492747855789,0.5789781027156643,0.9790014416522481
Soprano_A_8,329.20982345888297,Soprano,A,8,Soprano_A_8.wav,Vocals/Soprano/A/Soprano_A_8.wav,Soprano_A_8.wav,NA,NA,NA,NA,NA,NA,NA,NA,NA,NA,NA,NA,NA,NA,NA,NA,NA,NA,NA,NA,NA,NA,NA,NA,,,,,,,,,,,,,,,1,44100,16,11370.01204569461,0.045668934240362814,0.548162080437618,106.26138996345685,NA,NA,1.370931,0.548162080437618,0.685372,19.6828541933464,57,0.3302931548070309,-0.969643702785211,-0.9513185376320836,0.9998134532786203,0.02494332937552235,0.5570015468467391,0.9841302659585733
Soprano_A_9,349.62287608785743,Soprano,A,9,Soprano_A_9.wav,Vocals/Soprano/A/Soprano_A_9.wav,Soprano_A_9.wav,87.16235697378261,14.858721068781412,12.812726956715515,3.3167177667934604,-13.488991938403489,2.242409540308082,-4.5081545446237365,2.271176216514459,-15.244385591770024,2.6608487114619086,1.0692624128098898,3.389938651998796,-22.31335369477178,4.76249225014251,18.86812111292841,4.445075698185319,-1.0692343710556353,3.852302438866587,-17.619615336230066,3.269997201462093,-9.362882232721162,2.975790216041798,5.3499215585762805,2.753064704818292,,,,,,,,,,,,,,,1,44100,16,10246.46988606909,0.04666666666666667,0.5541022408137906,166.10741419844342,NA,NA,1.386664,0.5541022408137906,0.687576,19.21833779135809,51,0.2942447340553958,-0.9602636753453895,-0.9593058603265266,0.9998331507727315,0.020766206395633306,0.5636184723473042,0.9831158274605845
Soprano_A_10,370.1352762070467,Soprano,A,10,Soprano_A_10.wav,Vocals/Soprano/A/Soprano_A_10.wav,Soprano_A_10.wav,NA,NA,NA,NA,NA,NA,NA,NA,NA,NA,NA,NA,NA,NA,NA,NA,NA,NA,NA,NA,NA,NA,NA,NA,,,,,,,,,,,,,,,1,44100,16,12505.063559906292,0.05106575963718821,0.5184868317652842,161.17399348265047,NA,NA,1.375918,0.5184868317652842,0.682826,18.861364557543478,51,0.3734439757135261,-0.9840545956217237,-0.9838851886146722,0.9999788427814876,0.008122682972392483,0.529065457260975,0.9800050724338395
Soprano_A_11,392.3201590959234,Soprano,A,11,Soprano_A_11.wav,Vocals/Soprano/A/Soprano_A_11.wav,Soprano_A_11.wav,NA,NA,NA,NA,NA,NA,NA,NA,NA,NA,NA,NA,NA,NA,NA,NA,NA,NA,NA,NA,NA,NA,NA,NA,,,,,,,,,,,,,,,1,44100,16,12094.016850298003,0.05328798185941043,0.5173941427750992,144.61801020064019,NA,NA,1.285271,0.5173941427750992,0.709537,18.406608375181374,48,0.3695301394507516,-0.982144392534221,-0.9822062081375468,0.9999684882903483,0.008976478368700413,0.5257864120772925,0.9840386341118309
Soprano_A_12,423.527038675016,Soprano,A,12,Soprano_A_12.wav,Vocals/Soprano/A/Soprano_A_12.wav,Soprano_A_12.wav,82.67188117976063,14.441855537361004,11.600189697029691,3.347671677963928,-16.089514198830777,2.349813350296976,-8.115966169134962,2.0313242333623402,-14.070309269563264,2.2514173632564747,1.5622003279234327,2.6639947849207144,-18.00402695944861,3.8488540162664577,21.361154127009353,4.160383533745928,-5.332215491323605,2.336400474735629,-19.256275769328496,4.117326899093832,-2.6515297512490905,2.207681163392136,8.278022443581397,3.560888837236282,,,,,,,,,,,,,,,1,44100,16,10170.392928938962,0.05138321995464853,0.5128727171965703,117.31479820791621,NA,NA,1.339665,0.5128727171965703,0.701329,20.64022961058276,47,0.272217531389054,-0.9674623687119542,-0.9673471634370944,0.9998899118767887,0.01659556710691082,0.5242720846074522,0.9782567721121045
Soprano_A_13,439.662784018792,Soprano,A,13,Soprano_A_13.wav,Vocals/Soprano/A/Soprano_A_13.wav,Soprano_A_13.wav,NA,NA,NA,NA,NA,NA,NA,NA,NA,NA,NA,NA,NA,NA,NA,NA,NA,NA,NA,NA,NA,NA,NA,NA,,,,,,,,,,,,,,,1,44100,16,11009.153313624389,0.05210884353741497,0.5095573867634198,161.32504156556521,NA,NA,1.269009,0.5095573867634198,0.720021,15.59104418358608,47,0.29993071508727576,-0.9864128879340505,-0.9861586200525198,0.9999854435577257,0.006968818263803086,0.5212569901426597,0.9775550187326257
Soprano_A_14,466.024138634374,Soprano,A,14,Soprano_A_14.wav,Vocals/Soprano/A/Soprano_A_14.wav,Soprano_A_14.wav,NA,NA,NA,NA,NA,NA,NA,NA,NA,NA,NA,NA,NA,NA,NA,NA,NA,NA,NA,NA,NA,NA,NA,NA,,,,,,,,,,,,,,,1,44100,16,11796.075172124132,0.06448979591836734,0.4857099856353635,184.8652428342837,NA,NA,1.269007,0.4857099856353635,0.722535,15.772131180519477,46,0.35446212939996324,-0.9794506078482953,-0.9792084661585632,0.9999570777563753,0.010504523286780556,0.49384906519466304,0.9835190949362407
Soprano_A_15,495.137321134946,Soprano,A,15,Soprano_A_15.wav,Vocals/Soprano/A/Soprano_A_15.wav,Soprano_A_15.wav,NA,NA,NA,NA,NA,NA,NA,NA,NA,NA,NA,NA,NA,NA,NA,NA,NA,NA,NA,NA,NA,NA,NA,NA,,,,,,,,,,,,,,,1,44100,16,9116.89536643659,0.05909297052154195,0.5318340697455975,145.80031591530428,NA,NA,1.531647,0.5318340697455975,0.642073,17.8347652904849,43,0.26702774280255404,-0.9702824914370572,-0.966076508405004,0.9999093470045651,0.01725284656210332,0.542137857866709,0.9809941549522911
Soprano_A_16,522.975678774168,Soprano,A,16,Soprano_A_16.wav,Vocals/Soprano/A/Soprano_A_16.wav,Soprano_A_16.wav,81.72411197728634,14.40425574526857,10.202137836257602,3.9169816999408837,-13.155866285932174,3.5904303826841466,-3.997451547415358,2.011073990598148,-16.038905320293935,3.8539576745322375,0.22136831183323918,2.779485047936255,-21.787626192725686,5.564011041177944,23.54570875162986,4.969046570345769,-6.0445166052427135,3.3325771009524234,-20.48863561912012,4.897098142258491,-5.015542371695814,2.7397132113534606,-11.76061501420531,3.2050415180283367,,,,,,,,,,,,,,,1,44100,16,12053.954407475185,0.05061224489795919,0.4659357066672247,157.04540743451517,NA,NA,1.34347,0.4659357066672247,0.700837,17.924126551347353,46,0.35979400368864545,-0.9888860840995582,-0.9885777068056576,0.9999925962760036,0.005743908617573826,0.4735328174946295,0.9839565273055422
Soprano_A_17,553.415933032014,Soprano,A,17,Soprano_A_17.wav,Vocals/Soprano/A/Soprano_A_17.wav,Soprano_A_17.wav,NA,NA,NA,NA,NA,NA,NA,NA,NA,NA,NA,NA,NA,NA,NA,NA,NA,NA,NA,NA,NA,NA,NA,NA,,,,,,,,,,,,,,,1,44100,16,11677.97253150344,0.05238095238095238,0.45092842482762024,169.14062007662147,NA,NA,1.189632,0.45092842482762024,0.73762,15.261238558572176,41,0.3317459259091382,-0.9899269570296303,-0.9898628576661999,0.999990081512409,0.00509434192895525,0.45812502150886436,0.9842911948848774
Soprano_A_18,587.263843697304,Soprano,A,18,Soprano_A_18.wav,Vocals/Soprano/A/Soprano_A_18.wav,Soprano_A_18.wav,82.58248903563774,13.502792632585535,10.874419404734997,2.972749457834983,-16.474286305752987,3.1384142893807994,-6.109176678479194,2.2784117860605035,-14.805856439599307,2.224801906988839,-0.705802236768279,2.688808708115167,-17.27803904564129,4.294896831116625,23.21535005936713,5.0167817330684406,-16.23833842789375,3.4832241905161863,-27.30784874720963,4.804682714394686,-1.4588966904679566,2.2756202502999185,-6.091601258893296,2.355077817937061,,,,,,,,,,,,,,,1,44100,16,11991.112317318093,0.05628117913832199,0.4714342778739245,149.8923925713649,NA,NA,1.316646,0.4714342778739245,0.699178,17.09296473697325,49,0.327596985872604,-0.9821649619843241,-0.9821145663093332,0.9999822097055572,0.009023250122638942,0.47975191934628103,0.9826626197062633
Soprano_A_19,621.498369460138,Soprano,A,19,Soprano_A_19.wav,Vocals/Soprano/A/Soprano_A_19.wav,Soprano_A_19.wav,NA,NA,NA,NA,NA,NA,NA,NA,NA,NA,NA,NA,NA,NA,NA,NA,NA,NA,NA,NA,NA,NA,NA,NA,,,,,,,,,,,,,,,1,44100,16,12226.316755363418,0.057732426303854875,0.47279865984078656,128.63127338864155,NA,NA,1.346823,0.47279865984078656,0.701841,18.202961972691707,46,0.3140203509807823,-0.9791182061992888,-0.9790200195608134,0.999953929193795,0.010600708263289495,0.481142671931015,0.9826579254408248
Soprano_A_20,658.366781053184,Soprano,A,20,Soprano_A_20.wav,Vocals/Soprano/A/Soprano_A_20.wav,Soprano_A_20.wav,NA,NA,NA,NA,NA,NA,NA,NA,NA,NA,NA,NA,NA,NA,NA,NA,NA,NA,NA,NA,NA,NA,NA,NA,,,,,,,,,,,,,,,1,44100,16,14897.244397374792,0.060408163265306125,0.44833835742912265,159.15127861872622,NA,NA,1.476809,0.44833835742912265,0.661003,21.829982740830236,45,0.4216309283651445,-0.9643036155702766,-0.9667101427420328,0.9998963015210475,0.016924916604129647,0.45776367967244563,0.9794100697327771
Soprano_A_21,697.970239328636,Soprano,A,21,Soprano_A_21.wav,Vocals/Soprano/A/Soprano_A_21.wav,Soprano_A_21.wav,NA,NA,NA,NA,NA,NA,NA,NA,NA,NA,NA,NA,NA,NA,NA,NA,NA,NA,NA,NA,NA,NA,NA,NA,,,,,,,,,,,,,,,1,44100,16,13538.219637409005,0.06108843537414966,0.3988478574484188,171.27301359580497,NA,NA,1.496553,0.3988478574484188,0.649772,13.073048510906537,37,0.37613065089362585,-0.9970879035265376,-0.9970028793698318,0.9999996528506081,0.0015008088474390811,0.40759269139935733,0.9785451649760559
Soprano_A_22,740.461300309598,Soprano,A,22,Soprano_A_22.wav,Vocals/Soprano/A/Soprano_A_22.wav,Soprano_A_22.wav,NA,NA,NA,NA,NA,NA,NA,NA,NA,NA,NA,NA,NA,NA,NA,NA,NA,NA,NA,NA,NA,NA,NA,NA,,,,,,,,,,,,,,,1,44100,16,12010.386913291833,0.048752834467120185,0.41498294017150306,152.48801315019287,NA,NA,1.207248,0.41498294017150306,0.727705,16.834724280418595,49,0.35150120528782053,-0.9837082594780451,-0.983628623917499,0.999983070484898,0.008253106819315266,0.4217973577417607,0.9838443331965354
Soprano_A_23,784.785747554728,Soprano,A,23,Soprano_A_23.wav,Vocals/Soprano/A/Soprano_A_23.wav,Soprano_A_23.wav,NA,NA,NA,NA,NA,NA,NA,NA,NA,NA,NA,NA,NA,NA,NA,NA,NA,NA,NA,NA,NA,NA,NA,NA,,,,,,,,,,,,,,,1,44100,16,15875.650861200977,0.03841269841269841,0.38853974239103944,156.39301317118645,NA,NA,1.191577,0.38853974239103944,0.743343,15.237363435688495,41,0.45299099826621103,-0.9943981950958393,-0.994077791430676,0.999998497105209,0.002969894000283006,0.39450323925714165,0.9848835287706849
Soprano_A_24,830.609,Soprano,A,24,Soprano_A_24.wav,Vocals/Soprano/A/Soprano_A_24.wav,Soprano_A_24.wav,81.29770886824672,12.945510815945914,8.292090442589382,2.900843782565541,-10.556096393351336,2.4692066894376317,-5.945514769486526,2.7268613906506265,-18.331787851273692,3.734290175226701,2.302183994791251,2.648913723973616,-17.70386234638803,3.087174013660339,4.497257108203131,4.462047900003351,-15.104631827302594,4.031326767264169,6.944313558180084,5.139653361462946,24.941396485001967,4.595970120395822,28.300254083068424,5.823291059718646,,,,,,,,,,,,,,,1,44100,16,16069.703071832462,0.044489795918367346,0.4048978100328836,157.1817015729324,NA,NA,1.270712,0.4048978100328836,0.719072,14.630860419690885,45,0.4597122736904018,-0.9939727747748895,-0.9937576726722794,0.9999987597607108,0.0031309319438876998,0.41097471618978976,0.9852134306138196
Soprano_A_25,880,Soprano,A,25,Soprano_A_25.wav,Vocals/Soprano/A/Soprano_A_25.wav,Soprano_A_25.wav,82.07358897068634,12.07627629791725,7.74275305937536,2.4462047565056353,-11.760919126283431,2.3934409146488385,-8.986924501279644,3.031652243304452,-18.479269297741123,3.3665611976868672,3.1538738552031194,3.296967779110135,-16.379477164807323,3.5058008018584017,4.404246987643389,4.341044218271159,-13.309921532225733,3.8082805696723185,16.39809425620267,5.291597073817605,27.507942012500845,6.70225612016995,23.356314000457278,5.199497638270506,,,,,,,,,,,,,,,1,44100,16,16336.039343492645,0.04507936507936508,0.4008097942574848,179.87214155285287,NA,NA,1.29246,0.4008097942574848,0.712581,14.238632442775687,42,0.4658286929731722,-0.9941280543215244,-0.9938683983058856,0.9999988050975883,0.003075225211783527,0.40684953225027204,0.9851548606695413
Soprano_E_1,219.9577219381878,Soprano,E,1,Soprano_E_1.wav,Vocals/Soprano/E/Soprano_E_1.wav,Soprano_E_1.wav,74.87182031667447,16.859288177004938,11.670800714629742,3.332124435462115,-14.026947569899678,4.010282055228461,15.965138769375733,3.1349069675901524,7.035288493909696,2.7761581317160893,10.114119139834612,4.216449902577816,-25.06467984907666,4.530050859540326,8.39552754032895,3.0522419512694694,-6.063935586787487,2.504647084489732,-15.73588745322274,2.892301504421554,-3.9848585197315476,1.7375532369212598,-10.23322726517226,3.2592409721683264,,,,,,,,,,,,,,,1,44100,16,3970.401503702024,0.032834467120181406,0.6024243484471116,159.0300613983364,NA,NA,1.622195,0.6024243484471116,0.574363,22.25467205380395,63,0.09960193149949985,0.9568598813094977,0.9504312938770367,0.03750156173678524,1.4756128473323797,0.6151295686875214,0.9793454568156778
Soprano_E_2,233.42865583574363,Soprano,E,2,Soprano_E_2.wav,Vocals/Soprano/E/Soprano_E_2.wav,Soprano_E_2.wav,80.87092986203795,14.515814701873026,11.583221787780433,3.322276519667736,-15.865565130639188,3.2902463643592106,14.615555386412774,2.2951571930087744,7.712468692338632,2.529376623947064,8.169307199894304,3.672873313662392,-27.04505836574729,3.8280301379142427,3.7275478566160145,2.091614920386146,-10.999421896991684,2.591340484889548,-14.138596660736635,2.4998856979807043,-4.9954542339567345,2.479278903966633,-11.464490160771449,3.1255064290889143,,,,,,,,,,,,,,,1,44100,16,6285.380886108679,0.0326984126984127,0.595312200146726,121.44967354448846,NA,NA,1.587395,0.595312200146726,0.604053,19.790644675173176,65,0.16753945686018626,0.9557487704501461,0.9560735400982192,0.032763985223419737,1.459001356061985,0.6055852583600994,0.9830361487972935
Soprano_E_3,247.11537705553351,Soprano,E,3,Soprano_E_3.wav,Vocals/Soprano/E/Soprano_E_3.wav,Soprano_E_3.wav,NA,NA,NA,NA,NA,NA,NA,NA,NA,NA,NA,NA,NA,NA,NA,NA,NA,NA,NA,NA,NA,NA,NA,NA,,,,,,,,,,,,,,,1,44100,16,5554.629462897157,0.03564625850340136,0.5848038318837788,154.54201796671637,NA,NA,1.658542,0.5848038318837788,0.570101,21.03845475855324,68,0.15087427115961274,0.9150900268848994,0.915316801584089,0.05890188539346999,1.3322096100458194,0.5954107703757512,0.9821855112139162
Soprano_E_4,261.2471817879255,Soprano,E,4,Soprano_E_4.wav,Vocals/Soprano/E/Soprano_E_4.wav,Soprano_E_4.wav,80.72307636638489,14.959391897083465,11.300713907447836,3.192745587273283,-14.689308270813873,3.174618539137716,13.556906223092676,2.2507267365703676,0.9626214737765589,2.08403425477712,4.507786701970182,3.2134360854445188,-32.012087863132706,3.9516940702004235,2.918293835351748,2.2670541192078617,-9.474114593931343,3.038500058867589,-15.092559622186881,3.1783870544586685,-2.5752277239748325,2.37750279615931,-8.940927807025918,3.2434087280524935,,,,,,,,,,,,,,,1,44100,16,6986.799011400943,0.0272562358276644,0.5676697240259105,156.65229309273099,NA,NA,1.711924,0.5676697240259105,0.545048,21.29087614320905,64,0.20513649774479153,0.9059399580355395,0.907088102189989,0.07476135399976284,1.5345342424078612,0.5772985202581814,0.9833209407362336
Soprano_E_5,277.3104868456481,Soprano,E,5,Soprano_E_5.wav,Vocals/Soprano/E/Soprano_E_5.wav,Soprano_E_5.wav,78.1778779920236,14.665047488246481,10.863750825578206,3.3800118495466354,-16.285810289743203,4.3799564189865805,11.390322349187622,2.7293789843799288,2.0400719243179117,1.70880732416929,5.554079775877702,4.1819288486480914,-30.687192186348753,4.571879304787269,1.1485666139163686,1.9847653732996495,-10.60546996074493,3.275917462532425,-15.011098071982651,2.763503932081534,-3.061661265082317,2.538244458827229,-3.7915151013054778,2.4478394131193015,,,,,,,,,,,,,,,1,44100,16,4358.634345744742,0.040317460317460314,0.6086199990502528,125.88764135974994,NA,NA,1.776918,0.6086199990502528,0.525845,20.764970375479855,59,0.10516425515276087,0.8827449484156449,0.8797310483696803,0.09986081727284951,1.5607642388064562,0.6225699611751272,0.9775929405611807
Soprano_E_6,294.06231013776056,Soprano,E,6,Soprano_E_6.wav,Vocals/Soprano/E/Soprano_E_6.wav,Soprano_E_6.wav,NA,NA,NA,NA,NA,NA,NA,NA,NA,NA,NA,NA,NA,NA,NA,NA,NA,NA,NA,NA,NA,NA,NA,NA,,,,,,,,,,,,,,,1,44100,16,7316.8877948068875,0.03687074829931973,0.5753195694620755,153.21266753383915,NA,NA,1.729565,0.5753195694620755,0.553651,22.546197846720172,61,0.19172595663633968,0.8878066377843025,0.8881258239630045,0.08310142301398292,1.4025215501823005,0.587044773658816,0.9800267292668973
Soprano_E_7,310.98200775613515,Soprano,E,7,Soprano_E_7.wav,Vocals/Soprano/E/Soprano_E_7.wav,Soprano_E_7.wav,84.5518379310861,15.3769076977399,11.65012284362987,3.5666001465832076,-19.003304364596808,4.233990924999021,5.75039024632994,2.3419740875556196,-2.4053367191349992,1.8644020177049014,5.469835864206293,4.160413497185117,-29.204136364100826,3.768093322251553,-0.7876416492299362,2.5749498543367872,-8.36684898337349,2.933914069092192,-10.641062074875952,3.9314851802877646,-5.8841288231456845,3.0649174708647697,4.001143267256595,2.2630007013852897,,,,,,,,,,,,,,,1,44100,16,6596.479785400554,0.04639455782312925,0.6184559523480652,152.99880786943928,NA,NA,1.689713,0.6184559523480652,0.565759,23.150890233326827,59,0.16290408745366064,0.7891315861940988,0.7941373457284798,0.1615177042657806,1.4076615607868173,0.6326513509507251,0.9775620512288046
Soprano_E_8,329.47154065597874,Soprano,E,8,Soprano_E_8.wav,Vocals/Soprano/E/Soprano_E_8.wav,Soprano_E_8.wav,83.19800337171473,15.986557333837954,12.055975668768127,3.207527882095295,-18.54846493729909,4.704528757263474,2.9857199662596683,2.0535343340036802,-2.3802726823350215,2.628972771031419,1.9269229608204275,4.552767304531848,-32.163605820196025,4.488657557311054,0.2536566632375419,2.443755044467266,-7.53511890417853,2.2171771961211846,-3.180333472315629,3.0224699584212256,-2.584929754523221,3.0003356959227436,6.149368707908868,2.7484291094742166,,,,,,,,,,,,,,,1,44100,16,6826.252019375183,0.04498866213151927,0.5985373757793873,147.0019606051954,NA,NA,1.552102,0.5985373757793873,0.617687,21.411779486003088,52,0.16372389641221757,0.6463607082452256,0.6727576684975624,0.25902907559531196,1.3240734185475183,0.613127564110716,0.976203665949205
Soprano_E_9,349.4488188976378,Soprano,E,9,Soprano_E_9.wav,Vocals/Soprano/E/Soprano_E_9.wav,Soprano_E_9.wav,85.19884791636646,16.803254274364317,11.23512148643592,3.890627896189937,-20.973579682190195,4.182657086591741,2.041224218637977,2.047179212391895,-2.429208157980677,2.052330259840462,2.355105253839924,3.3258593931085216,-29.842670184649247,5.135040281175015,2.0184930308524627,2.937711782991356,-11.487891683450085,3.5406757973169034,-8.809871231819455,3.221819877745891,-0.4875104963786409,2.9085607716187405,2.189284293837647,2.4667425878006064,,,,,,,,,,,,,,,1,44100,16,6937.330946139938,0.03746031746031746,0.6078732255023565,153.78420779158392,NA,NA,1.610585,0.6078732255023565,0.583506,22.693187463883007,54,0.15645586841889572,0.4928403057516141,0.4965653006181406,0.4526092928461442,1.345476112875309,0.6232395449206812,0.9753444409239461
Soprano_E_10,370.26315789473693,Soprano,E,10,Soprano_E_10.wav,Vocals/Soprano/E/Soprano_E_10.wav,Soprano_E_10.wav,83.21971302648849,17.25412545464738,11.666222701656453,2.857426815471802,-19.913037563607908,3.846016070719994,2.5591500273155545,2.584119031953583,-3.7877403158752725,2.5314024552603445,1.9289981832394996,3.4548773446534,-29.855261494405347,5.031789148645373,0.3703565713898773,2.6139785488558225,-5.190640434060397,2.611592242898832,-4.3206041823200225,2.623438568984642,-1.5412874448613263,3.572641382000161,2.5090447280084485,2.8537564426024886,,,,,,,,,,,,,,,1,44100,16,8269.440230024105,0.03537414965986395,0.5759868308193689,126.103234522078,NA,NA,1.719736,0.5759868308193689,0.545703,29.250823975624296,52,0.21193289738224794,0.40254910341312994,0.40267485798303126,0.480011711050078,1.127192397014879,0.5894313393143968,0.9771907131530092
Soprano_E_11,392.5762692128551,Soprano,E,11,Soprano_E_11.wav,Vocals/Soprano/E/Soprano_E_11.wav,Soprano_E_11.wav,NA,NA,NA,NA,NA,NA,NA,NA,NA,NA,NA,NA,NA,NA,NA,NA,NA,NA,NA,NA,NA,NA,NA,NA,,,,,,,,,,,,,,,1,44100,16,9676.781689335334,0.06467120181405896,0.6132058611269271,126.31019004611235,NA,NA,1.790619,0.6132058611269271,0.537501,20.266245961163957,49,0.21581721862628828,0.6555572985744772,0.6219259936660659,0.31579120560117147,1.3547346719289999,0.6286610112112394,0.9754157649214878
Soprano_E_12,415.50316796509,Soprano,E,12,Soprano_E_12.wav,Vocals/Soprano/E/Soprano_E_12.wav,Soprano_E_12.wav,NA,NA,NA,NA,NA,NA,NA,NA,NA,NA,NA,NA,NA,NA,NA,NA,NA,NA,NA,NA,NA,NA,NA,NA,,,,,,,,,,,,,,,1,44100,16,8094.2643081312945,0.06326530612244897,0.6313990211541767,146.21041022813196,NA,NA,1.876582,0.6313990211541767,0.500421,22.0390911712608,53,0.17762770106888592,0.7239281503224,0.7243091401964321,0.2130094105008796,1.3322678660301635,0.6476040134541481,0.9749770045223496
Soprano_E_13,440.244830583426,Soprano,E,13,Soprano_E_13.wav,Vocals/Soprano/E/Soprano_E_13.wav,Soprano_E_13.wav,NA,NA,NA,NA,NA,NA,NA,NA,NA,NA,NA,NA,NA,NA,NA,NA,NA,NA,NA,NA,NA,NA,NA,NA,,,,,,,,,,,,,,,1,44100,16,9544.701400374348,0.046848072562358276,0.5979335921117117,166.47486700569675,NA,NA,1.673736,0.5979335921117117,0.589802,21.62064689381373,51,0.2405901099161739,0.8221905485936972,0.8223657315951957,0.13507840489761166,1.3857813493676678,0.6088825678008418,0.9820179189417829
Soprano_E_14,466.334963949628,Soprano,E,14,Soprano_E_14.wav,Vocals/Soprano/E/Soprano_E_14.wav,Soprano_E_14.wav,NA,NA,NA,NA,NA,NA,NA,NA,NA,NA,NA,NA,NA,NA,NA,NA,NA,NA,NA,NA,NA,NA,NA,NA,,,,,,,,,,,,,,,1,44100,16,10108.59047439402,0.04317460317460318,0.6007176479328139,119.5669782161871,NA,NA,1.683464,0.6007176479328139,0.577456,20.55586513349281,45,0.265556276209218,0.6755647630645453,0.6806527532424967,0.2929696038013852,1.541833149477725,0.6107085040643045,0.9836405485350198
Soprano_E_15,494.720845376282,Soprano,E,15,Soprano_E_15.wav,Vocals/Soprano/E/Soprano_E_15.wav,Soprano_E_15.wav,NA,NA,NA,NA,NA,NA,NA,NA,NA,NA,NA,NA,NA,NA,NA,NA,NA,NA,NA,NA,NA,NA,NA,NA,,,,,,,,,,,,,,,1,44100,16,12418.844745354329,0.03922902494331066,0.578827595725155,153.09750253903343,NA,NA,1.731166,0.578827595725155,0.54725,22.371348032146695,49,0.3456680591058904,0.7783427908963579,0.7325247629541237,0.18985416876807434,1.2297476670124194,0.5876334328411283,0.9850147445263652
Soprano_E_16,523.430395515416,Soprano,E,16,Soprano_E_16.wav,Vocals/Soprano/E/Soprano_E_16.wav,Soprano_E_16.wav,88.85161033281864,14.51394082653447,6.482175794586375,2.2873355817370715,-19.284092046643135,3.259705136818991,4.566315932287085,3.036664744440667,3.3776060768860634,2.381850461306264,5.265234957716626,3.2664001852106543,-30.70808786269888,4.914782170839275,8.468948117143874,4.6587812548205285,-23.103032433134757,4.147074231404001,-7.233509892966502,3.546672551997659,-13.84683846732973,4.008285970699424,-13.400126521593926,3.3788333448177155,,,,,,,,,,,,,,,1,44100,16,13775.949870974546,0.03963718820861678,0.5345095439560725,154.70077060351642,NA,NA,1.694137,0.5345095439560725,0.54201,19.874610159136214,46,0.41159695071845626,0.501039638438415,0.505992395788402,0.42817318117541703,1.3052947959370078,0.5408944683589492,0.9881956189675073
Soprano_E_17,554.61026064658,Soprano,E,17,Soprano_E_17.wav,Vocals/Soprano/E/Soprano_E_17.wav,Soprano_E_17.wav,NA,NA,NA,NA,NA,NA,NA,NA,NA,NA,NA,NA,NA,NA,NA,NA,NA,NA,NA,NA,NA,NA,NA,NA,,,,,,,,,,,,,,,1,44100,16,15878.116984487764,0.0490702947845805,0.5215902249148642,123.20491446983898,NA,NA,1.719451,0.5215902249148642,0.556291,20.237748708217083,45,0.4557922669974178,0.7312789747893673,0.7317046998325936,0.1625984690235444,1.0494873850491058,0.5289994246023031,0.9859939362070024
Soprano_E_18,587.88202703746,Soprano,E,18,Soprano_E_18.wav,Vocals/Soprano/E/Soprano_E_18.wav,Soprano_E_18.wav,85.15012611232811,13.229769763349811,8.410787637468008,2.5038240435065564,-18.44909400227575,3.9840296095532897,2.9889253473500697,2.978662605517705,-0.6717735358271774,2.5507976514585953,6.726055212336468,3.4011888296705632,-33.96563787572253,4.346245647030493,1.53837169221202,3.448538537428666,-22.262404938593402,3.7912043747753845,-12.064126849716423,3.8131450879228215,-4.3423315236276325,4.506158015732812,-8.59795998808964,3.1061750357435742,,,,,,,,,,,,,,,1,44100,16,13588.640368902808,0.03741496598639456,0.4917002671434939,145.68135384873528,NA,NA,1.702576,0.4917002671434939,0.557913,21.261626680770622,46,0.40168276513724555,0.5522603680280729,0.5531861772777299,0.3046721169654331,1.059082097750573,0.498829242544999,0.9857085856371742
Soprano_E_19,621.312903174928,Soprano,E,19,Soprano_E_19.wav,Vocals/Soprano/E/Soprano_E_19.wav,Soprano_E_19.wav,NA,NA,NA,NA,NA,NA,NA,NA,NA,NA,NA,NA,NA,NA,NA,NA,NA,NA,NA,NA,NA,NA,NA,NA,,,,,,,,,,,,,,,1,44100,16,15129.804662032371,0.03106575963718821,0.4861957117694532,183.06113886664497,NA,NA,1.706647,0.4861957117694532,0.570865,16.88921001654017,43,0.45048317900420903,-0.22427326235430045,-0.22318106019875786,0.9158432801123322,0.5816345829989793,0.49277544670989487,0.9866475998664859
Soprano_E_20,659.21225330949,Soprano,E,20,Soprano_E_20.wav,Vocals/Soprano/E/Soprano_E_20.wav,Soprano_E_20.wav,NA,NA,NA,NA,NA,NA,NA,NA,NA,NA,NA,NA,NA,NA,NA,NA,NA,NA,NA,NA,NA,NA,NA,NA,,,,,,,,,,,,,,,1,44100,16,16012.278291781508,0.0327437641723356,0.4523965976835186,154.57574681545185,NA,NA,1.467616,0.4523965976835186,0.602518,17.801642518193486,45,0.43760055749587984,0.6043666842190174,-0.03513342995152848,0.747148206352078,0.6964303405934384,0.4607552481812576,0.9818588056658427
Soprano_E_21,699.535847492748,Soprano,E,21,Soprano_E_21.wav,Vocals/Soprano/E/Soprano_E_21.wav,Soprano_E_21.wav,80.8639503116032,11.71276979720933,10.851525731986609,3.3063737712367804,-16.313974105464155,2.5929925970777803,2.7518379221221827,2.7799186981179287,-2.8280669424552975,2.796428632998462,-1.280181166927256,2.6617004828484507,-32.59582844773624,5.165208076047555,-7.565830093912347,2.1205270001533383,-12.473620535604951,2.4348303403347926,-5.15266264135077,2.974829894799786,7.266834244447888,2.811236153836004,15.94770100201212,3.311528090075673,,,,,,,,,,,,,,,1,44100,16,16134.715454693902,0.03424036281179138,0.3949910722738175,171.71335682425897,NA,NA,1.416778,0.3949910722738175,0.668089,13.861150721521296,47,0.4907126207477732,0.9016995610541576,0.9016777986119272,0.05294552456600041,1.0240345230435342,0.3990679885570165,0.9897839054995601
Soprano_E_22,741.177572545522,Soprano,E,22,Soprano_E_22.wav,Vocals/Soprano/E/Soprano_E_22.wav,Soprano_E_22.wav,NA,NA,NA,NA,NA,NA,NA,NA,NA,NA,NA,NA,NA,NA,NA,NA,NA,NA,NA,NA,NA,NA,NA,NA,,,,,,,,,,,,,,,1,44100,16,15359.487109428905,0.03668934240362812,0.41070224239364617,107.97334131776775,NA,NA,1.369773,0.41070224239364617,0.677466,18.24697718890009,44,0.47289150552346104,0.34909317569329307,0.3489964838847214,0.45036729046019425,0.9332421043021036,0.41626195954321543,0.9866437059113684
Soprano_E_23,784.78703454024,Soprano,E,23,Soprano_E_23.wav,Vocals/Soprano/E/Soprano_E_23.wav,Soprano_E_23.wav,79.13991330009746,11.715197686271031,11.762280251667507,3.6992822462330444,-11.19512884120511,2.149645615229073,-1.0095908024550655,3.336011198484775,-12.22687408111086,2.4889123840928136,-2.29086207368839,2.9014030517940417,-28.385011087368618,4.66045356158329,-5.545343413241402,2.7815467345587,-2.1665458405107705,4.091791386605369,5.435617592323332,2.6414935752778073,13.47511564769547,3.5756337954338413,23.67115846302327,5.168035095961325,,,,,,,,,,,,,,,1,44100,16,19299.151290311762,0.04208616780045352,0.32482880829682714,144.44335362646902,NA,NA,1.366798,0.32482880829682714,0.663422,12.712209202280189,44,0.6261772925112816,-0.06856805598723541,-0.06612791621785184,0.8152574881697433,0.7141227592998374,0.32785908879257125,0.9907573692499911
Soprano_E_24,830.609,Soprano,E,24,Soprano_E_24.wav,Vocals/Soprano/E/Soprano_E_24.wav,Soprano_E_24.wav,NA,NA,NA,NA,NA,NA,NA,NA,NA,NA,NA,NA,NA,NA,NA,NA,NA,NA,NA,NA,NA,NA,NA,NA,,,,,,,,,,,,,,,1,44100,16,19464.20133198893,0.03913832199546485,0.3448951685849685,143.48002260254674,NA,NA,1.479295,0.3448951685849685,0.635195,12.056654911846907,40,0.6340188217661906,-0.03593205298174713,-0.03309678241024407,0.8052206890277946,0.7536278191423537,0.3481338764538303,0.9906969471002017
Soprano_E_25,880,Soprano,E,25,Soprano_E_25.wav,Vocals/Soprano/E/Soprano_E_25.wav,Soprano_E_25.wav,80.86263912098322,11.504910278396682,10.258187762288674,2.67968455232123,-12.982105755988824,2.239214032037084,-2.655962016037421,3.673282622915582,-12.45645534284018,2.513352799080753,-6.715337859323348,2.9600706470188642,-26.156346238126947,4.3143194707162165,5.929840137072285,2.7809939455034574,3.862028647638399,4.0440246305765895,17.618671123374572,3.801597823365904,15.463673615231745,4.361729545455524,17.480110220988966,4.074493448575102,,,,,,,,,,,,,,,1,44100,16,19616.80803437173,0.04158730158730159,0.3380312035026445,164.18377977443632,NA,NA,1.45545,0.3380312035026445,0.646239,12.79146806164854,49,0.6396909518425811,-0.019996450259134428,-0.019553340102533068,0.8040251167408298,0.7731853834179391,0.3412178772866693,0.9906608826906582
Soprano_I_1,221.57447043831604,Soprano,I,1,Soprano_I_1.wav,Vocals/Soprano/I/Soprano_I_1.wav,Soprano_I_1.wav,NA,NA,NA,NA,NA,NA,NA,NA,NA,NA,NA,NA,NA,NA,NA,NA,NA,NA,NA,NA,NA,NA,NA,NA,,,,,,,,,,,,,,,1,44100,16,7173.418215134096,0.011564625850340135,0.5096625672952245,115.89751224346439,NA,NA,1.936972,0.5096625672952245,0.468187,13.930994162587833,65,0.21440690628966916,0.9692854829173206,0.9655878888760273,0.031589834971881246,1.8043820911953978,0.5163745482004167,0.9870017201107535
Soprano_I_2,233.30761674623287,Soprano,I,2,Soprano_I_2.wav,Vocals/Soprano/I/Soprano_I_2.wav,Soprano_I_2.wav,81.48274117646227,14.976578317998444,6.986596800438619,2.851223840745721,-12.483927384439868,3.200782901178444,25.518303299119392,3.8754615957500502,7.5393351224148635,1.9099119996972689,11.3351618654219,3.291248627628244,-16.319587352841207,3.3639034426341667,14.948731700595074,2.6249845764233446,1.3714085452325464,1.9932066124195105,-7.528711048517426,2.266535749371644,-8.859338724007692,3.0310001071676442,-5.972982776030215,3.3868663215764667,,,,,,,,,,,,,,,1,44100,16,9183.522823604277,0.01800453514739229,0.5488306288734246,151.30439068378308,NA,NA,1.888775,0.5488306288734246,0.480413,19.155407347206676,55,0.2694677096984664,0.9778866118904868,0.9778492266863524,0.019647761288793558,1.7543545284360624,0.5556953289913259,0.9876466477946435
Soprano_I_3,246.79122796005143,Soprano,I,3,Soprano_I_3.wav,Vocals/Soprano/I/Soprano_I_3.wav,Soprano_I_3.wav,NA,NA,NA,NA,NA,NA,NA,NA,NA,NA,NA,NA,NA,NA,NA,NA,NA,NA,NA,NA,NA,NA,NA,NA,,,,,,,,,,,,,,,1,44100,16,7416.664543211331,0.01904761904761905,0.591691589772829,136.62991054330035,NA,NA,1.868125,0.591691589772829,0.489011,19.118950979319138,74,0.20388421510465163,0.9830609517393094,0.9838413151924058,0.01375715157363037,1.6889991974040826,0.6002084141184613,0.9858102216741811
Soprano_I_4,262.19626284095034,Soprano,I,4,Soprano_I_4.wav,Vocals/Soprano/I/Soprano_I_4.wav,Soprano_I_4.wav,81.73853987216255,15.567534491948798,7.873362643233622,3.0320979735790687,-14.856910858742099,4.6002991454891955,21.70701480033638,3.099456549599027,5.204692227729076,3.0770413623557022,7.028768046499837,4.737638341734765,-21.24791423318452,3.9130855906579987,7.401435588065236,1.936059797759166,-3.161534484550255,3.164107469996409,-9.049676543722194,3.2918571132981014,-9.13579453796401,3.32869550194299,-1.431214282316207,2.374988198625144,,,,,,,,,,,,,,,1,44100,16,7801.461371241807,0.031337868480725624,0.578518696569391,131.13580262590287,NA,NA,1.908871,0.578518696569391,0.472729,18.279708075226953,62,0.22358908288341195,0.9849765543133,0.9849403693980665,0.012967364031375134,1.709168374106897,0.5863065724100052,0.9867170586053604
Soprano_I_5,278.45043801034143,Soprano,I,5,Soprano_I_5.wav,Vocals/Soprano/I/Soprano_I_5.wav,Soprano_I_5.wav,78.53571259527091,15.1720832450486,7.921966874260924,2.8653987237654506,-12.480531531165747,4.8899934095253474,23.829816588756444,3.7952685322014434,6.98124985540355,3.0943231396219537,8.568672374942203,3.6100492853981834,-20.691044259951727,3.8474417119973836,7.344295205703317,2.436014190229705,-4.68791869386458,3.409472869695504,-6.399141228948871,2.7058658852330666,-10.661176743364218,3.299169213053991,-2.3815791987427493,3.7417009935810253,,,,,,,,,,,,,,,1,44100,16,9474.583019504977,0.0163718820861678,0.5057016941480946,139.88848595824194,NA,NA,1.738313,0.5057016941480946,0.55936,21.249770692667738,60,0.2915058558939585,0.9746787098617808,0.9742536602792129,0.020336543749674987,1.5594253929154946,0.5113511590532523,0.988951887944055
Soprano_I_6,294.3313421859765,Soprano,I,6,Soprano_I_6.wav,Vocals/Soprano/I/Soprano_I_6.wav,Soprano_I_6.wav,NA,NA,NA,NA,NA,NA,NA,NA,NA,NA,NA,NA,NA,NA,NA,NA,NA,NA,NA,NA,NA,NA,NA,NA,,,,,,,,,,,,,,,1,44100,16,9623.723261528217,0.020634920634920634,0.5251550209544595,120.4864798661463,NA,NA,1.621045,0.5251550209544595,0.578849,21.303270475164382,59,0.2938341802464773,0.9773109847866186,0.9776705699333329,0.019189929739480485,1.699611641298084,0.5312722186274231,0.9884857565321827
Soprano_I_7,311.1433370660694,Soprano,I,7,Soprano_I_7.wav,Vocals/Soprano/I/Soprano_I_7.wav,Soprano_I_7.wav,NA,NA,NA,NA,NA,NA,NA,NA,NA,NA,NA,NA,NA,NA,NA,NA,NA,NA,NA,NA,NA,NA,NA,NA,,,,,,,,,,,,,,,1,44100,16,9797.262730959857,0.02816326530612245,0.5514013158079396,131.00175621165337,NA,NA,1.851841,0.5514013158079396,0.502681,18.176152444259095,56,0.29634986165406957,0.9726106519261872,0.9734126753442734,0.021833659552246924,1.6205775145667216,0.5580983162302887,0.9880003213993112
Soprano_I_8,329.9435173837944,Soprano,I,8,Soprano_I_8.wav,Vocals/Soprano/I/Soprano_I_8.wav,Soprano_I_8.wav,78.49863569862433,14.478347232070142,8.205867923281808,2.6145087394228246,-14.017757228627826,3.4486714453322214,16.024632305072455,2.8423675209349124,6.741371195325331,1.9824457499710135,12.488191634406924,3.1604856937167565,-20.286726312824587,3.81257349534402,10.286606661530527,2.7252090098630313,2.7762364454156683,3.6593242266902397,-5.794924619011848,2.173038236410255,-12.452681235866953,2.0099376005586356,-2.633609365566993,2.3128787324541293,,,,,,,,,,,,,,,1,44100,16,11395.048067123416,0.018775510204081632,0.45645600434975586,154.17775796840758,NA,NA,1.651651,0.45645600434975586,0.57163,20.013783977364817,58,0.36239403617446897,0.9039321650567126,0.9228775523173728,0.05608762246194762,1.3984207378732483,0.46130930140690746,0.9894792993717015
Soprano_I_9,350.6669773228096,Soprano,I,9,Soprano_I_9.wav,Vocals/Soprano/I/Soprano_I_9.wav,Soprano_I_9.wav,78.30948335936718,13.290785899887926,9.425075085177586,2.818844737120633,-14.375182749850325,4.154189737647679,13.006733279329344,2.9552913229980384,9.070492508172597,2.629619608965789,9.821384372539436,4.536103436201797,-23.47333329894137,5.786450553058558,9.464766823739025,2.714546377241986,-4.778806527104404,2.493338068492926,-11.89801046955232,2.4927052667404928,-12.861551929101653,2.2750112784693637,-4.934975104675124,3.1244315592559215,,,,,,,,,,,,,,,1,44100,16,12386.06110539503,0.01981859410430839,0.432688824444237,140.95024433374445,NA,NA,1.50922,0.432688824444237,0.609232,17.840984309638085,60,0.3993099396246211,0.8854151139150129,0.8856850529950537,0.08933991368109549,1.4737087693092377,0.43724165303198903,0.9895873859313697
Soprano_I_10,370.4951340311051,Soprano,I,10,Soprano_I_10.wav,Vocals/Soprano/I/Soprano_I_10.wav,Soprano_I_10.wav,NA,NA,NA,NA,NA,NA,NA,NA,NA,NA,NA,NA,NA,NA,NA,NA,NA,NA,NA,NA,NA,NA,NA,NA,,,,,,,,,,,,,,,1,44100,16,12788.42248395495,0.019138321995464853,0.44587269856534245,158.18038645504444,NA,NA,1.592351,0.44587269856534245,0.584888,20.88083980135327,57,0.40962388010791706,0.8979145233168383,0.8985993635769483,0.08726543477080313,1.6339354935295776,0.4506860774775356,0.989319885497388
Soprano_I_11,392.5402510102091,Soprano,I,11,Soprano_I_11.wav,Vocals/Soprano/I/Soprano_I_11.wav,Soprano_I_11.wav,NA,NA,NA,NA,NA,NA,NA,NA,NA,NA,NA,NA,NA,NA,NA,NA,NA,NA,NA,NA,NA,NA,NA,NA,,,,,,,,,,,,,,,1,44100,16,14281.395898722292,0.020136054421768707,0.4618304215453308,97.63217867212857,NA,NA,1.573044,0.4618304215453308,0.605439,17.73874662976994,56,0.46193373335603516,0.8791696596931033,0.8688364873709628,0.10424486607815264,1.4852957613215227,0.4668066998805113,0.9893397452597525
Soprano_I_12,415.305,Soprano,I,12,Soprano_I_12.wav,Vocals/Soprano/I/Soprano_I_12.wav,Soprano_I_12.wav,80.85470611979122,12.940369146876229,9.170680567199947,2.8532452781030124,-13.799545899554534,4.048988957227079,11.356366897566721,2.922570868501404,5.296481752060647,2.3765183694794865,9.171413262705288,3.5949065564181364,-28.627054426084314,5.596151259888246,4.322377635302373,2.6399822253771537,-9.770629478350692,2.079638570588471,-10.138743845057105,2.8687781529827956,-15.368472388037006,4.490514668891812,-6.793265563346736,2.7694101589512163,,,,,,,,,,,,,,,1,44100,16,12752.619733640584,0.02489795918367347,0.45158133373498144,152.02352524338158,NA,NA,1.455575,0.45158133373498144,0.658868,16.090900006756048,52,0.4002959179331532,0.9024530089817052,0.9031335941817142,0.059807568979036815,1.175038887309045,0.456205143667149,0.9898646256046137
Soprano_I_13,441.548065361994,Soprano,I,13,Soprano_I_13.wav,Vocals/Soprano/I/Soprano_I_13.wav,Soprano_I_13.wav,NA,NA,NA,NA,NA,NA,NA,NA,NA,NA,NA,NA,NA,NA,NA,NA,NA,NA,NA,NA,NA,NA,NA,NA,,,,,,,,,,,,,,,1,44100,16,14830.313884952393,0.021496598639455782,0.4557318627048462,135.3789894002917,NA,NA,1.568886,0.4557318627048462,0.607353,19.109120079914174,47,0.4565808877202301,0.8428825572785005,0.84280954274889,0.12407125399078502,1.454539256602522,0.46061336109044276,0.9894021780565805
Soprano_I_14,466.570729550448,Soprano,I,14,Soprano_I_14.wav,Vocals/Soprano/I/Soprano_I_14.wav,Soprano_I_14.wav,84.24440026781168,16.84837879513732,7.310645412588047,3.7137788679438697,-15.991825144078534,5.636689079756063,12.217994541440193,3.947989159192315,2.9986951228145724,3.5385232130046167,5.9618179162940885,3.750821466340926,-30.854813535493808,5.619588340583352,0.5765870851892887,2.340606874832423,-15.908208650007973,3.1807254294036498,-8.543325508510145,3.028686598485155,-12.69321123238118,3.802887602461257,-13.456807380425605,3.7584277040841156,,,,,,,,,,,,,,,1,44100,16,15172.094214886078,0.025396825396825397,0.480677641286408,121.1813803346416,NA,NA,1.690237,0.480677641286408,0.563505,18.035024571346515,50,0.467854311152597,0.8425522856817373,0.8468514031796025,0.10940523988311111,1.319340986390373,0.48686007987662266,0.9873014057924375
Soprano_I_15,493.524178282,Soprano,I,15,Soprano_I_15.wav,Vocals/Soprano/I/Soprano_I_15.wav,Soprano_I_15.wav,84.13780760905722,14.215866698378273,8.669592918997854,2.417595806023936,-17.121370630028593,3.325542772756038,8.25416320071545,3.322681438630803,4.641735287181758,2.103369060756101,4.757047094443398,3.0603136043743215,-30.388688747544286,4.048337397974575,3.148697069129548,4.2257819313675915,-18.138288596846007,4.30650938747116,-11.685956202889116,5.291429697820511,-16.75910296269104,3.6995469455851864,-13.096092145479243,3.6915285497922983,,,,,,,,,,,,,,,1,44100,16,13469.093143824024,0.026984126984126985,0.4843884463116516,165.2829664759596,NA,NA,1.670014,0.4843884463116516,0.579065,19.386951120605715,52,0.39746178334792426,0.8624416702884431,0.8689434389452243,0.081517205052973,1.1624831623746847,0.48997844139112107,0.9885913448281548
Soprano_I_16,523.364995328558,Soprano,I,16,Soprano_I_16.wav,Vocals/Soprano/I/Soprano_I_16.wav,Soprano_I_16.wav,84.57430219107974,13.456178989332296,8.712173175875398,2.8615321739520323,-16.180332133835144,4.176477360099408,7.574674163821001,3.2816774169181606,4.189608052676566,2.3689055986694596,5.224692901684194,3.220603186499015,-29.0481665241723,4.252754563316202,1.9782005282115755,4.368215806518957,-20.0638032051975,4.05499938620342,-12.940620040303894,3.5015656021385886,-10.058002244386426,2.337425891289138,-15.900306925399267,3.1349210307804647,,,,,,,,,,,,,,,1,44100,16,17100.58638072887,0.028707482993197277,0.4335289995296342,143.8553030013467,NA,NA,1.664711,0.4335289995296342,0.548917,20.901274743090692,51,0.5313908332384005,0.6360193448582374,0.6381384589118188,0.27482323558421434,1.2441181515428765,0.43819100478476103,0.9893607919737722
Soprano_I_17,554.607497517378,Soprano,I,17,Soprano_I_17.wav,Vocals/Soprano/I/Soprano_I_17.wav,Soprano_I_17.wav,NA,NA,NA,NA,NA,NA,NA,NA,NA,NA,NA,NA,NA,NA,NA,NA,NA,NA,NA,NA,NA,NA,NA,NA,,,,,,,,,,,,,,,1,44100,16,16727.756770416734,0.032108843537414965,0.4813006165777518,106.57387219051016,NA,NA,1.544273,0.4813006165777518,0.607423,20.91934161006375,49,0.5069418681178264,0.5079669960533275,0.5090339264708746,0.3421071158884834,1.051500851478283,0.4865935447310876,0.9891224858803647
Soprano_I_18,587.42835346499,Soprano,I,18,Soprano_I_18.wav,Vocals/Soprano/I/Soprano_I_18.wav,Soprano_I_18.wav,86.9867891478476,12.301562017002423,9.697289094519752,2.9118981684381695,-17.532966057751022,3.863250019375904,3.597038334466618,2.8197623132218843,1.8039690407069955,2.678963004317433,3.4790333687017454,2.8311534344024443,-32.09102989007458,4.649782410123612,-2.0196759444752272,2.5155028214187007,-22.01707589224605,3.977004793571581,-8.10583347017958,3.0606528333003813,-6.211297908178216,3.055702308503681,-11.129242384366727,4.29231714188861,,,,,,,,,,,,,,,1,44100,16,18794.355512963295,0.030975056689342403,0.4523721428629169,151.21881909926782,NA,NA,1.60022,0.4523721428629169,0.600013,20.901335796379964,46,0.5715906562872486,0.6810780984983918,0.6814717723735079,0.1983770737091213,1.0472084443300476,0.4575752263204364,0.9886290097054428
Soprano_I_19,621.868681292684,Soprano,I,19,Soprano_I_19.wav,Vocals/Soprano/I/Soprano_I_19.wav,Soprano_I_19.wav,NA,NA,NA,NA,NA,NA,NA,NA,NA,NA,NA,NA,NA,NA,NA,NA,NA,NA,NA,NA,NA,NA,NA,NA,,,,,,,,,,,,,,,1,44100,16,18065.53232341432,0.03219954648526077,0.42369450811069687,145.4311442692715,NA,NA,1.559675,0.42369450811069687,0.605592,17.53043145832813,49,0.5646870922936036,-0.07668416952359965,-0.07563708767625393,0.8188072189914753,0.7036527786651331,0.4279225834703282,0.9901195320767069
Soprano_I_20,659.146649026336,Soprano,I,20,Soprano_I_20.wav,Vocals/Soprano/I/Soprano_I_20.wav,Soprano_I_20.wav,NA,NA,NA,NA,NA,NA,NA,NA,NA,NA,NA,NA,NA,NA,NA,NA,NA,NA,NA,NA,NA,NA,NA,NA,,,,,,,,,,,,,,,1,44100,16,18144.251093064522,0.03496598639455782,0.45048655357646644,152.26561709843702,NA,NA,1.419288,0.45048655357646644,0.607157,16.928904831518228,43,0.5540777576273777,0.4413671445600537,0.19313104606519468,0.6160424470533661,0.9109525973070643,0.45581936765338277,0.9883005978785624
Soprano_I_21,699.485254869458,Soprano,I,21,Soprano_I_21.wav,Vocals/Soprano/I/Soprano_I_21.wav,Soprano_I_21.wav,NA,NA,NA,NA,NA,NA,NA,NA,NA,NA,NA,NA,NA,NA,NA,NA,NA,NA,NA,NA,NA,NA,NA,NA,,,,,,,,,,,,,,,1,44100,16,18049.916758584226,0.049931972789115646,0.4326905730534385,174.62830733092184,NA,NA,1.660519,0.4326905730534385,0.601227,17.421967726612163,40,0.4891250647994849,0.9339779315312923,0.9339648720633621,0.03433534614231816,1.0055762044270578,0.439194788569473,0.9851905904047273
Soprano_I_22,741.046439628484,Soprano,I,22,Soprano_I_22.wav,Vocals/Soprano/I/Soprano_I_22.wav,Soprano_I_22.wav,NA,NA,NA,NA,NA,NA,NA,NA,NA,NA,NA,NA,NA,NA,NA,NA,NA,NA,NA,NA,NA,NA,NA,NA,,,,,,,,,,,,,,,1,44100,16,17089.27370864333,0.03541950113378685,0.42625525470250797,113.06504978225158,NA,NA,1.339613,0.42625525470250797,0.69058,17.806481378230977,47,0.5127524266825152,0.2950398759179611,0.2953549507698568,0.49869144571144186,0.9167487003771029,0.4318825508479708,0.986970309093493
Soprano_I_23,786.039445360592,Soprano,I,23,Soprano_I_23.wav,Vocals/Soprano/I/Soprano_I_23.wav,Soprano_I_23.wav,NA,NA,NA,NA,NA,NA,NA,NA,NA,NA,NA,NA,NA,NA,NA,NA,NA,NA,NA,NA,NA,NA,NA,NA,,,,,,,,,,,,,,,1,44100,16,18227.74403959789,0.03836734693877551,0.39781679060911374,139.37915904257608,NA,NA,1.611646,0.39781679060911374,0.599875,15.383116827491698,42,0.5779312121191496,-0.6649251429101324,-0.663977863464127,0.9857859829912334,0.1990687012399496,0.40254803468961475,0.9882467589634388
Soprano_I_24,830.609,Soprano,I,24,Soprano_I_24.wav,Vocals/Soprano/I/Soprano_I_24.wav,Soprano_I_24.wav,84.21165233502705,14.104837295169718,7.645681850812527,2.7662385992063805,-14.840921370049657,3.130165718874769,0.7554848020205248,4.4079534947561765,-13.21304979142425,3.367730271464575,-2.4405710811967056,3.8905321484232127,-23.769931679127733,4.767093449495385,-0.38844406509778046,3.1254780572932814,-4.594260432434973,3.1470961116406904,13.115617382668072,3.1327068760939643,19.87094236132533,4.471879669023295,21.94953091957683,4.711174189028589,,,,,,,,,,,,,,,1,44100,16,18477.417415747554,0.04226757369614512,0.4122754571642309,141.5282582580103,NA,NA,1.708831,0.4122754571642309,0.558854,16.19973352924723,48,0.5849775990094497,-0.647682251632383,-0.6467917355457021,0.9841893526571254,0.2110915458482241,0.41720786680643307,0.9881775727769521
Soprano_I_25,880,Soprano,I,25,Soprano_I_25.wav,Vocals/Soprano/I/Soprano_I_25.wav,Soprano_I_25.wav,85.47753428696404,12.303021981630952,6.9058234533782485,2.562766205076945,-16.039448897001463,3.534992186478302,-2.1753836923571983,4.35899628200493,-13.716346215362167,3.245213678821845,-1.7682877650406923,4.050610685740077,-24.245050399755122,4.238167055726711,1.0677856734768254,3.7116422988167406,1.1397105325651835,4.218811296848165,19.08913838710851,3.5734276626779993,18.036303135071694,5.218729586347978,18.741900367073594,4.825764016820697,,,,,,,,,,,,,,,1,44100,16,18655.273843446776,0.04421768707482993,0.407199780739793,160.39592336585784,NA,NA,1.706981,0.407199780739793,0.563969,15.386370353746107,39,0.5902610056502663,-0.6264918704117466,-0.6255936952359533,0.9820207571426945,0.22617875792758896,0.4120260910873209,0.98828639629400294
Soprano_O_1,219.993837545637,Soprano,O,1,Soprano_O_1.wav,Vocals/Soprano/O/Soprano_O_1.wav,Soprano_O_1.wav,72.37830614945685,16.195775912663464,18.321987118952773,4.010142831395489,-0.8965469303121211,2.278577768222483,15.218805603770994,3.6212079334960356,-14.92251166481292,2.6834620342052484,-8.985413157852598,2.726713654369791,-20.813702255286927,3.548893678412439,9.396612533667623,2.8047367705772035,6.156550637538114,2.5862584666819686,-11.882658125371853,3.5239599035905016,-1.9027326092426962,1.987067287518352,6.635703152922966,3.0052192600893597,,,,,,,,,,,,,,,1,44100,16,4885.20514897666,0.020090702947845804,0.5101696127687452,120.21099635978638,NA,NA,1.435564,0.5101696127687452,0.679028,15.13711448390549,60,0.13000135385586448,-0.5553613371386258,-0.5515296159117644,0.9705226515271851,0.2805300406985478,0.5184019294229458,0.9841198186446481
Soprano_O_2,233.20626313824872,Soprano,O,2,Soprano_O_2.wav,Vocals/Soprano/O/Soprano_O_2.wav,Soprano_O_2.wav,73.90547480147906,13.829785356221254,17.506025114263526,4.525093850169617,-2.6249403385497656,3.6996213301723015,16.5396837139287,4.0919296456222,-13.581980940009853,3.354616028711672,-11.413694182154783,3.8082188127849563,-20.059876782338865,3.2689342607486807,8.709501049444587,2.7743161142834833,1.6791372355488283,3.919538972427679,-14.171421901141187,3.3103527265964057,0.8703727371705602,1.6098732276595118,6.773163437664041,3.639452513555357,,,,,,,,,,,,,,,1,44100,16,5681.9307892351435,0.02453514739229025,0.5219598369065556,158.04141607289708,NA,NA,1.391967,0.5219598369065556,0.697284,19.499814411314965,64,0.15702620922808874,0.14480225034552718,0.22727140995442233,0.652025272447967,1.0355666734110798,0.5304142170000654,0.9840607965952979
Soprano_O_3,247.22979468682357,Soprano,O,3,Soprano_O_3.wav,Vocals/Soprano/O/Soprano_O_3.wav,Soprano_O_3.wav,NA,NA,NA,NA,NA,NA,NA,NA,NA,NA,NA,NA,NA,NA,NA,NA,NA,NA,NA,NA,NA,NA,NA,NA,,,,,,,,,,,,,,,1,44100,16,7401.742200440218,0.02526077097505669,0.5218852197292426,153.40922979819604,NA,NA,1.590502,0.5218852197292426,0.626547,24.813543632768162,64,0.2153283636231086,-0.5300359302740297,-0.32790701656479004,0.9395410669900014,0.47552949935211136,0.5288383934520267,0.9868519876603573
Soprano_O_4,261.7315478044222,Soprano,O,4,Soprano_O_4.wav,Vocals/Soprano/O/Soprano_O_4.wav,Soprano_O_4.wav,75.53042349057051,14.72096885252175,16.588888840231892,4.29860609054531,-6.382605955698427,3.5393067665522273,13.039931812483148,2.994523966810366,-14.161521901170165,4.222227963417137,-13.38553990152833,2.316868930695537,-22.3378424449099,3.79616713610073,5.800290977544869,3.030549970402338,-0.2555127426814966,3.71825725273418,-17.732454067134448,3.9545562272787067,-1.5422064830149211,2.3682428173263137,12.006701135424294,4.214109371162786,,,,,,,,,,,,,,,1,44100,16,6137.644067721683,0.030612244897959183,0.5166216439997493,138.47492905126435,NA,NA,1.507564,0.5166216439997493,0.656241,17.213649595347693,62,0.14545889965781317,-0.1404788217527225,-0.13284636288716792,0.865293759299142,0.6623516260713113,0.5279243458204564,0.9785903000871434
Soprano_O_5,277.5996361056734,Soprano,O,5,Soprano_O_5.wav,Vocals/Soprano/O/Soprano_O_5.wav,Soprano_O_5.wav,79.30210902270144,15.421975422175636,15.139608440105839,3.533077217833322,-7.415784528929962,3.8682098540628322,13.171448773061393,2.9605562920188206,-17.250716345001145,3.234160527964845,-9.844583835895735,3.0974864818864214,-21.63957811375758,3.964653040167406,8.685151581488457,1.9350595204151284,0.9232347389915295,2.9432631540010536,-18.628725003982087,3.5145885075947576,-0.11663868482938566,3.6359444160128955,8.907079367352258,3.180845770153564,,,,,,,,,,,,,,,1,44100,16,7521.305080767748,0.04131519274376417,0.5333749498666908,133.7110641313484,NA,NA,1.703994,0.5333749498666908,0.582292,22.51099582099461,60,0.18612677162700167,-0.14543918500722564,-0.14455414859998064,0.8467579159060018,0.6328713649659545,0.5444067218772537,0.9797361576056177
Soprano_O_6,293.89890634620906,Soprano,O,6,Soprano_O_6.wav,Vocals/Soprano/O/Soprano_O_6.wav,Soprano_O_6.wav,NA,NA,NA,NA,NA,NA,NA,NA,NA,NA,NA,NA,NA,NA,NA,NA,NA,NA,NA,NA,NA,NA,NA,NA,,,,,,,,,,,,,,,1,44100,16,9051.652232133729,0.03918367346938775,0.5054916378944447,165.86561641179122,NA,NA,1.54461,0.5054916378944447,0.646842,22.927947204686447,55,0.23016020659519837,0.17535740351292728,0.17730578406764555,0.5877908052683121,0.8411503344288286,0.5164404336907998,0.9787994992605278
Soprano_O_7,311.5258499090922,Soprano,O,7,Soprano_O_7.wav,Vocals/Soprano/O/Soprano_O_7.wav,Soprano_O_7.wav,78.99714819048857,18.333203687856848,13.73024270564196,4.609788820081165,-6.554038225522374,3.164571249559075,6.61941556776975,2.6437260070610944,-18.17135004922073,3.853164369229122,-9.412679124357293,4.0142895759730735,-23.418019341103815,4.88218388075521,12.941273454600822,3.6103703797169326,7.686129882824188,2.8650349674219813,-17.378463376713267,4.593890845121578,-9.389138777882165,4.5789164784252065,12.313919620879028,3.5152722454930467,,,,,,,,,,,,,,,1,44100,16,9350.735485940753,0.04090702947845805,0.495729438352315,165.6101928671782,NA,NA,1.47593,0.495729438352315,0.665006,23.44476573034375,54,0.24871566384761382,-0.4927630839407311,-0.30100147546235345,0.8887668813429123,0.47751424608941423,0.5076915092189841,0.9764383082059592
Soprano_O_8,329.9722932688153,Soprano,O,8,Soprano_O_8.wav,Vocals/Soprano/O/Soprano_O_8.wav,Soprano_O_8.wav,NA,NA,NA,NA,NA,NA,NA,NA,NA,NA,NA,NA,NA,NA,NA,NA,NA,NA,NA,NA,NA,NA,NA,NA,,,,,,,,,,,,,,,1,44100,16,10794.50466671253,0.03941043083900227,0.4886197857030868,122.92812706994795,NA,NA,1.367945,0.4886197857030868,0.687616,20.302681623809317,53,0.2828575495814548,-0.9776560035978626,-0.9613696855832919,0.9998334700621359,0.019692300537092415,0.5000144458337226,0.9772113381411683
Soprano_O_9,349.91343555739746,Soprano,O,9,Soprano_O_9.wav,Vocals/Soprano/O/Soprano_O_9.wav,Soprano_O_9.wav,79.77568691061394,13.859317855238217,13.225005267114993,3.898780630516176,-7.638202015609117,3.0497774840141836,2.018844360992656,2.741952225462054,-18.43430280611694,4.352525759520086,-8.029814315791366,4.620189252283384,-25.748415567530902,5.481441195373291,15.113393335399012,3.1240841307282574,9.236867521130314,2.4527261329535777,-16.83198277073827,3.542127473323961,-11.597449247839174,2.657290972604128,7.827224105723415,3.452200816411242,,,,,,,,,,,,,,,1,44100,16,9832.415449966176,0.04009070294784581,0.4873986904974263,159.94132444270608,NA,NA,1.403441,0.4873986904974263,0.660016,21.29696874793048,49,0.26130515189138276,-0.9632823076829237,-0.9626853328119012,0.9998299022318702,0.019008813803606844,0.4981516932799415,0.978414200076858
Soprano_O_10,370.5882352941178,Soprano,O,10,Soprano_O_10.wav,Vocals/Soprano/O/Soprano_O_10.wav,Soprano_O_10.wav,NA,NA,NA,NA,NA,NA,NA,NA,NA,NA,NA,NA,NA,NA,NA,NA,NA,NA,NA,NA,NA,NA,NA,NA,,,,,,,,,,,,,,,1,44100,16,9701.504458217114,0.03659863945578231,0.48143518182014,139.49169222899658,NA,NA,1.528049,0.48143518182014,0.63937,22.434331411015094,48,0.25896323465786675,-0.9791642718086269,-0.9791872612666263,0.9999548282431675,0.010515325655482348,0.4911879518312306,0.9801445251767055
Soprano_O_11,392.026082906381,Soprano,O,11,Soprano_O_11.wav,Vocals/Soprano/O/Soprano_O_11.wav,Soprano_O_11.wav,NA,NA,NA,NA,NA,NA,NA,NA,NA,NA,NA,NA,NA,NA,NA,NA,NA,NA,NA,NA,NA,NA,NA,NA,,,,,,,,,,,,,,,1,44100,16,9128.996939283183,0.03727891156462585,0.48660486533947134,162.89076136516812,NA,NA,1.355649,0.48660486533947134,0.688879,19.48160525598815,50,0.24136336472503533,-0.937921469076694,-0.9374954403415673,0.9995309287749073,0.03224536133981605,0.495925339987505,0.9812058914991751
Soprano_O_12,415.305,Soprano,O,12,Soprano_O_12.wav,Vocals/Soprano/O/Soprano_O_12.wav,Soprano_O_12.wav,81.11777812391851,14.186115483286382,11.351427041705117,3.192692307526253,-10.890365336917485,2.7681009629029787,2.9254727250078734,2.9675918447330636,-19.47379332897438,2.2301645514219284,-3.5401983338625715,2.6099787020196965,-26.92106537914632,4.185322758870612,15.528487995452414,4.023089996947324,2.752730863313511,2.386967342605777,-18.12078006657806,4.172555870194007,0.26453612912124974,2.2472097685100767,7.8412197202624165,2.8875818204044723,,,,,,,,,,,,,,,1,44100,16,10112.371241357474,0.03922902494331066,0.49863178913199946,143.036872029034,NA,NA,1.664651,0.49863178913199946,0.592561,17.933920796082077,49,0.3209703651239756,-0.759633193912865,-0.7559583119421414,0.9931857639625393,0.13803216667733653,0.5046839768420994,0.9880079654044703
Soprano_O_13,439.874462750218,Soprano,O,13,Soprano_O_13.wav,Vocals/Soprano/O/Soprano_O_13.wav,Soprano_O_13.wav,81.01685314539996,14.905199241589038,11.023227229771528,2.8629825771114636,-11.533411124163436,3.311496961190578,0.7470989830428603,3.2184722496578337,-20.608268813347184,3.1578901244876216,-4.843673112381263,2.9388496680012763,-24.594328539613468,4.7400192990687255,18.3077848971455,4.763116935448222,-1.10625763081572,2.1547899922937686,-20.72838528256622,3.543122138051206,0.45899362546730665,2.9770180507474757,4.971697947997844,4.189409375802815,,,,,,,,,,,,,,,1,44100,16,9350.229893870423,0.040589569160997735,0.5052838550180763,165.7174764223963,NA,NA,1.54689,0.5052838550180763,0.621142,23.128219783071675,49,0.26589668625445084,-0.4087421336383695,-0.40404189907437166,0.9548328625507114,0.40528732072899604,0.512664481824959,0.9856033974099208
Soprano_O_14,466.340897679552,Soprano,O,14,Soprano_O_14.wav,Vocals/Soprano/O/Soprano_O_14.wav,Soprano_O_14.wav,NA,NA,NA,NA,NA,NA,NA,NA,NA,NA,NA,NA,NA,NA,NA,NA,NA,NA,NA,NA,NA,NA,NA,NA,,,,,,,,,,,,,,,1,44100,16,10736.96083457628,0.04244897959183674,0.46282349849683263,170.94769695634267,NA,NA,1.540285,0.46282349849683263,0.643585,17.547875401536448,49,0.30363837924990855,-0.31039316878922923,-0.01753853488415316,0.7580494181577627,0.7319175799846058,0.471159301353374,0.9823078885790913
Soprano_O_15,494.61282945524,Soprano,O,15,Soprano_O_15.wav,Vocals/Soprano/O/Soprano_O_15.wav,Soprano_O_15.wav,81.44951609988176,14.608866988888282,10.504382103732901,3.2213422459754377,-8.998774671242415,2.5091225014376306,3.549504360139158,2.9242626390767565,-20.968188169571008,2.9502121929215823,-6.463604033608101,2.3818415825357966,-22.77718034082627,3.8459502389303304,15.809293386802961,3.887628384313362,-0.1616719450856132,2.6935976511617783,-15.324636540678503,3.2760863340594275,-2.9650833143013258,1.805450819716689,-4.357195260308283,2.8380266131847254,,,,,,,,,,,,,,,1,44100,16,12810.309351138683,0.047528344671201816,0.4473444927505662,115.55118532470496,NA,NA,1.626482,0.4473444927505662,0.611693,19.00192674979977,47,0.36216907023602724,-0.9919493039556653,-0.9860807043476965,0.9999890399038529,0.007008347175930296,0.45408762944759534,0.9851501422638792
Soprano_O_16,523.532483611974,Soprano,O,16,Soprano_O_16.wav,Vocals/Soprano/O/Soprano_O_16.wav,Soprano_O_16.wav,80.4989359467168,14.998129384097894,9.27506262004164,3.2104738588854302,-10.896009534503412,3.2012381350510903,3.8846867830805256,3.4757040636166816,-16.708277446464255,2.948642932282857,-7.930252937040543,2.9026033066921206,-22.48674604987009,5.033729113475472,17.502532372009828,4.281126606912317,4.7294796203164795,3.241616258598972,-18.02960825203941,4.093383621608302,-13.932754724983528,4.020098989877954,-9.708472430256055,2.8695899869956256,,,,,,,,,,,,,,,1,44100,16,13326.425730933386,0.04888888888888889,0.42711082635572944,158.04190703970278,NA,NA,1.58662,0.42711082635572944,0.614586,17.477336393159682,50,0.38107771275654856,-0.9858775486204703,-0.9855625376149045,0.9999825692205221,0.007271093433407912,0.43447502414498984,0.9830503541515361
Soprano_O_17,554.068317184224,Soprano,O,17,Soprano_O_17.wav,Vocals/Soprano/O/Soprano_O_17.wav,Soprano_O_17.wav,NA,NA,NA,NA,NA,NA,NA,NA,NA,NA,NA,NA,NA,NA,NA,NA,NA,NA,NA,NA,NA,NA,NA,NA,,,,,,,,,,,,,,,1,44100,16,14027.756472446204,0.04934240362811791,0.39531042200646044,192.84327229203817,NA,NA,1.602863,0.39531042200646044,0.614658,16.115243949619188,43,0.41854719756081077,-0.9981180754635549,-0.9980891198626315,0.9999997933939581,9.563536098432545e-4,0.40075326214229645,0.9864184757804831
Soprano_O_18,588.093211450656,Soprano,O,18,Soprano_O_18.wav,Vocals/Soprano/O/Soprano_O_18.wav,Soprano_O_18.wav,83.79817565725418,14.058894819830686,8.94176669892299,2.8490308970878813,-11.48928877375245,4.021790941917235,3.8649724303290722,4.344937401104272,-20.804169008201416,2.9172715273255054,-1.2268562842647746,3.1146119805476395,-18.2920763745247,5.567779885376266,9.589851460229129,4.8755078751206025,-10.15652008477136,3.5688809043157033,-24.98279489418681,5.022358795330173,-13.06827494792886,4.742033064523031,-3.329709974705599,4.013516871420469,,,,,,,,,,,,,,,1,44100,16,14069.3010212886,0.03582766439909297,0.453030729892869,170.6216069454907,NA,NA,1.853032,0.453030729892869,0.514201,17.60307475392576,44,0.4008101484695906,-0.9700580758398767,-0.9697200191914751,0.9999424471274505,0.015371848696078714,0.46166418455840336,0.9812992756330178
Soprano_O_19,622.613251738876,Soprano,O,19,Soprano_O_19.wav,Vocals/Soprano/O/Soprano_O_19.wav,Soprano_O_19.wav,NA,NA,NA,NA,NA,NA,NA,NA,NA,NA,NA,NA,NA,NA,NA,NA,NA,NA,NA,NA,NA,NA,NA,NA,,,,,,,,,,,,,,,1,44100,16,15656.661390972984,0.032108843537414965,0.43203974377556875,148.75034436077988,NA,NA,1.727278,0.43203974377556875,0.574754,17.925102556390446,46,0.46633862381079544,-0.9791620130451075,-0.9780963343392244,0.9999699156173186,0.011072770482552062,0.4377618096204544,0.9869288144394168
Soprano_O_20,658.835627954412,Soprano,O,20,Soprano_O_20.wav,Vocals/Soprano/O/Soprano_O_20.wav,Soprano_O_20.wav,NA,NA,NA,NA,NA,NA,NA,NA,NA,NA,NA,NA,NA,NA,NA,NA,NA,NA,NA,NA,NA,NA,NA,NA,,,,,,,,,,,,,,,1,44100,16,18095.994822601704,0.032108843537414965,0.4029781751389714,147.3372721047161,NA,NA,1.558628,0.4029781751389714,0.620116,18.13134663331675,42,0.5493253038377486,-0.8434097924491802,-0.853760733113248,0.998273558543018,0.07875169149180679,0.40733359481362486,0.9893074872043238
Soprano_O_21,735.053871205268,Soprano,O,21,Soprano_O_21.wav,Vocals/Soprano/O/Soprano_O_21.wav,Soprano_O_21.wav,NA,NA,NA,NA,NA,NA,NA,NA,NA,NA,NA,NA,NA,NA,NA,NA,NA,NA,NA,NA,NA,NA,NA,NA,,,,,,,,,,,,,,,1,44100,16,10710.747420916256,0.024217687074829932,0.39871654059950307,159.19485247420621,NA,NA,1.454497,0.39871654059950307,0.667139,16.437979750019412,45,0.2738707312451846,-0.5883974135764054,-0.5865115717455979,0.9707401890040114,0.2530015173813141,0.4246393646598809,0.938953318467917
Soprano_O_22,740.079886482354,Soprano,O,22,Soprano_O_22.wav,Vocals/Soprano/O/Soprano_O_22.wav,Soprano_O_22.wav,NA,NA,NA,NA,NA,NA,NA,NA,NA,NA,NA,NA,NA,NA,NA,NA,NA,NA,NA,NA,NA,NA,NA,NA,,,,,,,,,,,,,,,1,44100,16,15054.64601774238,0.03854875283446712,0.4022711002674901,119.21618387042047,NA,NA,1.567356,0.4022711002674901,0.627411,13.756011722070465,48,0.460389738002411,-0.8453300316669694,-0.8436131783498577,0.9984257727039579,0.08469273005876124,0.4066946856694133,0.9891230803897965
Soprano_O_23,786.475559532272,Soprano,O,23,Soprano_O_23.wav,Vocals/Soprano/O/Soprano_O_23.wav,Soprano_O_23.wav,NA,NA,NA,NA,NA,NA,NA,NA,NA,NA,NA,NA,NA,NA,NA,NA,NA,NA,NA,NA,NA,NA,NA,NA,,,,,,,,,,,,,,,1,44100,16,16299.724336060852,0.03600907029478458,0.33007379510375356,141.74046105728112,NA,NA,1.303814,0.33007379510375356,0.692091,14.352704859888185,44,0.5270786982543546,-0.5575452484595964,-0.5554768973082203,0.9768479551020252,0.279162927209988,0.3339637032365025,0.9883523026752574
Soprano_O_24,830.609,Soprano,O,24,Soprano_O_24.wav,Vocals/Soprano/O/Soprano_O_24.wav,Soprano_O_24.wav,NA,NA,NA,NA,NA,NA,NA,NA,NA,NA,NA,NA,NA,NA,NA,NA,NA,NA,NA,NA,NA,NA,NA,NA,,,,,,,,,,,,,,,1,44100,16,16498.86990091838,0.040680272108843535,0.34675261612205827,150.38380587310985,NA,NA,1.446167,0.34675261612205827,0.666333,13.982471634603552,48,0.5371526014309187,-0.5487835227993675,-0.547721276186552,0.9771406041867262,0.28554230806775166,0.35080619398863766,0.9884449649520421
Soprano_O_25,880,Soprano,O,25,Soprano_O_25.wav,Vocals/Soprano/O/Soprano_O_25.wav,Soprano_O_25.wav,78.4885898575806,13.153494953774782,9.850526195105266,2.5384933739215465,-11.894851526875518,2.386053001429163,-3.3246496788553235,4.197062946394342,-16.89852436115065,2.1405235559394575,-3.6404376084683534,4.365043187573181,-23.404891063278406,4.263302197970878,6.165202991832584,3.9274111725543563,2.784017923505144,3.3629134942079664,11.869107027750399,4.341659102750369,20.77824007564396,4.1840516879048035,18.78404611759058,5.260597310291681,,,,,,,,,,,,,,,1,44100,16,16692.579949790925,0.04013605442176871,0.34043610825310255,180.9565489334923,NA,NA,1.449037,0.34043610825310255,0.661208,14.006992067917142,44,0.5452914074244479,-0.5438465075879388,-0.5421348842927636,0.9770478008867228,0.2900888300764052,0.34439935440197805,0.9884922950690272
Soprano_U_1,219.97190954171433,Soprano,U,1,Soprano_U_1.wav,Vocals/Soprano/U/Soprano_U_1.wav,Soprano_U_1.wav,60.883422093846,15.04157647775114,13.585399600528705,3.636023438664448,11.583673748819805,4.5559676657922275,21.86011937339265,3.8021114553875712,-15.421456000597395,3.751378959085564,2.3508413318688164,3.847447556259823,-20.545572717769186,4.177073738706368,6.616854977439802,4.161658540030807,-2.39071320436621,3.78302616054018,-16.60369338247113,3.8473939128383514,-1.5737767227557025,2.660998395299176,3.704166994930803,2.7325921594438403,,,,,,,,,,,,,,,1,44100,16,4070.139103208936,0.01963718820861678,0.44520317784984736,156.021876486456,NA,NA,0.780632,0.44520317784984736,0.804042,16.64753092635604,59,0.10169962152352108,0.11596373747539918,0.1524711855632963,0.850543862087791,1.156571052708566,0.45488488778254094,0.9787161319429852
Soprano_U_2,233.5090131052455,Soprano,U,2,Soprano_U_2.wav,Vocals/Soprano/U/Soprano_U_2.wav,Soprano_U_2.wav,NA,NA,NA,NA,NA,NA,NA,NA,NA,NA,NA,NA,NA,NA,NA,NA,NA,NA,NA,NA,NA,NA,NA,NA,,,,,,,,,,,,,,,1,44100,16,7860.307072486159,0.02344671201814059,0.4403587253587721,127.45497373116217,NA,NA,1.327535,0.4403587253587721,0.697635,24.324863303398075,62,0.2119803343330853,0.8095304158829305,0.830961471381391,0.1204217721767765,1.304363135274429,0.44768451119398084,0.9836362758772449
Soprano_U_3,247.0248241594508,Soprano,U,3,Soprano_U_3.wav,Vocals/Soprano/U/Soprano_U_3.wav,Soprano_U_3.wav,NA,NA,NA,NA,NA,NA,NA,NA,NA,NA,NA,NA,NA,NA,NA,NA,NA,NA,NA,NA,NA,NA,NA,NA,,,,,,,,,,,,,,,1,44100,16,8866.851541111735,0.027664399092970523,0.44145085748082935,181.72634305296495,NA,NA,1.160867,0.44145085748082935,0.737291,20.69405449498771,52,0.1932724352767974,0.09877759407996499,0.3202205852570696,0.6653447587712399,1.2921865943158517,0.45346366726344706,0.9735087711544513
Soprano_U_4,261.38992800483624,Soprano,U,4,Soprano_U_4.wav,Vocals/Soprano/U/Soprano_U_4.wav,Soprano_U_4.wav,73.23396625727244,13.930379258111449,13.581090275178404,3.4480118944338445,5.455523308643259,2.974709154104453,20.066093072802396,4.331887729531274,-17.47790388354394,3.1356204036386,-5.110029829324977,3.6823869032994128,-26.988539641703913,5.255337549055011,3.262534505792963,2.830494261754406,-4.580009485448045,3.535322551386567,-18.809339431607615,4.613132163730873,-0.0693892853876177,1.978561026915658,13.344042210060534,6.45512182280825,,,,,,,,,,,,,,,1,44100,16,8707.376896192343,0.03609977324263038,0.44426615967561706,123.87955235351241,NA,NA,1.361128,0.44426615967561706,0.684476,22.993622221653307,57,0.15613751641649243,0.0243364401995879,0.06428858758276321,0.8672683088856746,0.9864406389302933,0.4604475875884043,0.9648571773444671
Soprano_U_5,277.5463835122803,Soprano,U,5,Soprano_U_5.wav,Vocals/Soprano/U/Soprano_U_5.wav,Soprano_U_5.wav,NA,NA,NA,NA,NA,NA,NA,NA,NA,NA,NA,NA,NA,NA,NA,NA,NA,NA,NA,NA,NA,NA,NA,NA,,,,,,,,,,,,,,,1,44100,16,7972.168854877099,0.01886621315192744,0.45148429509370885,178.29670330523,NA,NA,1.165599,0.45148429509370885,0.730956,20.537545233497614,61,0.1657556617173852,0.25636623085336824,0.2691889449848287,0.6676991330470977,1.1595833867369978,0.46257067859895634,0.976033103657097
Soprano_U_6,294.2539960829106,Soprano,U,6,Soprano_U_6.wav,Vocals/Soprano/U/Soprano_U_6.wav,Soprano_U_6.wav,NA,NA,NA,NA,NA,NA,NA,NA,NA,NA,NA,NA,NA,NA,NA,NA,NA,NA,NA,NA,NA,NA,NA,NA,,,,,,,,,,,,,,,1,44100,16,6631.586992139359,0.02585034013605442,0.45453107692617856,126.20704579983058,NA,NA,1.535862,0.45453107692617856,0.617525,18.871040245251468,50,0.15817818070213546,0.33360858133271726,0.3663859286979862,0.6421794671616948,1.3848571668009317,0.46356218066084526,0.9805180316440135
Soprano_U_7,311.37518729397664,Soprano,U,7,Soprano_U_7.wav,Vocals/Soprano/U/Soprano_U_7.wav,Soprano_U_7.wav,73.7322702703561,15.737488428416576,13.344101858108479,3.6737127500612305,1.466461201463265,2.2075100740448588,14.753242029115649,3.107918161922712,-16.994727257030135,3.34293899779957,-0.31968398036381074,2.487156435001865,-22.242347231259767,4.6450647500679745,13.657146197122918,3.3614333470898536,3.8491338545093985,3.4748102543073425,-18.633237517318797,4.981347226542233,-5.141434017620687,3.0290149642609188,5.788349261873322,3.1576704967445117,,,,,,,,,,,,,,,1,44100,16,8175.156302170872,0.017188208616780044,0.46261299337079365,129.66046886596445,NA,NA,1.467129,0.46261299337079365,0.65124,18.250934363778196,55,0.21168924447497706,-0.5527744242824698,-0.32188718438032543,0.9608453258158235,0.49290252372740173,0.4697787925006083,0.9847464397196999
Soprano_U_8,330.0169136688755,Soprano,U,8,Soprano_U_8.wav,Vocals/Soprano/U/Soprano_U_8.wav,Soprano_U_8.wav,72.94464709648918,14.522492427257893,12.776239404008988,3.041828597160974,3.2562159481113793,2.600428170151556,14.544642838906336,2.5721832298442586,-18.71973000459507,3.591473359787394,3.534013518217133,2.777569730276876,-20.35659086796193,3.523470868721852,7.19141126604423,2.6837766583997693,1.2936601723850867,3.0547160173345924,-15.417984402684752,3.8870962657422936,-7.707473758476925,2.646833887557493,7.466378816865138,3.064620739067882,,,,,,,,,,,,,,,1,44100,16,9832.460441769534,0.016281179138321996,0.4158369712714467,156.41812843495484,NA,NA,1.141076,0.4158369712714467,0.753861,18.114127293300182,52,0.2782848331288425,-0.8404516240257528,-0.7245698432505693,0.9976791946963169,0.15933882762492846,0.42083152459344825,0.9881317034724844
Soprano_U_9,349.8577484860233,Soprano,U,9,Soprano_U_9.wav,Vocals/Soprano/U/Soprano_U_9.wav,Soprano_U_9.wav,68.45495455547241,13.86984049920185,12.231837132449511,3.8184635619089917,4.660483478361621,2.79042188873903,15.23974528402215,3.7803179042869357,-15.998800564481723,3.615128802820428,2.7387291025011833,2.1015293591885684,-20.796343272906828,4.495057054494153,-0.4291513018904586,2.5635353659186864,-2.018605480945151,3.306887482588133,-13.373060475874173,3.996246700561743,-14.705635898690446,3.1547151141915237,3.236103382374182,4.103825200330087,,,,,,,,,,,,,,,1,44100,16,9908.329433668994,0.018820861678004536,0.35914295623180015,124.1214354831631,NA,NA,0.803231,0.35914295623180015,0.82472,10.268465468123644,56,0.3007527187205389,-0.8368715957140423,-0.8188498666366103,0.9989798955600683,0.09949438083237179,0.3630986394882738,0.9891057612828059
Soprano_U_10,370.75463084430936,Soprano,U,10,Soprano_U_10.wav,Vocals/Soprano/U/Soprano_U_10.wav,Soprano_U_10.wav,NA,NA,NA,NA,NA,NA,NA,NA,NA,NA,NA,NA,NA,NA,NA,NA,NA,NA,NA,NA,NA,NA,NA,NA,,,,,,,,,,,,,,,1,44100,16,8790.090364283073,0.020045351473922904,0.39537267374068885,153.80097097429856,NA,NA,1.013514,0.39537267374068885,0.78149,12.85911604684513,52,0.251102354576034,-0.8287742750384907,-0.815262350751303,0.9992481163544206,0.10169259994573358,0.4011971451217184,0.9854822711181993
Soprano_U_11,392.894548017976,Soprano,U,11,Soprano_U_11.wav,Vocals/Soprano/U/Soprano_U_11.wav,Soprano_U_11.wav,NA,NA,NA,NA,NA,NA,NA,NA,NA,NA,NA,NA,NA,NA,NA,NA,NA,NA,NA,NA,NA,NA,NA,NA,,,,,,,,,,,,,,,1,44100,16,11510.381483254007,0.02113378684807256,0.37377035264282293,102.01283767449738,NA,NA,0.687754,0.37377035264282293,0.840168,15.884729558823084,49,0.3428178346018921,-0.712831747728259,-0.6494467540307505,0.9934991702137871,0.21114616651621002,0.3784926560421701,0.9875233949088275
Soprano_U_12,415.305,Soprano,U,12,Soprano_U_12.wav,Vocals/Soprano/U/Soprano_U_12.wav,Soprano_U_12.wav,70.03555144516632,10.871452538828555,12.420671044843154,3.7035647945330323,5.857569873638253,3.1769488250123947,10.097667366929766,3.2391088847500566,-17.806190852843542,5.739478782927187,0.10245551445156936,3.1748478471989428,-25.22081848853551,5.777791802644839,2.8627053949498653,3.0033644159876434,-2.315072136842271,3.1433867091849303,-8.754152185839063,3.148789508496474,-9.68239179089605,4.646116448426306,2.056310698492858,3.002338376506749,,,,,,,,,,,,,,,1,44100,16,11682.022912480086,0.024399092970521542,0.37071126398226195,190.28087754456908,NA,NA,0.644076,0.37071126398226195,0.845811,15.710641150837322,52,0.343353777657865,-0.5611766661948944,-0.49366064271481824,0.9904076470531767,0.33574050029714936,0.37609864473491444,0.9856756177453133
Soprano_U_13,439.549121110196,Soprano,U,13,Soprano_U_13.wav,Vocals/Soprano/U/Soprano_U_13.wav,Soprano_U_13.wav,NA,NA,NA,NA,NA,NA,NA,NA,NA,NA,NA,NA,NA,NA,NA,NA,NA,NA,NA,NA,NA,NA,NA,NA,,,,,,,,,,,,,,,1,44100,16,11293.397911392798,0.026485260770975058,0.4050375052098571,157.73271879366885,NA,NA,1.091881,0.4050375052098571,0.766762,19.59359457874611,47,0.3239579108885511,-0.3682245898253712,-0.35072274738617704,0.9545689482108707,0.4588505711658258,0.412182663994926,0.9826650671917709
Soprano_U_14,466.33276359993,Soprano,U,14,Soprano_U_14.wav,Vocals/Soprano/U/Soprano_U_14.wav,Soprano_U_14.wav,NA,NA,NA,NA,NA,NA,NA,NA,NA,NA,NA,NA,NA,NA,NA,NA,NA,NA,NA,NA,NA,NA,NA,NA,,,,,,,,,,,,,,,1,44100,16,12034.785587806226,0.025759637188208617,0.41351412240381713,122.9192444957097,NA,NA,1.20032,0.41351412240381713,0.744,17.160533486766408,47,0.35574029573929433,-0.7964713639967828,-0.6935861642436573,0.9912171068778718,0.17933698455867678,0.4194862789013936,0.9857631660486794
Soprano_U_15,494.341382224222,Soprano,U,15,Soprano_U_15.wav,Vocals/Soprano/U/Soprano_U_15.wav,Soprano_U_15.wav,76.71741517983739,13.405861228096464,13.137322472510816,3.772608443709331,-4.118109784760113,4.575591387173005,1.742858456748155,2.6681023201932534,-16.643704404653953,5.615938476573786,0.522926342023342,3.095593991010952,-26.416253882112475,5.276849147455976,11.404783826181388,4.249382992066554,-3.4282159527387956,3.5049668851424722,-20.971823016925036,5.669055544848959,-9.232856805964547,2.874152456709338,-3.862409950380807,3.347734407544617,,,,,,,,,,,,,,,1,44100,16,12557.703117146155,0.0326530612244898,0.41955413037051,162.0837980028078,NA,NA,1.282601,0.41955413037051,0.706802,18.603841363246996,42,0.35513488505946217,-0.9856395742569722,-0.9755874060840978,0.9999705614179311,0.012356768001543773,0.4257631125585556,0.9854168151140814
Soprano_U_16,523.730200238966,Soprano,U,16,Soprano_U_16.wav,Vocals/Soprano/U/Soprano_U_16.wav,Soprano_U_16.wav,75.38708431223675,12.069119200046714,11.990036135192012,3.8707167862047043,-3.27556396990504,4.736221149071359,5.2418550993230175,2.787714707599305,-15.84083201866853,4.758024732088992,-5.054915610833109,3.6854378995269856,-23.24157649812466,5.0160342321223315,16.620281419680598,6.466712685048109,-6.574981409353522,3.1149027907237357,-20.491310362001705,5.758676788908013,-11.67941498114953,2.5906648812326836,-15.420516077036979,4.796452040072707,,,,,,,,,,,,,,,1,44100,16,14735.930409798128,0.029387755102040815,0.372641350198257,144.4470663405658,NA,NA,1.341236,0.372641350198257,0.693363,15.307297446269144,52,0.42874789835035043,-0.9901204579675985,-0.9897619368152574,0.9999937777832963,0.005145338892994141,0.37795073720993055,0.9859521718336417
Soprano_U_17,554.912913453382,Soprano,U,17,Soprano_U_17.wav,Vocals/Soprano/U/Soprano_U_17.wav,Soprano_U_17.wav,NA,NA,NA,NA,NA,NA,NA,NA,NA,NA,NA,NA,NA,NA,NA,NA,NA,NA,NA,NA,NA,NA,NA,NA,,,,,,,,,,,,,,,1,44100,16,15044.764579601024,0.03845804988662131,0.40035587804031186,152.10765680112553,NA,NA,1.314523,0.40035587804031186,0.697682,15.217616265677162,49,0.42919966567531065,-0.9962762278949433,-0.996264800519074,0.9999986968185509,0.0018710917571216673,0.40886411112288185,0.9791905602592424
Soprano_U_18,587.918020216104,Soprano,U,18,Soprano_U_18.wav,Vocals/Soprano/U/Soprano_U_18.wav,Soprano_U_18.wav,78.8291565648557,11.407460578419883,12.629031436315163,2.809956613800761,-8.608776053033264,4.030858738420145,3.6890146108233224,3.068273496866632,-15.515753276553758,3.5315472237726233,-3.709710397161311,3.501300743092223,-23.717889902346872,3.9293748062267913,11.489672386290174,4.1985941556689825,-7.010300326315985,2.803461826300615,-29.593473845822995,5.338389425536857,-13.485534707043826,2.7221473802673817,-5.884818691331233,3.1871266744246975,,,,,,,,,,,,,,,1,44100,16,15531.230154314208,0.03070294784580499,0.3945774201011652,167.55195682267203,NA,NA,1.425514,0.3945774201011652,0.663831,15.30486981221777,49,0.4612357763833309,-0.9557433067383895,-0.9554379962057356,0.9999062221044007,0.02278662118143522,0.3993550827921879,0.9880365546930854
Soprano_U_19,621.915051338264,Soprano,U,19,Soprano_U_19.wav,Vocals/Soprano/U/Soprano_U_19.wav,Soprano_U_19.wav,NA,NA,NA,NA,NA,NA,NA,NA,NA,NA,NA,NA,NA,NA,NA,NA,NA,NA,NA,NA,NA,NA,NA,NA,,,,,,,,,,,,,,,1,44100,16,15546.08668483657,0.035873015873015876,0.3920776646235946,192.37736447899547,NA,NA,1.213696,0.3920776646235946,0.734512,18.193278900201697,44,0.44724474847413853,-0.997282005160423,-0.9972291036498845,0.9999995448686816,0.0013873696732789223,0.399054734904166,0.9825160067772484
Soprano_U_20,659.303720631294,Soprano,U,20,Soprano_U_20.wav,Vocals/Soprano/U/Soprano_U_20.wav,Soprano_U_20.wav,NA,NA,NA,NA,NA,NA,NA,NA,NA,NA,NA,NA,NA,NA,NA,NA,NA,NA,NA,NA,NA,NA,NA,NA,,,,,,,,,,,,,,,1,44100,16,17472.51696820835,0.032789115646258506,0.3966489191814034,163.54518283828094,NA,NA,1.309983,0.3966489191814034,0.698495,22.899476752373182,45,0.4986005379323157,-0.9940434664329604,-0.9941066041814275,0.9999984758333528,0.002955402095202568,0.40350942754121294,0.9829978982111667
Soprano_U_21,698.897637795276,Soprano,U,21,Soprano_U_21.wav,Vocals/Soprano/U/Soprano_U_21.wav,Soprano_U_21.wav,82.61382073488674,11.093212535151114,11.791176469682025,3.1243777633319425,-13.227551704915909,2.6760524594295045,-3.9917994836167483,4.072972507615979,-13.308290298359932,2.566827176095097,2.8721236955457012,4.26474933308588,-23.997655443569883,3.9280169197329897,5.011095475579846,2.7060358944847214,-7.63857667328482,2.159388118956562,-23.50602215500131,5.082109959055571,-2.781812754303997,3.2488486206864997,19.003022126816933,3.82897657469406,,,,,,,,,,,,,,,1,44100,16,17244.35797775321,0.042630385487528344,0.41434751658551794,170.68037419376344,NA,NA,1.476796,0.41434751658551794,0.652832,17.822478728268138,44,0.4927421343791114,-0.9726772615285655,-0.9726129679005935,0.9999161525158603,0.013882467676774864,0.42248342855619064,0.9807426483010786
Soprano_U_22,739.129893048158,Soprano,U,22,Soprano_U_22.wav,Vocals/Soprano/U/Soprano_U_22.wav,Soprano_U_22.wav,NA,NA,NA,NA,NA,NA,NA,NA,NA,NA,NA,NA,NA,NA,NA,NA,NA,NA,NA,NA,NA,NA,NA,NA,,,,,,,,,,,,,,,1,44100,16,18557.154535055874,0.03746031746031746,0.41024924317257017,138.31366344191895,NA,NA,1.394927,0.41024924317257017,0.663864,20.877977065783124,42,0.5460149210873173,-0.9239990161756217,-0.9240083144700217,0.9995830006729769,0.03948007733489273,0.4175987035336195,0.9824006628879353
Soprano_U_23,783.543806535434,Soprano,U,23,Soprano_U_23.wav,Vocals/Soprano/U/Soprano_U_23.wav,Soprano_U_23.wav,83.5178318304255,13.605080691043977,9.53987879443848,3.8825715835620445,-11.819602485105417,2.3929961324774025,-5.402417313992594,2.7311626826168647,-16.35273474027008,2.9250560329349584,3.045109497949409,3.121248057373518,-23.775035999989104,4.609853002688017,0.9665066493964366,3.0879256077159347,-8.232184743446759,3.5110662079209325,-3.938150665015342,3.436751841796407,12.226930117288235,3.8752088557545887,34.93941115554066,7.801492781727052,,,,,,,,,,,,,,,1,44100,16,18935.053218015193,0.04195011337868481,0.3923780340049597,150.35764989201115,NA,NA,1.434933,0.3923780340049597,0.65644,19.6769341832051,43,0.5592935298317294,-0.9809964654084348,-0.9808230878840297,0.9999798893152146,0.009681089932983581,0.3975205983889627,0.9870634014819751
Soprano_U_24,830.609,Soprano,U,24,Soprano_U_24.wav,Vocals/Soprano/U/Soprano_U_24.wav,Soprano_U_24.wav,83.86232832202387,13.475969256626552,8.612852637078433,2.7770110368319854,-12.2311030657771,2.9502578761402827,-5.559677923840684,2.701990447732775,-13.872711745404214,2.9365543549689606,-0.19278858979659239,2.9396742210491897,-22.843970178945863,4.360879545756313,6.6129849714996745,3.715104803783087,-9.651866045426752,4.01957889783595,3.881005612981113,3.569826624632858,23.338858479166895,5.221597134526726,28.909186660501067,5.659810204350474,,,,,,,,,,,,,,,1,44100,16,19082.681012952322,0.04231292517006803,0.40824293841168807,158.13915349124022,NA,NA,1.542737,0.40824293841168807,0.614187,20.967941232328464,43,0.5640826199435024,-0.9801493954210204,-0.9802397493677002,0.9999827068787033,0.009978543720374388,0.41358531048348235,0.9870827809006344
Soprano_U_25,880,Soprano,U,25,Soprano_U_25.wav,Vocals/Soprano/U/Soprano_U_25.wav,Soprano_U_25.wav,85.05867529528025,11.997391868680726,7.91757206388153,2.902488003049956,-13.238250222934866,2.7299255206533073,-8.087377593705803,2.3894941211869,-14.216830555422957,2.6303346879231735,0.5315334487931762,2.7213457471302944,-20.49622557614366,4.213172330751287,6.321539879398803,4.446020067883759,-7.842754428337319,2.5730521215677387,13.020184463698541,4.2312804224166385,25.703617270883814,6.682045877447105,23.714316870259587,5.862576220979833,,,,,,,,,,,,,,,1,44100,16,19199.982239027577,0.044535147392290246,0.4043815667993121,186.0529102038683,NA,NA,1.519848,0.4043815667993121,0.623868,17.713475409349392,41,0.5682928532275465,-0.9793174233781349,-0.9790796762929849,0.999980696336475,0.010570529382278596,0.4095865027325749,0.9872922181308763
Soprano2_Ah_1,248.60887539457275,Soprano2,Ah,1,Soprano2_Ah_1.wav,Vocals/Soprano2/Ah/Soprano2_Ah_1.wav,Soprano2_Ah_1.wav,77.67212071205826,6.9526257004517165,12.167233905190551,1.0799600077027345,-3.186540309400499,1.5881864668430463,8.752232373115593,1.540111639799441,-18.01696864287,2.01148689600575,-2.6400148677915345,2.02678729788622,-21.16830509262345,2.326370896393665,16.408773706265652,3.3425091605193087,-0.9086170776202195,4.278579446935145,-1.7939946562885862,2.447582964647087,-11.105305386362804,2.717584303327419,9.319574130742305,2.62895022306152,,,,,,,,,,,,,,,1,44100,16,3248.328895097663,0.034399092970521544,0.5695650167131376,155.02207965164268,NA,NA,1.940183,0.5695650167131376,0.460158,17.235237563721412,56,0.09461872383732528,-0.9467052094626431,-0.9143276330448019,0.9995344621041389,0.044732407213675794,0.5769038709426522,0.987278895845294
Soprano2_Ah_2,263.3477839771692,Soprano2,Ah,2,Soprano2_Ah_2.wav,Vocals/Soprano2/Ah/Soprano2_Ah_2.wav,Soprano2_Ah_2.wav,79.22193349084061,3.976035192633412,11.37798118659282,0.8551760370471833,-3.190564846186644,1.7379155234286339,6.088489719490637,1.8568063328642648,-18.373385809931676,1.995435981919256,-4.017967420830608,2.2314565911060624,-19.25822553286342,2.423283271304756,17.85464760944771,4.232476046535417,-4.122946147021195,2.939922705616373,-2.657967152037768,3.3052920397254857,-7.74166472278516,3.740752135981588,7.237471550329072,2.3990269611654886,,,,,,,,,,,,,,,1,44100,16,3255.924203917153,0.035238095238095235,0.5771104791286316,137.29166119373645,NA,NA,1.912582,0.5771104791286316,0.480556,17.490883666530582,53,0.0952671126538022,-0.9529141922892677,-0.9498403487144409,0.9998159454335775,0.025720269459884107,0.5834116334986307,0.9891994708226641
Soprano2_Ah_3,279.02634386323984,Soprano2,Ah,3,Soprano2_Ah_3.wav,Vocals/Soprano2/Ah/Soprano2_Ah_3.wav,Soprano2_Ah_3.wav,79.42797111337089,3.6783702950957924,11.31733842093423,0.7394119236065935,-4.406864510712122,1.7318464840827674,5.59141448770621,1.667694099073566,-18.812832888338612,1.9834177159975266,-1.504989376710793,2.20758151133314,-14.255283459592432,2.579616450681355,20.591196884916908,3.8167978056014613,-9.751531443828185,2.97083232782008,-5.774737410048663,3.5509609509268967,-8.274150677633923,2.3641539455886735,-0.22704878946935064,2.3987429778602856,,,,,,,,,,,,,,,1,44100,16,3277.6390024310726,0.037482993197278915,0.5788483933161251,143.2891326905534,NA,NA,1.884905,0.5788483933161251,0.484382,18.723322506451076,59,0.09661552995278677,-0.951820841516719,-0.9495629670853198,0.9998403114222955,0.025866811971723025,0.5848251681329594,0.9897802366544604
Soprano2_Ah_4,294.3425841939038,Soprano2,Ah,4,Soprano2_Ah_4.wav,Vocals/Soprano2/Ah/Soprano2_Ah_4.wav,Soprano2_Ah_4.wav,82.30599601208353,4.691263165403379,11.220991660873276,0.5997497310084696,-6.308616568594433,3.1755856372763023,7.604808614482821,1.6004604043929658,-14.698899170186293,1.4474562260767412,-5.081385313675062,1.6388983531919925,-22.399602294063207,1.9101652925443557,15.333653262259133,2.1227756076151487,-9.041470731801324,2.288756265894929,-2.764843909511899,2.2325724499923343,-13.370565545245922,2.9459313361500055,4.686475956179914,1.8781869949487826,,,,,,,,,,,,,,,1,44100,16,3413.7714440011614,0.03925170068027211,0.6054307006669578,143.53708630139263,NA,NA,1.90672,0.6054307006669578,0.482877,22.30597312829842,59,0.09997773834936152,-0.5765299694407064,-0.5728989455770988,0.9801006669037202,0.2661340891938751,0.6103212676658644,0.9919868972981882
Soprano2_Ah_5,311.93859020375254,Soprano2,Ah,5,Soprano2_Ah_5.wav,Vocals/Soprano2/Ah/Soprano2_Ah_5.wav,Soprano2_Ah_5.wav,82.31452185477426,4.276254658995552,9.600573649476411,0.8415382474436832,-8.385664069561646,2.845038228430656,6.698032965942734,1.8328030187794926,-13.953668408482013,2.3080052766162327,-4.227598218672437,1.9468530651112366,-16.237151276505536,2.7342119554970896,17.178877904498304,2.369927134517444,-12.045868884692426,2.9053119938487613,-4.744615129279479,2.195876232793713,-12.262736155875562,2.4083156018833436,0.15873197194305938,2.6066345729260805,,,,,,,,,,,,,,,1,44100,16,3398.890466160027,0.04235827664399093,0.611029900918876,142.79591117300214,NA,NA,1.987664,0.611029900918876,0.4314,21.18062674478491,55,0.10033958385260566,-0.607946919475767,-0.5863213395483607,0.9867296606912859,0.25731798097029107,0.6155749091764879,0.9926166447172251
Soprano2_Ah_6,328.6299763496059,Soprano2,Ah,6,Soprano2_Ah_6.wav,Vocals/Soprano2/Ah/Soprano2_Ah_6.wav,Soprano2_Ah_6.wav,86.37225406776687,4.2583033057494655,8.906698510386363,0.8615330848523205,-12.184067597746198,2.4124611469758603,4.1009862223790305,1.7968688162886095,-16.116707258909255,2.0909746530713482,-8.274441184899622,2.430154827267901,-21.12707134143396,2.040007296119654,20.323002316839943,2.7473534091395,-7.343534782808153,1.8399828333481436,-1.8790520256728989,2.0574507511025657,-12.50466252983715,2.459561639123807,5.755709411042595,2.107516166899557,,,,,,,,,,,,,,,1,44100,16,4565.507776015701,0.04523809523809524,0.6195927431859048,127.03536615036376,NA,NA,1.887016,0.6195927431859048,0.486761,19.208879056824994,55,0.11705672248924387,-0.7993290797743353,-0.6867026417205035,0.9918714844577202,0.18423562526491824,0.6279410759950325,0.986705228996369
Soprano2_Ah_7,348.2427130287864,Soprano2,Ah,7,Soprano2_Ah_7.wav,Vocals/Soprano2/Ah/Soprano2_Ah_7.wav,Soprano2_Ah_7.wav,87.25094648412735,4.069653752833813,6.364036757125682,0.8964813031318192,-11.805005254935303,2.331570584960519,1.7636753672835461,2.109314572067633,-13.809048494573126,2.2882694268171138,-11.981659361860995,3.0628252681684023,-14.473439642878962,2.9572171016773217,16.643411776651707,2.5940940718543835,-10.721059856387487,2.168661510538326,-9.076436981073577,2.4704575611428297,-11.696683299686864,4.001068855155313,0.9763722292601887,2.241270636200866,,,,,,,,,,,,,,,1,44100,16,4609.273097543021,0.0490702947845805,0.6170126626047597,146.2605572451273,NA,NA,1.881979,0.6170126626047597,0.48359,19.91410761595253,47,0.11858024424548086,-0.8379099420166348,-0.8330775268245013,0.9981063299253821,0.09088888748305293,0.6251703655449279,0.9869512321924321
Soprano2_Ah_8,372.3874827514133,Soprano2,Ah,8,Soprano2_Ah_8.wav,Vocals/Soprano2/Ah/Soprano2_Ah_8.wav,Soprano2_Ah_8.wav,73.44092828534788,2.8532785451170244,10.503369283374413,1.292526259034466,-1.9159822141700873,2.2463357758417697,-1.122705366687317,1.8432055312133644,-18.781732095874577,2.3902451512193643,-8.118169302471633,3.1979073743040654,-20.94483297112049,2.226601071006871,20.14860943596097,2.838233732023858,-0.929948934748163,2.451113814968646,-1.3974086357074436,3.287015401920898,-15.978361234061994,2.821770528730382,-11.866027469121828,3.81729090110156,,,,,,,,,,,,,,,1,44100,16,4824.444101784303,0.05058956916099773,0.47182489371506453,145.9203207817406,NA,NA,1.41507,0.47182489371506453,0.67347,12.59795236416502,48,0.1384666760312797,-0.9974764037001503,-0.9974243339558628,0.9999996414288852,0.0012894932122292707,0.47603857886182455,0.9911484376815958
Soprano2_Ah_9,394.4242122886743,Soprano2,Ah,9,Soprano2_Ah_9.wav,Vocals/Soprano2/Ah/Soprano2_Ah_9.wav,Soprano2_Ah_9.wav,74.09929126687199,3.072460612624769,11.33945186166157,1.3937074029547731,-3.4249778343689887,1.7990374755369194,-3.0621339584372795,1.9905509049841583,-20.92436009073957,2.848642634861371,-8.19312715256946,3.713278774207669,-15.933082949684707,2.1320767685612156,23.136375064663884,3.0502400710335538,-4.992577315608029,1.9724580537005716,-5.270904418616879,3.2243808547895454,-20.553147748137796,4.082871906825995,-10.365610372175746,2.4330871959060607,,,,,,,,,,,,,,,1,44100,16,4890.14652637133,0.05360544217687075,0.47097069021967103,148.08179736537068,NA,NA,1.398611,0.47097069021967103,0.681818,14.11512599792491,43,0.14112617052965512,-0.9976243783810294,-0.9975082665938694,0.999999723400713,0.0012474204780978109,0.4750920805856896,0.9913250703717524
Soprano2_Ah_10,421.873638684472,Soprano2,Ah,10,Soprano2_Ah_10.wav,Vocals/Soprano2/Ah/Soprano2_Ah_10.wav,Soprano2_Ah_10.wav,87.50024357289772,4.39829890769455,3.6722646474985012,1.4063965164058867,-10.432974812028794,1.8125175341965258,6.383478731949072,2.2622931040297334,-15.578523130991657,1.6268111592406551,-11.236962095448739,1.9873611648518847,-21.396836954369853,2.6552592370650085,18.944665780810993,2.4282346126079393,-2.6997484929103215,3.454005967528351,-7.047595981581214,2.1328690518855073,-18.87042635338718,2.7907112649218013,2.957478759969049,3.065525020525804,,,,,,,,,,,,,,,1,44100,16,5702.698798670097,0.04163265306122449,0.6004665947960336,145.1380615618563,NA,NA,2.072278,0.6004665947960336,0.367651,24.454252372646753,42,0.15432021655026174,-0.6100481391914875,-0.6033180992121382,0.9865131705387203,0.24407628145273108,0.6065808186745716,0.9899201826198559
Soprano2_Ah_11,442.45212199683,Soprano2,Ah,11,Soprano2_Ah_11.wav,Vocals/Soprano2/Ah/Soprano2_Ah_11.wav,Soprano2_Ah_11.wav,87.62043081345283,3.312129292987289,4.0031989554327145,0.9831258052847895,-12.601829479808654,1.266960590551237,4.714599041465767,1.7704443261359548,-20.99319180779479,1.9347617586493508,-10.45230521420462,1.5501090117646996,-18.813264980448828,2.053486652360797,24.246475935997367,2.278060172772269,-9.341207330282922,2.9243266686686202,-9.829000398122163,1.9592505395406852,-18.12553447156469,1.8352008356338776,8.125709506792301,3.273542139770336,,,,,,,,,,,,,,,1,44100,16,5762.944043093911,0.04546485260770975,0.6005382734174501,140.71016804145015,NA,NA,1.919831,0.6005382734174501,0.477389,22.60789665228782,45,0.15630460660834322,-0.6076067620810369,-0.603828809367618,0.9855347734864887,0.24344274297934954,0.6064693102730382,0.9902203841890733
Soprano2_Ah_12,469.98885581538,Soprano2,Ah,12,Soprano2_Ah_12.wav,Vocals/Soprano2/Ah/Soprano2_Ah_12.wav,Soprano2_Ah_12.wav,82.4171629698654,3.5013990610042396,6.939847124378108,1.4777238723000063,-5.40165463597763,2.835920522303213,3.930569592134371,2.4396448155137627,-17.500125756480255,2.582196019244779,-12.193108913036175,2.8940980928633184,-20.109104002708882,3.362776572813235,12.540164739867228,3.6990542625506557,-2.6184897388173463,2.9728494525177656,-5.9759309327636325,3.126739206592634,-7.807615728447148,4.864056266912509,-1.2383620769967378,3.8867164909635292,,,,,,,,,,,,,,,1,44100,16,9037.720202811304,0.042653061224489794,0.46192974239783957,166.63792311036738,NA,NA,1.504356,0.46192974239783957,0.638547,21.351151412007237,40,0.256936975326307,-0.9129300272885393,-0.8373479871499193,0.9971651565422553,0.08827447004590191,0.46540881108112814,0.9925247038722649
Soprano2_Ah_13,497.904987811938,Soprano2,Ah,13,Soprano2_Ah_13.wav,Vocals/Soprano2/Ah/Soprano2_Ah_13.wav,Soprano2_Ah_13.wav,83.15435728183459,4.109947494669403,6.801682423907409,1.1670890135678997,-5.616012855032104,2.0961149779727424,3.4828904732146597,2.3748256773989693,-20.05978504141033,2.215463527179406,-12.642546778064634,2.53507745345118,-16.33863754451733,2.1877258703023927,14.452647012482217,2.5995937421618125,-4.86005974567879,2.4564615577240474,-5.13922249529544,2.799469888641469,-8.94352264686972,3.239101583811943,-6.88725261181935,3.390745826749702,,,,,,,,,,,,,,,1,44100,16,9084.927784097756,0.04507936507936508,0.4659224623342026,128.9894061695567,NA,NA,1.596237,0.4659224623342026,0.618166,20.693831124089783,42,0.258854074126144,-0.9907881208275658,-0.9851919207971312,0.9999871833178146,0.007459172716398119,0.46918832278570083,0.9930393398708052
Soprano2_Ah_14,527.790670471316,Soprano2,Ah,14,Soprano2_Ah_14.wav,Vocals/Soprano2/Ah/Soprano2_Ah_14.wav,Soprano2_Ah_14.wav,80.60474486748335,3.060992766379109,7.770633807565481,1.2191458877459411,0.34809291986849705,1.4040526235804407,-2.85041588334677,2.104157987875714,-20.280778838642206,3.1972293027141285,-7.554335620474424,3.067717141314441,-19.08068264171081,3.101318718541948,18.857764289783457,2.8417284046633817,-0.2941878278244778,2.924713843204217,-12.482670297110413,3.1248231546622427,-20.245482644655887,2.8460572384023872,-3.6604365314182465,2.6254363750792797,,,,,,,,,,,,,,,1,44100,16,12828.112304803006,0.04770975056689342,0.4033646508514114,173.67400271702138,NA,NA,1.100173,0.4033646508514114,0.736976,14.521320073521762,41,0.3608174720376457,-0.9990064365211431,-0.9989503647308664,0.9999999389510303,5.250931806882584e-4,0.40739638906219444,0.9901036476536674
Soprano2_Ah_15,558.939958301708,Soprano2,Ah,15,Soprano2_Ah_15.wav,Vocals/Soprano2/Ah/Soprano2_Ah_15.wav,Soprano2_Ah_15.wav,80.56053628272186,3.286196463996721,7.5402517884564135,1.0925511909379373,-0.29132196198768023,1.8094526992237916,-5.057658095067266,2.0175850171202048,-21.0213234970924,2.732695524722516,-7.819407840211654,2.699350789255034,-15.969573151613016,2.3611673394106103,18.043542442557694,2.3103589631656805,-6.521724308755458,2.663349284986531,-14.956360905315483,3.088045842209611,-15.68455167786677,1.836980451555732,-3.324956421438987,2.6417208143619955,,,,,,,,,,,,,,,1,44100,16,12991.95530663371,0.05038548752834467,0.399567935078658,159.1716650869811,NA,NA,1.063951,0.399567935078658,0.746704,14.755506441229391,46,0.3686616629103475,-0.9991277874862053,-0.9990837011585793,0.9999999443019937,4.583593922824124e-4,0.40321636612657885,0.9909516791618138
Soprano2_Ah_16,588.446713572156,Soprano2,Ah,16,Soprano2_Ah_16.wav,Vocals/Soprano2/Ah/Soprano2_Ah_16.wav,Soprano2_Ah_16.wav,83.09598451203489,4.209598078871033,5.630830747915192,1.1900883224523426,-1.7010192972054272,2.2879372005534613,-4.740110836934747,2.3889507938207233,-20.767081699122958,3.2230790214873024,-7.136763533616407,3.262415122075011,-14.488235252963527,2.552363983956365,18.786155809065338,3.0909451577732314,-7.736868351936212,2.71717244245156,-19.57013636771443,3.7529887562610433,-25.793951567776666,3.899001371973076,-1.2946597777387998,3.04360614215919,,,,,,,,,,,,,,,1,44100,16,11780.50579519457,0.05319727891156462,0.4311353010692941,139.1552063197079,NA,NA,1.589729,0.4311353010692941,0.630231,14.463757381257015,39,0.3398220566295058,-0.9978585177366218,-0.9975635813404286,0.999999653014245,0.0012196947506091212,0.4352289740347762,0.9905942085437653
Soprano2_Ah_17,616.229177344798,Soprano2,Ah,17,Soprano2_Ah_17.wav,Vocals/Soprano2/Ah/Soprano2_Ah_17.wav,Soprano2_Ah_17.wav,83.12726318422294,3.5886948973750674,4.634964577128686,1.276021188703521,-3.1805613371624246,2.4886155704821817,-4.927466870408843,2.578960139426162,-19.676240953540777,2.2149749397084797,-5.366755009588358,2.940658570730164,-12.052114084117333,2.1777163668367163,18.051856531474066,3.0677452405189,-14.137848197335256,2.6400863712151383,-21.043377281512086,2.2753254914325227,-19.17671853288835,2.2381341674187,6.814694483067197,2.5406421442916174,,,,,,,,,,,,,,,1,44100,16,11991.712385116263,0.0563265306122449,0.43306465498023056,135.16232017610486,NA,NA,1.352564,0.43306465498023056,0.697386,16.891265819740706,36,0.3442847900405256,-0.9978558593268485,-0.9976780172104188,0.9999995758515072,0.0011623403695246283,0.4371191093447712,0.9907246005085018
Soprano2_Ah_18,664.314876539814,Soprano2,Ah,18,Soprano2_Ah_18.wav,Vocals/Soprano2/Ah/Soprano2_Ah_18.wav,Soprano2_Ah_18.wav,87.15829144138763,3.401713303401821,4.315420545048607,1.4329974918097255,-5.880746749631125,2.876903724875139,-7.41970485326299,3.3790269501071917,-15.447209820279014,2.5402768378910388,-4.491170544673854,3.2507553903256814,-17.03606224292819,2.664837756647718,16.48061530155053,2.2102763780779844,-18.884397386146134,3.2776962435168904,-19.330636503773842,3.144354904710125,-11.158167229357018,2.331550710905624,17.53718161588141,2.930499758185296,,,,,,,,,,,,,,,1,44100,16,12935.559946041078,0.0572108843537415,0.4646076065330721,147.30156234849815,NA,NA,1.620607,0.4646076065330721,0.604726,18.01745837152445,43,0.3463101726037217,-0.9918351619036493,-0.9916713768199369,0.9999958703034497,0.004181708329149515,0.4717073299740927,0.9849488803970663
Soprano2_Ah_19,703.638683359928,Soprano2,Ah,19,Soprano2_Ah_19.wav,Vocals/Soprano2/Ah/Soprano2_Ah_19.wav,Soprano2_Ah_19.wav,87.66384334935137,3.253413393013372,3.02009930115636,1.1564270051704917,-7.64659659671819,2.154657698641496,-7.425146481271798,3.015993518776784,-12.978053515575565,2.0916858379703105,-6.900964355289002,2.440182451114432,-14.923954587437544,2.949989954337681,12.970785114577618,2.073134230382482,-25.35474001038495,2.1651671178352108,-16.623644914250754,2.2580325917971855,-1.2796492480825612,1.8203367709672302,25.50061201077336,2.8552551952877776,,,,,,,,,,,,,,,1,44100,16,13295.340727513656,0.06102040816326531,0.45536515903869507,151.66423374888922,NA,NA,1.69721,0.45536515903869507,0.554197,18.503429351112736,40,0.3580473888389438,-0.9919535759540848,-0.9917778276268923,0.9999964531440975,0.0041280423429773646,0.4621248666711735,0.9853725516197156
Soprano2_Ah_20,740.820965137534,Soprano2,Ah,20,Soprano2_Ah_20.wav,Vocals/Soprano2/Ah/Soprano2_Ah_20.wav,Soprano2_Ah_20.wav,91.83302620084497,3.6550844452922027,3.499077858939413,1.1755620415041268,-13.174526315723856,1.404193893297153,-4.878758547477015,2.3470053543677647,-15.345671151022593,2.504506689658919,2.995764422256896,3.1014625653468326,-18.946396196349,2.3884869743811263,6.74211006229951,3.7230885750182336,-14.870359524376688,2.251856079608721,-6.2277478889020514,3.9456095870273944,-3.845125947605671,6.336622521870448,33.83493933050529,3.0301658403762013,,,,,,,,,,,,,,,1,44100,16,15958.561833418757,0.051587301587301584,0.4808659274084469,154.96031498559418,NA,NA,1.964348,0.4808659274084469,0.444515,17.278911466398082,42,0.4600254886053838,-0.9611906139659966,-0.9605359597110763,0.9999001053444813,0.020127199323612,0.4872745548662686,0.986848015366654
Soprano2_Ah_21,782.806713327206,Soprano2,Ah,21,Soprano2_Ah_21.wav,Vocals/Soprano2/Ah/Soprano2_Ah_21.wav,Soprano2_Ah_21.wav,92.36264090713155,3.2535586417651943,2.911757204898601,1.4145921357480495,-12.003090591520161,1.5923897991771225,-6.085210043410189,2.3455829239315573,-13.965612496660649,1.9461472001661435,1.1797321734287585,2.768317546688451,-19.411972186099316,2.008198143783633,3.366497639952646,3.597277524336306,-14.343931813399218,3.0830478655915696,-1.8022664231724086,2.505870756490132,8.8593010229867,5.298942239369745,41.857061351041715,3.5253875624803648,,,,,,,,,,,,,,,1,44100,16,16261.837367956785,0.054988662131519275,0.4703122743665993,142.86239859510255,NA,NA,1.970024,0.4703122743665993,0.437064,18.199842952049515,43,0.46769086842899643,-0.9628230159342571,-0.9624517971276563,0.9998777862071404,0.019130973825194793,0.47655132272148304,0.9869079193417114
Soprano2_Ah_22,830.609,Soprano2,Ah,22,Soprano2_Ah_22.wav,Vocals/Soprano2/Ah/Soprano2_Ah_22.wav,Soprano2_Ah_22.wav,94.13119974958155,3.4242042489994127,2.482885572900633,0.9566661268246941,-8.909216014922695,2.377121301062671,-4.5866723382024865,1.6054338342722843,-12.846623228222144,2.0214219500707946,-4.937011676488832,2.699672307705319,-19.253088230329556,2.7483679497502536,3.370747053006275,3.6385021793348558,-7.1529803517183606,4.377493513494638,5.866667310092978,3.3102766138817477,25.418823026740867,3.3072494213937307,25.78886581911276,3.8225525522627484,,,,,,,,,,,,,,,1,44100,16,22635.288119922858,0.037959183673469385,0.4552116817762242,149.49504550505426,NA,NA,2.045786,0.4552116817762242,0.361446,16.254801021793526,37,0.6568928009287243,-0.8951724240300644,-0.8921077811093862,0.9993976508312347,0.05698789000224252,0.4574283534949967,0.995154057019343
Soprano2_Ah_23,880,Soprano2,Ah,23,Soprano2_Ah_23.wav,Vocals/Soprano2/Ah/Soprano2_Ah_23.wav,Soprano2_Ah_23.wav,94.47375007771754,3.3518745956517737,2.6072452740759675,1.2294810682086768,-10.578538331110764,2.4107068614965685,-7.066098394187531,2.5987685053788887,-12.971863830807333,2.1380481532322837,-3.7923357640143935,2.97939504008404,-18.219089891318873,2.611784352847896,4.322257037413088,4.067721029440167,-5.776118393670255,2.9911700373197707,14.366816246121036,3.0646278829157194,29.19391524844893,2.6752634909439377,17.271270783794282,4.2885679853478695,,,,,,,,,,,,,,,1,44100,16,23001.523963149866,0.04009070294784581,0.4509207976505409,165.79584138228776,NA,NA,2.015138,0.4509207976505409,0.376682,17.391669477363962,38,0.6655131250405826,-0.9016052893708962,-0.8974402450789608,0.999454495381452,0.05402215346011436,0.4529400354323507,0.995541931328984
Soprano2_Ah_24,932.328,Soprano2,Ah,24,Soprano2_Ah_24.wav,Vocals/Soprano2/Ah/Soprano2_Ah_24.wav,Soprano2_Ah_24.wav,91.62531391531161,2.354726013367232,3.2558766776451353,1.3792893755205489,-12.55047550240015,2.012293876277799,-5.941684680228937,2.3463500036932907,-9.045939414499653,1.9581152065736531,-10.481456964295296,1.2702073371234779,-14.635037812427504,2.174916506733245,13.60094295509527,2.6117853698068307,0.7079900337410462,2.4298119759094123,20.169167473948942,2.1834714081321054,18.494263354378365,1.92905556674397,-2.083647511181099,3.4036091358348917,,,,,,,,,,,,,,,1,44100,16,21447.032170388637,0.0426984126984127,0.4105045968988025,137.84750704027425,NA,NA,1.723088,0.4105045968988025,0.51865000000000006,17.689004084023434,32,0.6458503172262442,-0.858779184889071,-0.7730145598135459,0.9946994497670315,0.1273437328581989,0.4121209004746504,0.9960780839457878
Soprano2_Ah_25,987.767,Soprano2,Ah,25,Soprano2_Ah_25.wav,Vocals/Soprano2/Ah/Soprano2_Ah_25.wav,Soprano2_Ah_25.wav,92.01927180285911,2.427047640990726,3.467481771305379,1.243325192312625,-13.393888280626038,1.9689714730800982,-6.1255766328257435,2.1818779480719606,-8.986042984808488,1.8986498721771579,-11.0294586474101,1.2393625402404986,-11.327413182638386,1.4737932676150924,15.121257754062842,1.7399201597924652,3.0479734040762647,1.4885564545310799,23.61500635470779,2.0886515588058554,13.236086355202493,2.7740372856147695,-9.88612554193271,3.104345310819753,,,,,,,,,,,,,,,1,44100,16,21828.60061079396,0.04523809523809524,0.42747070915595037,122.13440208290125,NA,NA,1.788682,0.42747070915595037,0.509008,19.277748644283296,34,0.6534231043222796,-0.9300720511871622,-0.9142750301506785,0.9994547580040056,0.04475753360733662,0.4290168328508734,0.9963961234699141
Soprano2_Ah_26,1046.5,Soprano2,Ah,26,Soprano2_Ah_26.wav,Vocals/Soprano2/Ah/Soprano2_Ah_26.wav,Soprano2_Ah_26.wav,91.96381493367161,3.295009011378973,3.338629904231723,1.7825451098438863,-12.358294131009083,1.784654580110399,-5.114068207701484,1.8407006562797552,-18.71020677827892,1.9493418136732081,2.524455935960795,2.183754059451335,-11.344424612885073,1.6373453019898851,14.262326522236195,1.879960915146473,12.70644489587272,3.850923745147934,18.118182495533148,3.4955144006307397,-4.837435297095585,2.932510592799131,-11.450112340461475,1.6550016410150301,,,,,,,,,,,,,,,1,44100,16,25317.64053309198,0.04777777777777778,0.3915734066481993,149.7141457932192,NA,NA,1.800025,0.3915734066481993,0.539292,16.604123376691064,34,0.8049164863300595,-0.9392754291955109,-0.938830542575721,0.9995969465026712,0.031536950505898304,0.39285904630512763,0.9967274785472807
Soprano2_Ah_27,1108.73,Soprano2,Ah,27,Soprano2_Ah_27.wav,Vocals/Soprano2/Ah/Soprano2_Ah_27.wav,Soprano2_Ah_27.wav,91.8047006647415,3.3455653481171064,2.6164503681977456,1.8992566866933418,-12.850217276086447,1.9786467766215303,-4.310953721880184,2.583563880647659,-17.246318486762036,1.7207728681053198,3.2352330512386844,1.6372887772434042,-10.538091374793733,1.5424627510491,17.613356816779547,1.414915713626084,13.58127817088211,2.6136753262444286,12.335498561610772,4.319942517460114,-13.069328580557308,2.3015401612469244,-16.075715708656695,2.2769467269341708,,,,,,,,,,,,,,,1,44100,16,26017.804996820734,0.05063492063492064,0.3668462381650846,143.58164384396125,NA,NA,1.822362,0.3668462381650846,0.523333,15.086776007754622,39,0.8279923193882889,-0.9408904314934892,-0.9408210167266716,0.9996224873014853,0.0304802153036395,0.36805709478066795,0.9967101391801593
Soprano2_Ah_28,1174.66,Soprano2,Ah,28,Soprano2_Ah_28.wav,Vocals/Soprano2/Ah/Soprano2_Ah_28.wav,Soprano2_Ah_28.wav,93.29387843892673,3.3607162263256245,2.046363056324891,1.7350060194226262,-13.46819604710808,1.9855813782683818,-8.065593834776298,1.8092438148257468,-14.73638884940405,1.2328750958868115,5.464197595630575,1.185925744916224,-6.333660659844776,1.5058403130872893,20.931162368062683,1.795122071379851,12.16844963393064,2.3957647623646507,3.2538270890573036,4.140868927715347,-20.146961595057984,2.168466299810723,-17.332327288259897,2.287773125039598,,,,,,,,,,,,,,,1,44100,16,26471.52127241724,0.05371882086167801,0.3890376740284268,169.2706936434687,NA,NA,1.741591,0.3890376740284268,0.558172,15.162957427496954,40,0.8386135705589399,-0.9402560003386184,-0.9401358599326182,0.9996148162295605,0.030843758217156514,0.39024827456580985,0.996897870877892
Soprano2_Eh_1,249.8200955369329,Soprano2,Eh,1,Soprano2_Eh_1.wav,Vocals/Soprano2/Eh/Soprano2_Eh_1.wav,Soprano2_Eh_1.wav,70.98204235862791,5.8372156666681,2.3887767762661656,1.9454693423786398,-0.2468462937795273,1.557316734409585,20.29629983226123,1.4247292616605283,-2.1159051058251968,2.0524030433171685,17.012344472701,1.531187600391933,-25.44742258887439,2.1838903859031378,5.92057563496679,2.0967258672424247,-1.401761975053675,2.301499137511384,6.644814338893611,2.6289702421061336,-19.51030370250375,2.393471563402808,-1.3221780858914571,3.0371506700905773,,,,,,,,,,,,,,,1,44100,16,3238.0743574267963,0.015532879818594105,0.5206932074092653,146.71864794870308,NA,NA,1.900167,0.5206932074092653,0.465332,12.53751024888648,52,0.10204275614117132,0.8444440912335319,0.8959484083160956,0.10422270065511176,1.8990662249334018,0.5239033498916295,0.9938726437175327
Soprano2_Eh_2,264.18867601168284,Soprano2,Eh,2,Soprano2_Eh_2.wav,Vocals/Soprano2/Eh/Soprano2_Eh_2.wav,Soprano2_Eh_2.wav,71.94159963833977,3.7858434868838735,1.966982705159086,1.0625284709954872,0.5029285064275594,1.7293838959556904,18.97820046390099,1.8921106725242423,-1.8348782493582887,1.8261975783378244,13.812350393974775,1.964476323729561,-27.20058540318882,2.699456304958515,8.592438418083276,2.798304640540973,-2.3499794511493923,2.143380245930283,3.680472309096914,2.8085134194746812,-20.30514893982887,2.7045521083125568,-2.2618268497833327,3.059742068871158,,,,,,,,,,,,,,,1,44100,16,3188.460919957782,0.01526077097505669,0.5302547007164192,140.1401989563277,NA,NA,1.851262,0.5302547007164192,0.501396,12.837737120408892,53,0.1002495623727041,0.8259516459103426,0.8658207327927172,0.1374379269350997,1.9111338054292306,0.5326956208350516,0.9954177957858823
Soprano2_Eh_3,280.13714292077054,Soprano2,Eh,3,Soprano2_Eh_3.wav,Vocals/Soprano2/Eh/Soprano2_Eh_3.wav,Soprano2_Eh_3.wav,72.67494104750132,3.8085708205269757,2.2207973345613414,1.1274552331480814,1.0115171847266156,1.8887078857882817,18.683049524450684,1.7137852627060284,-1.832022036011173,2.069745799735315,10.486319426028302,1.9837014600621345,-26.333750608029966,2.519995536449076,12.186641488473622,2.241450941092915,-5.215537620010208,2.3199525536805905,-3.1201353112868695,2.6781209466984786,-22.620268464210724,3.483788371620596,-2.5060595793007385,2.5170988794009417,,,,,,,,,,,,,,,1,44100,16,3147.8689053414005,0.016258503401360543,0.5381961598546979,161.33499654643282,NA,NA,1.953255,0.5381961598546979,0.438967,11.758811076125792,50,0.09829178826941484,0.8006975174718952,0.846932879521845,0.17261342964771728,2.0827818388920316,0.5403365787432156,0.99603873035304
Soprano2_Eh_4,295.6484611342202,Soprano2,Eh,4,Soprano2_Eh_4.wav,Vocals/Soprano2/Eh/Soprano2_Eh_4.wav,Soprano2_Eh_4.wav,80.04818059431663,6.015603988553132,0.5549310616087895,2.037325753066436,-5.651975628162198,3.302861613830405,16.173640953154457,1.8233185411808106,4.093734765505207,2.5736545729601543,12.32345268858559,2.509147731019824,-24.383753922403486,2.6898614257505504,7.929504364666379,3.253878202128029,-6.146857079978512,3.765385620686167,3.6546061147317537,2.7244334600850872,-18.017751936942005,2.2994021386590524,-0.6416367533482678,2.503428736030691,,,,,,,,,,,,,,,1,44100,16,4222.964156753207,0.02963718820861678,0.6010552633506451,125.8927223674232,NA,NA,1.943416,0.6010552633506451,0.453799,16.604088003973818,51,0.13149226806766728,0.9616584325884774,0.964066085358505,0.025975950577011863,1.4197864071381636,0.6053586102055368,0.9928912436655841
Soprano2_Eh_5,313.4232025613341,Soprano2,Eh,5,Soprano2_Eh_5.wav,Vocals/Soprano2/Eh/Soprano2_Eh_5.wav,Soprano2_Eh_5.wav,79.91917802443191,5.168750555208493,-0.25774233174766736,1.6186532575427046,-6.360582278234205,3.380918761287399,16.402806120567977,1.86294363489954,4.546552747210364,2.557518950947486,10.346684926055914,2.678949222553331,-21.638922987251387,2.686963391799818,11.346848303727027,3.4927851077508403,-7.486552164038027,3.7736844711030946,0.012572784731327861,2.1217824607292153,-18.930108821908046,2.379242573320767,-0.5065028241768407,2.461206737826548,,,,,,,,,,,,,,,1,44100,16,4168.300716168153,0.02564625850340136,0.600605390336213,140.3927306725583,NA,NA,1.988192,0.600605390336213,0.42901,15.218705275781684,54,0.12863760744373942,0.953024057250334,0.9579624886103024,0.03538135704451499,1.647941745339995,0.6038819411392379,0.9945741864761785
Soprano2_Eh_6,330.2047433227923,Soprano2,Eh,6,Soprano2_Eh_6.wav,Vocals/Soprano2/Eh/Soprano2_Eh_6.wav,Soprano2_Eh_6.wav,74.15926228826076,3.445934868777685,-0.7352563120073996,1.4549622770861854,-1.2209882690775462,2.971261806026307,13.924347269055321,2.2757708956616574,4.693983281177639,2.47255670371764,14.84797859707843,2.7237122064966517,-22.019446506207018,2.1555570954938204,11.815598737315117,2.835505976781817,2.9008119878346132,2.1844887115245935,2.6878481906581593,3.290228854786395,-23.547130190893945,3.4348216574787753,0.9435526309402673,2.462411785830443,,,,,,,,,,,,,,,1,44100,16,5018.746868092175,0.017505668934240364,0.4858446972234706,164.0926122505473,NA,NA,1.696522,0.4858446972234706,0.573259,12.970226677687592,48,0.15985238861585982,0.7810105837163792,0.8570754187829493,0.12785797758060038,1.66130909909504,0.4877467179367691,0.9961003925944509
Soprano2_Eh_7,349.59231794661275,Soprano2,Eh,7,Soprano2_Eh_7.wav,Vocals/Soprano2/Eh/Soprano2_Eh_7.wav,Soprano2_Eh_7.wav,75.19668180116932,3.9622468512055247,-2.370560250725968,1.260493206714992,0.08492518293836852,3.2159025071401417,11.292264357479661,1.9306569607233404,6.595663805063331,2.0595546949805645,7.172290169673351,2.8584782889571776,-19.169024234539226,2.9569354427187293,10.091734391874764,2.5528667050222573,1.036596045710625,2.4676647516413257,-9.851049430102906,3.141794823737307,-21.332710532684434,5.288305072009366,-6.470744330885585,2.520100959884278,,,,,,,,,,,,,,,1,44100,16,4949.254077755459,0.01870748299319728,0.48492895343433173,149.07563032755337,NA,NA,1.836673,0.48492895343433173,0.51119,12.27039107516766,43,0.15713139934670795,0.7766622530299508,0.7898594631364673,0.18688793911531698,1.5918068515683474,0.4867673943517472,0.9962231633861511
Soprano2_Eh_8,371.329488152539,Soprano2,Eh,8,Soprano2_Eh_8.wav,Vocals/Soprano2/Eh/Soprano2_Eh_8.wav,Soprano2_Eh_8.wav,83.60246508622004,7.4317809012561815,-1.4907272215928848,1.3495498046589325,-0.18607870086514736,2.903761134425363,9.86298532619121,2.63347688192852,7.918675715107766,2.3433468713535563,6.798763361108261,2.040974763364959,-26.243934786492943,2.2776324403449064,-3.368135744984918,4.906220355361249,-3.54830423254628,2.606831019305665,-9.080367610310764,3.9976959032329407,-20.531259547891715,3.211768791005733,-2.6892848615744858,3.7444474150461464,,,,,,,,,,,,,,,1,44100,16,8275.40133718727,0.02020408163265306,0.5357145953164582,153.9594401509287,NA,NA,1.923641,0.5357145953164582,0.471803,16.73291365459485,46,0.26005738722848437,0.958834977517715,0.9607822735848677,0.0297997426410448,1.489908071402273,0.5395425824435744,0.992905125097301
Soprano2_Eh_9,393.6924682692646,Soprano2,Eh,9,Soprano2_Eh_9.wav,Vocals/Soprano2/Eh/Soprano2_Eh_9.wav,Soprano2_Eh_9.wav,83.80355296787711,6.796738256271646,-0.006115678023919095,1.3098932611435905,-1.9220003231657403,3.097287305907048,11.742367559394932,2.713057275089318,5.059621152206099,1.6970756555883468,5.243865392441254,1.8879942858707899,-30.418320861237795,2.503104686606299,1.8316413858837453,3.811671135508695,-6.54315911120315,2.977361949417491,-8.21411177569095,3.5673139045886164,-20.838932393096947,3.0511424001857383,0.5036625797619956,3.647518308366661,,,,,,,,,,,,,,,1,44100,16,8226.098027686096,0.020861678004535148,0.5357925672131988,124.6223938101434,NA,NA,1.965525,0.5357925672131988,0.429104,16.804774250445522,49,0.25826462622258417,0.9716369423820339,0.969084169265594,0.023456583695175885,1.493991476923893,0.5392494479374303,0.9935894589462192
Soprano2_Eh_10,415.305,Soprano2,Eh,10,Soprano2_Eh_10.wav,Vocals/Soprano2/Eh/Soprano2_Eh_10.wav,Soprano2_Eh_10.wav,86.57470255230929,5.2878134702865465,-0.574859518759829,1.3627699912914486,-0.5359464476263621,2.4241709681916723,7.5730664630747855,2.7653557056768996,3.5178626089924863,2.3390082617498758,3.9520795027103186,3.5567275219007795,-27.671806612567423,3.4431815958759224,-0.844834926715595,3.0258926482226363,-8.441378039914449,3.213463699816403,-4.883987069106165,2.8839854121129056,-12.049318641802289,4.931821929145497,-4.008557143372705,2.9769811159521864,,,,,,,,,,,,,,,1,44100,16,9656.018887021868,0.019931972789115647,0.5268878043872361,150.7610191935124,NA,NA,1.778847,0.5268878043872361,0.546594,15.255900122820472,40,0.29774916433059917,0.8813800632126373,0.8930130827098535,0.08941213968798532,1.5820471742672189,0.5292562079524927,0.9955250339444877
Soprano2_Eh_11,441.476790067936,Soprano2,Eh,11,Soprano2_Eh_11.wav,Vocals/Soprano2/Eh/Soprano2_Eh_11.wav,Soprano2_Eh_11.wav,86.72918397544609,4.928198755282112,-0.4481018472240449,1.0265043803022273,-0.9722561127792957,1.9744952012341148,7.012925960889919,1.9697373391963398,0.8252892399575902,2.1776576685462863,-1.8366064526620391,3.7516402158540045,-29.096204343168257,2.9855172782787833,2.0564584939771664,3.2066866936045217,-9.94505380211222,2.7526406682180484,-6.395476782233354,3.0716038758579907,-11.798965569155703,4.14149000805031,-4.414044806790816,3.303621340688463,,,,,,,,,,,,,,,1,44100,16,9443.222841856801,0.022312925170068026,0.5265842372242326,145.55100246436947,NA,NA,1.711909,0.5265842372242326,0.561029,14.84051882838,43,0.2939381529715496,0.8868754531943558,0.8920221539190119,0.10437153388194312,1.8288312048291033,0.5298170004022298,0.993898340039027
Soprano2_Eh_12,472.063803166252,Soprano2,Eh,12,Soprano2_Eh_12.wav,Vocals/Soprano2/Eh/Soprano2_Eh_12.wav,Soprano2_Eh_12.wav,89.60165357050006,4.513184572472446,-0.37756533793511515,1.1231100891080625,-3.7350518218289883,1.8549318234898333,4.983556801236185,2.4042799112180293,1.100501230917439,3.249410980018448,5.38560205313372,2.6833711284920834,-32.466083985697914,3.3589852430810603,-6.371903733863315,3.5649561171237925,-6.726783742331228,3.541761589507223,-2.227527269064848,3.4263980669023253,-16.100137040433005,3.0751554016972107,-9.930770870219451,3.0701411874214872,,,,,,,,,,,,,,,1,44100,16,10698.28969291709,0.02331065759637188,0.5544191123677279,112.89958896102304,NA,NA,1.800528,0.5544191123677279,0.539979,19.127335529422272,41,0.3223670813805185,0.8184671097201034,0.8778689047232038,0.0744649112560291,1.1449610029595592,0.5567854297062177,0.9957500372455178
Soprano2_Eh_13,499.711613051388,Soprano2,Eh,13,Soprano2_Eh_13.wav,Vocals/Soprano2/Eh/Soprano2_Eh_13.wav,Soprano2_Eh_13.wav,89.75771798125908,3.4199500402559604,-0.7432825877053674,0.7975053421317989,-3.640391065692478,1.567393602289625,5.633455372291013,2.032537900516417,0.641524120344594,3.5940228159106615,0.5293808860232762,2.4212005463156685,-32.99861141378509,2.4109242573702008,-1.3986591961833093,3.316463456901913,-6.309125626281793,4.402562999715143,-5.627802947043017,3.43194216143573,-19.20452509491519,2.7636433021522495,-14.27330475226343,3.4467181594563976,,,,,,,,,,,,,,,1,44100,16,10776.188001575252,0.023197278911564624,0.5490905890869194,153.42921200123584,NA,NA,1.898238,0.5490905890869194,0.47732,17.623130658357073,46,0.32426501118859835,0.21350477170982748,0.4056684682246607,0.45953461594595296,1.086856889055534,0.5506218967928901,0.9972189487652239
Soprano2_Eh_14,529.834421356148,Soprano2,Eh,14,Soprano2_Eh_14.wav,Vocals/Soprano2/Eh/Soprano2_Eh_14.wav,Soprano2_Eh_14.wav,91.69052507090657,3.918648279094375,0.4786884252360913,1.011807752088637,-8.3894775712009,1.8595924883661719,4.801752175881529,1.99946081527957,-5.01166738255706,2.630286195512162,5.838223918729809,2.656692127705302,-30.981543265404305,2.1993293131577047,3.9940469384281894,2.0554499568253153,-12.07318731825369,1.7340581021676005,-2.9026937784420555,2.1112359672899568,-21.945493236700415,2.3338042804052934,-10.864683794996226,3.240118865941572,,,,,,,,,,,,,,,1,44100,16,12141.304283649526,0.025600907029478457,0.5520419691643421,156.62959798271356,NA,NA,1.999418,0.5520419691643421,0.426517,17.676490432097037,42,0.3649156440263396,-0.14363510402713778,-0.12332081086964965,0.8749541551781369,0.6828450891904725,0.5549818871101205,0.9947026776655954
Soprano2_Eh_15,561.46919464458006,Soprano2,Eh,15,Soprano2_Eh_15.wav,Vocals/Soprano2/Eh/Soprano2_Eh_15.wav,Soprano2_Eh_15.wav,91.60750987641136,4.240782282510822,-0.4736866051701495,0.9507086987986658,-8.279268918911113,1.8409016296397929,5.097206610449194,1.9338339356326983,-3.9960748210959482,2.1436771846285,-0.12404906693222516,2.573187663533213,-32.94853846498912,2.1552352749987636,3.4165849270085507,1.7049803282722522,-13.642701079887425,1.897534502762144,-5.535772660177385,2.297518957868456,-20.80861511963336,1.5828485120358164,-7.661938524044657,2.8282334451342237,,,,,,,,,,,,,,,1,44100,16,12240.351563450502,0.026077097505668934,0.5579701156033219,112.0420329151769,NA,NA,1.966846,0.5579701156033219,0.448357,17.376482155585247,42,0.3659246595559782,-0.14973489457090042,-0.13455871087325008,0.8776287595966685,0.6694551439259142,0.56094467662008,0.9946972292621065
Soprano2_Eh_16,595.492487916486,Soprano2,Eh,16,Soprano2_Eh_16.wav,Vocals/Soprano2/Eh/Soprano2_Eh_16.wav,Soprano2_Eh_16.wav,92.55480462651141,5.919435836744964,2.110189818075681,1.639472539304899,-8.536558346687578,2.0683921971433046,2.178959740187076,2.6104622541065647,-12.173944702364553,3.789892680734097,7.964108266723517,3.5011172817906373,-29.415523106028544,2.872662632047537,0.8096595255703971,2.876218585930707,-18.104403120863527,3.1862080264903443,-9.346339279859325,3.469007833569566,-19.052773255379957,2.8999562917021375,-0.5605540007523829,2.8969294325739723,,,,,,,,,,,,,,,1,44100,16,15196.733079750242,0.027505668934240363,0.5218194003430342,144.43156118552722,NA,NA,2.082799,0.5218194003430342,0.351034,19.933296063222436,43,0.4770845975885243,-0.5953839173364379,-0.5670022327196625,0.9827213966812206,0.2715479032107469,0.5253636609611154,0.9932537004717888
Soprano2_Eh_17,630.346681221652,Soprano2,Eh,17,Soprano2_Eh_17.wav,Vocals/Soprano2/Eh/Soprano2_Eh_17.wav,Soprano2_Eh_17.wav,92.91276937870626,5.915818271210252,0.3284227961133631,0.9290880401505403,-8.225486328977997,1.7955919015283996,2.642969043674812,1.961535856845745,-7.956398737413952,2.4448263330597233,3.6180382421927213,1.904943085099914,-30.237640322045255,2.404789449745028,-0.010942562454809766,2.1009627686067716,-17.013946460000607,2.152439821714626,-7.581716190122824,2.364254769994757,-13.47961443567265,2.539499892327874,4.0737839761370775,2.248465504562194,,,,,,,,,,,,,,,1,44100,16,15174.893587069128,0.029070294784580498,0.5353015007411608,145.5491958848375,NA,NA,2.134283,0.5353015007411608,0.31585,20.23478342461841,41,0.4754287599836229,-0.5973641354052955,-0.5730463420262545,0.9840361381712734,0.26708547456357845,0.5388261122738707,0.9934587217426493
Soprano2_Eh_18,663.115562886072,Soprano2,Eh,18,Soprano2_Eh_18.wav,Vocals/Soprano2/Eh/Soprano2_Eh_18.wav,Soprano2_Eh_18.wav,93.7021132171866,4.770924100237802,2.6235354510419393,1.1991433350292782,-12.204980012731147,2.607128932238005,-6.767569300687699,3.3789269481296578,-5.7927961698202415,2.2148326375822927,6.148247527746804,2.4945319451360746,-25.794456120306528,5.092009067551198,-9.483199152894885,5.6980774162722145,-9.42503990226598,4.5484220392367645,-12.833084553762394,3.0319977554216764,-1.1151190264916733,2.0059419540366097,12.23072940343762,2.8741331289094734,,,,,,,,,,,,,,,1,44100,16,14804.26395912423,0.03183673469387755,0.5307627220336463,144.83108235671645,NA,NA,1.940757,0.5307627220336463,0.45262,17.678565429492107,39,0.43264532003371836,0.03943161910766113,-0.21808412716965483,0.856283028606709,0.5496675285134658,0.5348196286940191,0.9924144394806911
Soprano2_Eh_19,702.580866483774,Soprano2,Eh,19,Soprano2_Eh_19.wav,Vocals/Soprano2/Eh/Soprano2_Eh_19.wav,Soprano2_Eh_19.wav,93.1957190960539,4.562808615812291,1.7681560706886827,1.221078554516115,-12.620554184305488,2.668116289481061,-2.99202224143446,2.116528440724179,-4.707083087642005,2.137600218782107,2.184246785893258,2.6342467639463583,-28.32168257566782,3.7148441301085513,-5.665403625263199,4.359520273128832,-11.817603055466288,4.4408446096162715,-11.611623392044955,4.661299561655489,5.740219731639799,2.6187110837235203,16.189645238093743,2.1462681690118326,,,,,,,,,,,,,,,1,44100,16,14801.101686843509,0.03417233560090703,0.5263975944918814,151.05285272687948,NA,NA,1.945267,0.5263975944918814,0.442122,17.84681372636099,36,0.4302658097353165,0.12444356591310979,0.1257317544329908,0.6289473849131607,0.8098498906421354,0.5308762669778191,0.991563622703584
Soprano2_Eh_20,739.476447182694,Soprano2,Eh,20,Soprano2_Eh_20.wav,Vocals/Soprano2/Eh/Soprano2_Eh_20.wav,Soprano2_Eh_20.wav,88.67017408320191,3.8775857546720647,1.477916275243887,1.2098992515345675,-6.869766718538131,2.201229010727558,-8.48082120096846,2.8334142475962922,-11.472889497600955,3.114657984739365,4.379860186240442,2.796729736249635,-21.8705734683468,3.801876457262862,-5.486500955879863,3.9156310981625793,-9.55396183112513,3.3921491468874536,-6.752882235020737,3.657735348500418,6.930674805999665,3.615710648963175,30.101524706976758,3.203360041906526,,,,,,,,,,,,,,,1,44100,16,12912.583091062168,0.03346938775510204,0.4823707235752531,128.5373294391132,NA,NA,1.965466,0.4823707235752531,0.426017,12.978881843491783,33,0.3722849521438738,-0.8437452708190301,-0.8386020004626932,0.9973382944470685,0.08754934757233913,0.4854500227909831,0.9936568151793953
Soprano2_Eh_21,783.307931178026,Soprano2,Eh,21,Soprano2_Eh_21.wav,Vocals/Soprano2/Eh/Soprano2_Eh_21.wav,Soprano2_Eh_21.wav,88.49452216045734,3.967382854173727,1.6418251190184918,1.4183864086420512,-8.11545571687666,2.2512635676614985,-7.2649908221847594,2.4116951092432917,-12.78775505406145,2.662122076434816,2.938379405280268,2.9266848912310053,-26.048446760287806,2.9661931989810957,-3.337235628191951,3.0310791632636307,-10.415822972086072,3.4518385644023954,2.1097472347054844,3.5056516487992555,16.214790149975123,3.224523965795638,32.78743269153512,4.184720726292321,,,,,,,,,,,,,,,1,44100,16,12961.545186836884,0.0354875283446712,0.4669521882358274,146.83260960907003,NA,NA,1.931602,0.4669521882358274,0.439301,12.034684977110057,36,0.3720579167776906,-0.8448619714006177,-0.8398983368180982,0.9976842586465589,0.08681507338930133,0.4700850294304481,0.9933355861206292
Soprano2_Eh_22,830.609,Soprano2,Eh,22,Soprano2_Eh_22.wav,Vocals/Soprano2/Eh/Soprano2_Eh_22.wav,Soprano2_Eh_22.wav,87.19219544850606,4.378035296092574,5.018737854236577,1.4179963813621888,-8.736253411495504,2.2723559979465198,-5.265741661845796,2.2563510947706837,-14.285494047455948,2.8488685301581644,1.146237968638603,2.920130995086861,-24.337566202066014,1.5910970675630616,-2.072001297771332,3.0975114605935974,-4.1224187014258575,3.8670934124862577,13.099700544158457,3.2945331462932463,15.946929755437122,3.4247228352917953,31.81718247322047,2.6234590544742495,,,,,,,,,,,,,,,1,44100,16,17965.42048691365,0.03775510204081633,0.4194823197764828,138.90068247893205,NA,NA,1.724741,0.4194823197764828,0.550551,16.25005385405482,41,0.5284054400077689,-0.8288034087621209,-0.8275661243828697,0.996405948515427,0.09401254329360907,0.42222486909311807,0.9935045291800886
Soprano2_Eh_23,880,Soprano2,Eh,23,Soprano2_Eh_23.wav,Vocals/Soprano2/Eh/Soprano2_Eh_23.wav,Soprano2_Eh_23.wav,88.39770444884854,4.830192231579118,4.674646459420418,1.249516914436734,-10.178829648382791,2.159253416547042,-8.324503337137761,2.6955120719195587,-12.4528856396433,2.9313462466178435,0.7672197825671939,2.8505148189113627,-23.1437267035038,1.7258280478296855,-1.5634187806420334,3.326814937183327,1.8702850783076603,3.0815775164289967,17.89013942455595,2.5974142512549334,19.78492194827505,3.626019845720335,24.43343509093281,3.1268347966337826,,,,,,,,,,,,,,,1,44100,16,18252.28721821123,0.039909297052154194,0.4151635290975001,150.09802563300553,NA,NA,1.729485,0.4151635290975001,0.560196,15.587553171694589,36,0.535696249374987,-0.8308389798961878,-0.830063475043555,0.9964945197545767,0.09253275535768178,0.4177830326858973,0.9937299904891862
Soprano2_Eh_24,932.328,Soprano2,Eh,24,Soprano2_Eh_24.wav,Vocals/Soprano2/Eh/Soprano2_Eh_24.wav,Soprano2_Eh_24.wav,88.2178139255058,4.149094801294864,2.605905168956375,2.109198332266669,-9.99096800068063,1.958013493077116,-9.884102159027112,2.7977026044273523,-13.523954727802073,2.3847583286244367,2.2976795442153968,3.168551684811045,-16.6749584886032,2.444544716198578,1.570945900770889,4.385785735174178,11.338650330681432,3.617373500189398,15.776509118486654,2.7889658887221125,20.61206669036424,2.9553643062593316,2.8795157538653817,4.0028563127314705,,,,,,,,,,,,,,,1,44100,16,16928.54562736477,0.04346938775510204,0.41725658838534424,157.4151058306545,NA,NA,1.791237,0.41725658838534424,0.539429,13.6136526048041,33,0.4639835576201187,-0.9722052268277422,-0.9657606255631236,0.9998920622093044,0.017415995757183014,0.4207506279593224,0.9916956996810092
Soprano2_Eh_25,987.767,Soprano2,Eh,25,Soprano2_Eh_25.wav,Vocals/Soprano2/Eh/Soprano2_Eh_25.wav,Soprano2_Eh_25.wav,88.25546449440039,3.6389201274146674,2.6674259974955175,2.3192089836276018,-11.935139263613733,2.675908369940113,-9.862076496389644,3.637756315379349,-13.350520154688773,2.3015054431014272,3.248678628170252,3.533991927576136,-18.217103712240565,2.423302446486651,6.384056363793161,4.280466746867101,12.181311404816087,3.669125828583565,19.5751259797606,2.689803834973974,16.329206758098234,3.617651838318035,-8.628962409794374,3.956137954354,,,,,,,,,,,,,,,1,44100,16,17175.751293943427,0.04598639455782313,0.4340248454777584,132.9411314137226,NA,NA,1.943622,0.4340248454777584,0.455684,12.666081049259185,35,0.4707883253548235,-0.691297910589341,-0.6671178842112933,0.9814702411696895,0.19597527778834037,0.4378570161468407,0.9912478947972433
Soprano2_Eh_26,1046.5,Soprano2,Eh,26,Soprano2_Eh_26.wav,Vocals/Soprano2/Eh/Soprano2_Eh_26.wav,Soprano2_Eh_26.wav,90.89906311337745,4.288659928717085,2.666016453919846,1.3189079717139762,-12.17944190634141,1.804354024969904,-9.282083220404385,2.4572960522430054,-13.423680660601892,1.8095066747667996,0.28637358070185664,2.523001337824105,-10.447304199498838,2.1384389846359193,11.540128087287004,2.458457285186737,18.35755994749492,3.2681607015838456,13.83725970207095,3.765972403139616,-4.568382489720499,3.533327481181875,-14.191834951833638,2.994443566059959,,,,,,,,,,,,,,,1,44100,16,22152.98291225237,0.04834467120181406,0.4128610265612188,136.53580380618445,NA,NA,1.721174,0.4128610265612188,0.567989,17.392141010045187,42,0.6931311602666217,-0.93034054038706,-0.930247517447445,0.999486215875141,0.03611798186718719,0.41509604909632175,0.994615649703319
Soprano2_Eh_27,1108.73,Soprano2,Eh,27,Soprano2_Eh_27.wav,Vocals/Soprano2/Eh/Soprano2_Eh_27.wav,Soprano2_Eh_27.wav,90.75863142058859,4.514613524517824,1.9334261613544634,1.1325565424244008,-13.206493675893729,1.6306014414912144,-6.220148980008287,2.7328435383045835,-11.576012303012796,1.9324184530116135,0.736549609943324,1.833600898016683,-8.490470423322718,2.740475411818684,15.399723455384574,1.6342177342556958,16.938897534436546,3.3420472409512256,7.157455269462125,2.539401081352048,-12.769420899471958,3.1792845391708235,-17.69172806186233,3.2174794514814966,,,,,,,,,,,,,,,1,44100,16,22540.374193101976,0.051179138321995464,0.39600372707395004,135.17431167012597,NA,NA,1.661857,0.39600372707395004,0.592147,18.960557938609615,39,0.7064644066767012,-0.9312956191499675,-0.9312259635277864,0.9995021824714876,0.03559386671965802,0.39808461225850106,0.9947727565435266
Soprano2_Eh_28,1174.66,Soprano2,Eh,28,Soprano2_Eh_28.wav,Vocals/Soprano2/Eh/Soprano2_Eh_28.wav,Soprano2_Eh_28.wav,91.92198126824168,4.674835465565353,2.249247020393127,1.0921082336176133,-13.824153902766758,1.3809742900103263,-8.94476998361384,2.124896606395262,-9.724878149469486,1.8495497773166378,1.885135944784049,1.6442201817388578,-5.494700808142804,2.270618256983027,20.517141145062563,1.9970552377122472,15.192549299467714,2.6818921236124433,-1.8656804515097267,2.8303937836209365,-17.432659147120066,4.382195295809461,-20.242410331596943,2.5000181421516485,,,,,,,,,,,,,,,1,44100,16,22945.5003282346,0.05419501133786848,0.3986572579831144,152.90632316985824,NA,NA,1.637716,0.3986572579831144,0.602051,19.618744794609295,39,0.7193831400335442,-0.9320868412418488,-0.9319903087094967,0.9995152455868255,0.035184815879287526,0.4007405234818209,0.9948014603549297
Soprano2_Ih_1,247.3871278647384,Soprano2,Ih,1,Soprano2_Ih_1.wav,Vocals/Soprano2/Ih/Soprano2_Ih_1.wav,NA,NA,NA,NA,NA,NA,NA,NA,NA,NA,NA,NA,NA,NA,NA,NA,NA,NA,NA,NA,NA,NA,NA,NA,NA,,,,,,,,,,,,,,,NA,NA,NA,NA,NA,NA,NA,NA,NA,NA,NA,NA,NA,NA,NA,NA,NA,NA,NA,NA,NA
Soprano2_Ih_2,262.15327704855696,Soprano2,Ih,2,Soprano2_Ih_2.wav,Vocals/Soprano2/Ih/Soprano2_Ih_2.wav,NA,NA,NA,NA,NA,NA,NA,NA,NA,NA,NA,NA,NA,NA,NA,NA,NA,NA,NA,NA,NA,NA,NA,NA,NA,,,,,,,,,,,,,,,NA,NA,NA,NA,NA,NA,NA,NA,NA,NA,NA,NA,NA,NA,NA,NA,NA,NA,NA,NA,NA
Soprano2_Ih_3,277.81543781595053,Soprano2,Ih,3,Soprano2_Ih_3.wav,Vocals/Soprano2/Ih/Soprano2_Ih_3.wav,NA,NA,NA,NA,NA,NA,NA,NA,NA,NA,NA,NA,NA,NA,NA,NA,NA,NA,NA,NA,NA,NA,NA,NA,NA,,,,,,,,,,,,,,,NA,NA,NA,NA,NA,NA,NA,NA,NA,NA,NA,NA,NA,NA,NA,NA,NA,NA,NA,NA,NA
Soprano2_Ih_4,294.2381327548241,Soprano2,Ih,4,Soprano2_Ih_4.wav,Vocals/Soprano2/Ih/Soprano2_Ih_4.wav,NA,NA,NA,NA,NA,NA,NA,NA,NA,NA,NA,NA,NA,NA,NA,NA,NA,NA,NA,NA,NA,NA,NA,NA,NA,,,,,,,,,,,,,,,NA,NA,NA,NA,NA,NA,NA,NA,NA,NA,NA,NA,NA,NA,NA,NA,NA,NA,NA,NA,NA
Soprano2_Ih_5,311.8017367247352,Soprano2,Ih,5,Soprano2_Ih_5.wav,Vocals/Soprano2/Ih/Soprano2_Ih_5.wav,NA,NA,NA,NA,NA,NA,NA,NA,NA,NA,NA,NA,NA,NA,NA,NA,NA,NA,NA,NA,NA,NA,NA,NA,NA,,,,,,,,,,,,,,,NA,NA,NA,NA,NA,NA,NA,NA,NA,NA,NA,NA,NA,NA,NA,NA,NA,NA,NA,NA,NA
Soprano2_Ih_6,330.9981931341734,Soprano2,Ih,6,Soprano2_Ih_6.wav,Vocals/Soprano2/Ih/Soprano2_Ih_6.wav,NA,NA,NA,NA,NA,NA,NA,NA,NA,NA,NA,NA,NA,NA,NA,NA,NA,NA,NA,NA,NA,NA,NA,NA,NA,,,,,,,,,,,,,,,NA,NA,NA,NA,NA,NA,NA,NA,NA,NA,NA,NA,NA,NA,NA,NA,NA,NA,NA,NA,NA
Soprano2_Ih_7,350.4020757762427,Soprano2,Ih,7,Soprano2_Ih_7.wav,Vocals/Soprano2/Ih/Soprano2_Ih_7.wav,NA,NA,NA,NA,NA,NA,NA,NA,NA,NA,NA,NA,NA,NA,NA,NA,NA,NA,NA,NA,NA,NA,NA,NA,NA,,,,,,,,,,,,,,,NA,NA,NA,NA,NA,NA,NA,NA,NA,NA,NA,NA,NA,NA,NA,NA,NA,NA,NA,NA,NA
Soprano2_Ih_8,370.1868668932673,Soprano2,Ih,8,Soprano2_Ih_8.wav,Vocals/Soprano2/Ih/Soprano2_Ih_8.wav,NA,NA,NA,NA,NA,NA,NA,NA,NA,NA,NA,NA,NA,NA,NA,NA,NA,NA,NA,NA,NA,NA,NA,NA,NA,,,,,,,,,,,,,,,NA,NA,NA,NA,NA,NA,NA,NA,NA,NA,NA,NA,NA,NA,NA,NA,NA,NA,NA,NA,NA
Soprano2_Ih_9,392.404566603265,Soprano2,Ih,9,Soprano2_Ih_9.wav,Vocals/Soprano2/Ih/Soprano2_Ih_9.wav,NA,NA,NA,NA,NA,NA,NA,NA,NA,NA,NA,NA,NA,NA,NA,NA,NA,NA,NA,NA,NA,NA,NA,NA,NA,,,,,,,,,,,,,,,NA,NA,NA,NA,NA,NA,NA,NA,NA,NA,NA,NA,NA,NA,NA,NA,NA,NA,NA,NA,NA
Soprano2_Ih_10,415.305,Soprano2,Ih,10,Soprano2_Ih_10.wav,Vocals/Soprano2/Ih/Soprano2_Ih_10.wav,NA,NA,NA,NA,NA,NA,NA,NA,NA,NA,NA,NA,NA,NA,NA,NA,NA,NA,NA,NA,NA,NA,NA,NA,NA,,,,,,,,,,,,,,,NA,NA,NA,NA,NA,NA,NA,NA,NA,NA,NA,NA,NA,NA,NA,NA,NA,NA,NA,NA,NA
Soprano2_Ih_11,437.752078332524,Soprano2,Ih,11,Soprano2_Ih_11.wav,Vocals/Soprano2/Ih/Soprano2_Ih_11.wav,NA,NA,NA,NA,NA,NA,NA,NA,NA,NA,NA,NA,NA,NA,NA,NA,NA,NA,NA,NA,NA,NA,NA,NA,NA,,,,,,,,,,,,,,,NA,NA,NA,NA,NA,NA,NA,NA,NA,NA,NA,NA,NA,NA,NA,NA,NA,NA,NA,NA,NA
Soprano2_Ih_12,465.984177197936,Soprano2,Ih,12,Soprano2_Ih_12.wav,Vocals/Soprano2/Ih/Soprano2_Ih_12.wav,NA,NA,NA,NA,NA,NA,NA,NA,NA,NA,NA,NA,NA,NA,NA,NA,NA,NA,NA,NA,NA,NA,NA,NA,NA,,,,,,,,,,,,,,,NA,NA,NA,NA,NA,NA,NA,NA,NA,NA,NA,NA,NA,NA,NA,NA,NA,NA,NA,NA,NA
Soprano2_Ih_13,493.630054237818,Soprano2,Ih,13,Soprano2_Ih_13.wav,Vocals/Soprano2/Ih/Soprano2_Ih_13.wav,NA,NA,NA,NA,NA,NA,NA,NA,NA,NA,NA,NA,NA,NA,NA,NA,NA,NA,NA,NA,NA,NA,NA,NA,NA,,,,,,,,,,,,,,,NA,NA,NA,NA,NA,NA,NA,NA,NA,NA,NA,NA,NA,NA,NA,NA,NA,NA,NA,NA,NA
Soprano2_Ih_14,523.288484141934,Soprano2,Ih,14,Soprano2_Ih_14.wav,Vocals/Soprano2/Ih/Soprano2_Ih_14.wav,NA,NA,NA,NA,NA,NA,NA,NA,NA,NA,NA,NA,NA,NA,NA,NA,NA,NA,NA,NA,NA,NA,NA,NA,NA,,,,,,,,,,,,,,,NA,NA,NA,NA,NA,NA,NA,NA,NA,NA,NA,NA,NA,NA,NA,NA,NA,NA,NA,NA,NA
Soprano2_Ih_15,554.155098242306,Soprano2,Ih,15,Soprano2_Ih_15.wav,Vocals/Soprano2/Ih/Soprano2_Ih_15.wav,NA,NA,NA,NA,NA,NA,NA,NA,NA,NA,NA,NA,NA,NA,NA,NA,NA,NA,NA,NA,NA,NA,NA,NA,NA,,,,,,,,,,,,,,,NA,NA,NA,NA,NA,NA,NA,NA,NA,NA,NA,NA,NA,NA,NA,NA,NA,NA,NA,NA,NA
Soprano2_Ih_16,584.965398751482,Soprano2,Ih,16,Soprano2_Ih_16.wav,Vocals/Soprano2/Ih/Soprano2_Ih_16.wav,NA,NA,NA,NA,NA,NA,NA,NA,NA,NA,NA,NA,NA,NA,NA,NA,NA,NA,NA,NA,NA,NA,NA,NA,NA,,,,,,,,,,,,,,,NA,NA,NA,NA,NA,NA,NA,NA,NA,NA,NA,NA,NA,NA,NA,NA,NA,NA,NA,NA,NA
Soprano2_Ih_17,620.010209320636,Soprano2,Ih,17,Soprano2_Ih_17.wav,Vocals/Soprano2/Ih/Soprano2_Ih_17.wav,NA,NA,NA,NA,NA,NA,NA,NA,NA,NA,NA,NA,NA,NA,NA,NA,NA,NA,NA,NA,NA,NA,NA,NA,NA,,,,,,,,,,,,,,,NA,NA,NA,NA,NA,NA,NA,NA,NA,NA,NA,NA,NA,NA,NA,NA,NA,NA,NA,NA,NA
Soprano2_Ih_18,654.682214508344,Soprano2,Ih,18,Soprano2_Ih_18.wav,Vocals/Soprano2/Ih/Soprano2_Ih_18.wav,NA,NA,NA,NA,NA,NA,NA,NA,NA,NA,NA,NA,NA,NA,NA,NA,NA,NA,NA,NA,NA,NA,NA,NA,NA,,,,,,,,,,,,,,,NA,NA,NA,NA,NA,NA,NA,NA,NA,NA,NA,NA,NA,NA,NA,NA,NA,NA,NA,NA,NA
Soprano2_Ih_19,693.930741567362,Soprano2,Ih,19,Soprano2_Ih_19.wav,Vocals/Soprano2/Ih/Soprano2_Ih_19.wav,NA,NA,NA,NA,NA,NA,NA,NA,NA,NA,NA,NA,NA,NA,NA,NA,NA,NA,NA,NA,NA,NA,NA,NA,NA,,,,,,,,,,,,,,,NA,NA,NA,NA,NA,NA,NA,NA,NA,NA,NA,NA,NA,NA,NA,NA,NA,NA,NA,NA,NA
Soprano2_Ih_20,744.378310273702,Soprano2,Ih,20,Soprano2_Ih_20.wav,Vocals/Soprano2/Ih/Soprano2_Ih_20.wav,NA,NA,NA,NA,NA,NA,NA,NA,NA,NA,NA,NA,NA,NA,NA,NA,NA,NA,NA,NA,NA,NA,NA,NA,NA,,,,,,,,,,,,,,,NA,NA,NA,NA,NA,NA,NA,NA,NA,NA,NA,NA,NA,NA,NA,NA,NA,NA,NA,NA,NA
Soprano2_Ih_21,788.310621986682,Soprano2,Ih,21,Soprano2_Ih_21.wav,Vocals/Soprano2/Ih/Soprano2_Ih_21.wav,NA,NA,NA,NA,NA,NA,NA,NA,NA,NA,NA,NA,NA,NA,NA,NA,NA,NA,NA,NA,NA,NA,NA,NA,NA,,,,,,,,,,,,,,,NA,NA,NA,NA,NA,NA,NA,NA,NA,NA,NA,NA,NA,NA,NA,NA,NA,NA,NA,NA,NA
Soprano2_Ih_22,830.609,Soprano2,Ih,22,Soprano2_Ih_22.wav,Vocals/Soprano2/Ih/Soprano2_Ih_22.wav,NA,NA,NA,NA,NA,NA,NA,NA,NA,NA,NA,NA,NA,NA,NA,NA,NA,NA,NA,NA,NA,NA,NA,NA,NA,,,,,,,,,,,,,,,NA,NA,NA,NA,NA,NA,NA,NA,NA,NA,NA,NA,NA,NA,NA,NA,NA,NA,NA,NA,NA
Soprano2_Ih_23,880,Soprano2,Ih,23,Soprano2_Ih_23.wav,Vocals/Soprano2/Ih/Soprano2_Ih_23.wav,NA,NA,NA,NA,NA,NA,NA,NA,NA,NA,NA,NA,NA,NA,NA,NA,NA,NA,NA,NA,NA,NA,NA,NA,NA,,,,,,,,,,,,,,,NA,NA,NA,NA,NA,NA,NA,NA,NA,NA,NA,NA,NA,NA,NA,NA,NA,NA,NA,NA,NA
Soprano2_Ih_24,932.328,Soprano2,Ih,24,Soprano2_Ih_24.wav,Vocals/Soprano2/Ih/Soprano2_Ih_24.wav,NA,NA,NA,NA,NA,NA,NA,NA,NA,NA,NA,NA,NA,NA,NA,NA,NA,NA,NA,NA,NA,NA,NA,NA,NA,,,,,,,,,,,,,,,NA,NA,NA,NA,NA,NA,NA,NA,NA,NA,NA,NA,NA,NA,NA,NA,NA,NA,NA,NA,NA
Soprano2_Ih_25,987.767,Soprano2,Ih,25,Soprano2_Ih_25.wav,Vocals/Soprano2/Ih/Soprano2_Ih_25.wav,NA,NA,NA,NA,NA,NA,NA,NA,NA,NA,NA,NA,NA,NA,NA,NA,NA,NA,NA,NA,NA,NA,NA,NA,NA,,,,,,,,,,,,,,,NA,NA,NA,NA,NA,NA,NA,NA,NA,NA,NA,NA,NA,NA,NA,NA,NA,NA,NA,NA,NA
Soprano2_Ih_26,1046.5,Soprano2,Ih,26,Soprano2_Ih_26.wav,Vocals/Soprano2/Ih/Soprano2_Ih_26.wav,NA,NA,NA,NA,NA,NA,NA,NA,NA,NA,NA,NA,NA,NA,NA,NA,NA,NA,NA,NA,NA,NA,NA,NA,NA,,,,,,,,,,,,,,,NA,NA,NA,NA,NA,NA,NA,NA,NA,NA,NA,NA,NA,NA,NA,NA,NA,NA,NA,NA,NA
Soprano2_Ih_27,1108.73,Soprano2,Ih,27,Soprano2_Ih_27.wav,Vocals/Soprano2/Ih/Soprano2_Ih_27.wav,NA,NA,NA,NA,NA,NA,NA,NA,NA,NA,NA,NA,NA,NA,NA,NA,NA,NA,NA,NA,NA,NA,NA,NA,NA,,,,,,,,,,,,,,,NA,NA,NA,NA,NA,NA,NA,NA,NA,NA,NA,NA,NA,NA,NA,NA,NA,NA,NA,NA,NA
Soprano2_Ih_28,1174.66,Soprano2,Ih,28,Soprano2_Ih_28.wav,Vocals/Soprano2/Ih/Soprano2_Ih_28.wav,NA,NA,NA,NA,NA,NA,NA,NA,NA,NA,NA,NA,NA,NA,NA,NA,NA,NA,NA,NA,NA,NA,NA,NA,NA,,,,,,,,,,,,,,,NA,NA,NA,NA,NA,NA,NA,NA,NA,NA,NA,NA,NA,NA,NA,NA,NA,NA,NA,NA,NA
Tenor_Doo_1,110.68783180991508,Tenor,Doo,1,Tenor_Doo_1.wav,Vocals/Tenor/Doo/Tenor_Doo_1.wav,Tenor_Doo_1.wav,77.39958433919615,5.525102513804217,21.483182437139284,3.0229554061063415,-1.717366929405546,4.13576990215412,9.777901293836985,2.4523109095204085,-5.329844843485561,3.0835041937557266,20.545588350522713,3.722946596273082,-6.543609188985525,2.5423410875711054,5.384985185739663,2.5425478908862975,16.685649201373177,6.755604949354014,1.0647672249585916,3.6242499773809094,-10.732693572208179,3.028372093710911,3.7562011297284,3.291462330095097,,,,,,,,,,,,,,,1,44100,16,13831.78537034263,0.012993197278911565,0.43391807798399157,171.8803949718257,NA,NA,1.118214,0.43391807798399157,0.754324,14.126894062693252,39,0.31702009635111805,-0.8774570745887443,-0.8369401873706753,0.9975232862521984,0.0885472272140178,0.4423601132112188,0.9809159212706948
Tenor_Doo_2,117.20012826892122,Tenor,Doo,2,Tenor_Doo_2.wav,Vocals/Tenor/Doo/Tenor_Doo_2.wav,Tenor_Doo_2.wav,78.12194101065333,5.456005514135615,20.539554445201368,2.3402297088338933,-1.5440547241149185,3.7751720097860026,9.678054243070816,2.4368198785333735,-3.2203536389977376,3.3578076244682022,21.071812663798607,3.3761300965265906,-9.658909170475127,2.3782826286280443,9.789678400960177,2.1030835744638168,15.494560837330702,7.872459979166882,-2.942414959846767,3.953691194218956,-7.8566936125313935,3.31620215484009,6.530811451383638,3.9093913980422914,,,,,,,,,,,,,,,1,44100,16,14619.157255415397,0.012403628117913831,0.42660430564480156,176.37602985888984,NA,NA,1.153261,0.42660430564480156,0.746992,15.157192397609792,42,0.339188944998596,-0.7834674840046983,-0.7886370995002024,0.9961308153809834,0.11771258601031223,0.4340057892354492,0.982946117830165
Tenor_Doo_3,124.08086645953192,Tenor,Doo,3,Tenor_Doo_3.wav,Vocals/Tenor/Doo/Tenor_Doo_3.wav,Tenor_Doo_3.wav,79.46535050238023,5.264759661111969,21.03737398425978,2.371569756720585,-1.064281473686936,4.0452879323619175,9.803772978896603,1.8090855404056139,-2.3702458653847613,2.9722738527346313,19.8062455178922,3.3655510661986434,-12.15326635479496,2.7088740030675664,12.944196245490312,2.863442028568348,9.83019340593399,6.562467920028199,-9.482512674259272,3.773436269875584,-8.239291764411865,2.2939416991418358,3.3991444688783776,3.7243113419486296,,,,,,,,,,,,,,,1,44100,16,14272.681857621132,0.01253968253968254,0.4421165395683868,155.77512556011123,NA,NA,1.250771,0.4421165395683868,0.717167,15.864929211515582,45,0.3114113218838517,-0.7042234100222351,-0.6954718698649799,0.9919533207142773,0.17816732633989316,0.4508341608744899,0.9806633523750875
Tenor_Doo_4,132.3453694569341,Tenor,Doo,4,Tenor_Doo_4.wav,Vocals/Tenor/Doo/Tenor_Doo_4.wav,Tenor_Doo_4.wav,80.01460793679317,6.059236352799066,19.013031386620224,1.5803764027839224,-2.7228779772421916,4.8757174503224645,9.53578101179654,1.7890188725568168,-7.193615414440013,5.367879526834346,24.002282942609174,3.133760884304359,-7.898336321143957,3.356057446849239,10.1794632974784,1.8700631684302724,8.553378365254247,5.550949243906954,-5.4003214954405,4.183657191801989,-11.876010854086575,4.847456304643796,9.351679782040915,4.058664920641063,,,,,,,,,,,,,,,1,44100,16,11186.783622484547,0.01419501133786848,0.47098744907102075,116.55045433691039,NA,NA,1.320332,0.47098744907102075,0.688332,16.698810523374856,45,0.24495143963985658,-0.630568792332821,-0.657642560457233,0.9889461102472928,0.2042497376857001,0.47918401114491166,0.9828947504857124
Tenor_Doo_5,140.06934534146777,Tenor,Doo,5,Tenor_Doo_5.wav,Vocals/Tenor/Doo/Tenor_Doo_5.wav,Tenor_Doo_5.wav,81.24461385430774,5.865104698171209,18.67729389634584,1.7805508931371359,-2.1628399953155353,5.10638538199451,8.5292039804975,1.6152169486963275,-4.450941442643016,4.479344410245089,24.67728127720464,3.3395844743413123,-8.720786311707199,2.7244450393379394,11.687487402675751,2.3812474880325616,1.8445930338230565,3.835017549510193,-12.204683748316414,3.904931968708681,-10.807942179034482,4.235091059811656,6.75547255287249,5.700744674373538,,,,,,,,,,,,,,,1,44100,16,11758.412950255948,0.017346938775510204,0.46626638134293447,143.19496284748038,NA,NA,1.370794,0.46626638134293447,0.672326,16.660533479629848,39,0.24612030719637684,-0.6163013178926446,-0.626229173353211,0.988116418262003,0.22710765280118128,0.4801872480055577,0.9710095036458317
Tenor_Doo_6,147.84803775600173,Tenor,Doo,6,Tenor_Doo_6.wav,Vocals/Tenor/Doo/Tenor_Doo_6.wav,Tenor_Doo_6.wav,88.20689300363719,5.387882838042126,14.932273482647604,1.2659364889447036,-5.755298621479016,2.428733125110199,17.287447005889646,3.721213181107291,-8.360389276609244,2.868711095710062,19.129366529472758,3.2088434427222494,-13.464309686042474,2.9431957504077695,4.790414041958461,3.4912270355308266,9.482941803147662,3.7637587154180565,4.250638147258262,5.4823906389078,-18.587962580311046,3.6742342224272817,1.699810887576177,3.4215957205490426,,,,,,,,,,,,,,,1,44100,16,11636.445713776297,0.01673469387755102,0.5223674813555748,153.63000325581842,NA,NA,1.792096,0.5223674813555748,0.521288,21.47606969933511,42,0.27725831191887307,-0.42929903586044965,-0.41314552679296157,0.9631831979314304,0.39999303504622996,0.5345697933951954,0.977173584833291
Tenor_Doo_7,156.54639711917747,Tenor,Doo,7,Tenor_Doo_7.wav,Vocals/Tenor/Doo/Tenor_Doo_7.wav,Tenor_Doo_7.wav,88.68532226958942,5.598642916131666,14.781714213599914,1.1327936111969164,-6.226542523580752,2.242216718254986,15.392768233574987,2.5480267213472905,-9.906874957993221,3.5059204148406127,18.29143875781655,3.2438317279595648,-16.41657170475104,2.41758850797597,11.033612897351833,2.597983349830006,8.357321848695543,4.997064087854126,-0.9281616302127597,4.734922375124091,-17.750587375525456,3.8286279703619077,2.3853354463116374,4.386756117669233,,,,,,,,,,,,,,,1,44100,16,9990.933944851746,0.01943310657596372,0.5536924978316509,154.0055003797418,NA,NA,1.902916,0.5536924978316509,0.468438,22.647805205906923,40,0.2563865373811039,-0.5186867977478938,-0.5183773645778991,0.9808145371429167,0.31111006608716113,0.566098140933098,0.9780857024525837
Tenor_Doo_8,164.44627407235637,Tenor,Doo,8,Tenor_Doo_8.wav,Vocals/Tenor/Doo/Tenor_Doo_8.wav,Tenor_Doo_8.wav,90.88730207386207,5.486837250451711,16.13464807472423,1.288377327358599,-9.49331908309189,1.616411913420819,14.130953299496117,3.2512106995687406,-8.813258946583455,4.1449603934883354,16.049277846485854,4.453344425354318,-19.27056964499616,2.945905504854251,4.431061405199573,3.849673701967305,9.350411629138252,4.714292319268809,1.2316934997867173,6.3316382764120975,-13.756917828201608,5.14103109304667,-0.23807547864664183,6.2175341661365104,,,,,,,,,,,,,,,1,44100,16,10081.913559116896,0.027709750566893423,0.5800081292652878,138.88774801272407,NA,NA,1.865662,0.5800081292652878,0.49108,19.49608980630859,43,0.24728413888071676,-0.6299096856041974,-0.48029229658954486,0.9639917351942303,0.3384425710778177,0.5908490854545713,0.9816519032420216
Tenor_Doo_9,174.2362805229332,Tenor,Doo,9,Tenor_Doo_9.wav,Vocals/Tenor/Doo/Tenor_Doo_9.wav,Tenor_Doo_9.wav,90.96523204712442,5.366630688767438,14.875016532203523,1.0959164984783565,-10.238876380508138,1.3439175075476897,13.241252732655886,2.971290619236195,-7.935649868576164,4.499493817102239,16.503130349280507,3.1532921272694097,-18.748058278915913,2.3552317572206865,13.991668298453483,2.499803682241147,11.090432088731754,6.3022536595251575,-0.2696566226585287,7.945745812879489,-11.820084555568068,4.019847983590359,1.4349489188319258,5.27693101440627,,,,,,,,,,,,,,,1,44100,16,8903.330313597344,0.027482993197278913,0.5976233109754926,153.31648506492866,NA,NA,2.017709,0.5976233109754926,0.403788,19.066235739126338,44,0.22227994230876885,-0.7028660913381779,-0.6986691252081029,0.9929184306881395,0.17613611437106697,0.6082949784236912,0.9824564268542004
Tenor_Doo_10,186.15587002669773,Tenor,Doo,10,Tenor_Doo_10.wav,Vocals/Tenor/Doo/Tenor_Doo_10.wav,Tenor_Doo_10.wav,87.61004021298601,5.530278165531483,11.559909158959751,1.36129123091016,-1.9666788001076043,2.1421619053256955,21.864161337375187,3.8422189445333235,-9.840170797762715,2.7365994298672045,18.206414393034812,3.399190637517117,-19.901527928377163,4.233303806513996,-1.9144054815790923,4.906870333289627,7.293045635590441,2.849394316987213,17.074827746619587,5.627614852421879,-11.308733058261508,5.193000754292905,7.803089662909466,3.1507996727394687,,,,,,,,,,,,,,,1,44100,16,11550.787183720842,0.02036281179138322,0.5242490744039402,162.30835130158076,NA,NA,1.950741,0.5242490744039402,0.426511,22.592410082344983,45,0.3329974307519655,0.17539242668843247,0.2987521566587239,0.7011023581029574,1.2984827094599587,0.532724515257938,0.9840903870363578
Tenor_Doo_11,197.22404953559808,Tenor,Doo,11,Tenor_Doo_11.wav,Vocals/Tenor/Doo/Tenor_Doo_11.wav,Tenor_Doo_11.wav,89.30560620201798,5.797571997105281,12.092307962703666,1.2239693576171162,-0.965412582206379,2.0628584230141707,19.98426009582272,3.057092100973815,-10.47408186628519,2.450178164003187,16.273289161521504,3.447980234310537,-20.145734405410725,4.098199586057948,4.216816190829571,3.2296366723986347,12.494647327750304,3.6555139929597393,16.157220215183074,7.752334917886295,-13.084538047918896,3.6416523810556343,6.236914345696191,2.8367530466100526,,,,,,,,,,,,,,,1,44100,16,14747.452613292979,0.016303854875283446,0.5111617145221585,156.39889292523716,NA,NA,1.798361,0.5111617145221585,0.523909,21.17451092025288,48,0.4233580053578653,-0.7150742924970398,-0.5578050779560362,0.9862008617459499,0.27994068022401675,0.5176283082149497,0.9875072642083829
Tenor_Doo_12,208.44706339293697,Tenor,Doo,12,Tenor_Doo_12.wav,Vocals/Tenor/Doo/Tenor_Doo_12.wav,Tenor_Doo_12.wav,90.72917995813164,5.3638067226626225,10.144595796478088,0.8257231730319206,4.1188811109210574e-4,2.212335076671542,22.663590767161452,3.5557034540702976,-10.46310202517206,2.0149990359335153,17.72210616713059,3.4466522562023045,-16.428435877338185,2.6272771604443883,-0.1347457186489669,3.977651189895877,5.8460681701480475,3.0931650252343577,14.476145996996111,4.698946619571717,-20.184869961915535,3.3404085862062014,6.358304394392253,2.6395121645292696,,,,,,,,,,,,,,,1,44100,16,17444.39925495537,0.016303854875283446,0.5014543553216376,128.55079161602853,NA,NA,1.953402,0.5014543553216376,0.418815,22.974593081796787,56,0.5331541205024188,0.31240809208861536,0.3304501136617944,0.7520955801960806,1.4944751251155746,0.5068211209859316,0.9894109273625893
Tenor_Doo_13,220.8741200437087,Tenor,Doo,13,Tenor_Doo_13.wav,Vocals/Tenor/Doo/Tenor_Doo_13.wav,Tenor_Doo_13.wav,90.73369321688288,5.334845903680116,9.711770350017016,0.7845349174301525,0.5689289344508429,2.4470312043690465,21.64860168513476,3.250359492684401,-10.3409514689328,1.9880279535656291,16.784897077718238,2.751048399606879,-18.183229810596544,2.250240352745497,4.657259630336883,3.8243735503548577,8.963347774546609,2.8361367526376364,9.157060919083909,4.961173715566755,-21.76275920288555,3.876579075743507,6.017674888728396,2.3494760087402375,,,,,,,,,,,,,,,1,44100,16,17835.615130063026,0.011950113378684808,0.4992052420965651,109.0684712558088,NA,NA,1.939532,0.4992052420965651,0.448652,19.748626166855782,64,0.5312969923538342,0.17692183129362388,0.19682653757201088,0.8394014522779772,1.250810666385583,0.5028249274357685,0.9928013009266217
Tenor_Doo_14,234.34601932908544,Tenor,Doo,14,Tenor_Doo_14.wav,Vocals/Tenor/Doo/Tenor_Doo_14.wav,Tenor_Doo_14.wav,89.09039473482825,5.29788056911197,9.984842882915572,0.9466912516064839,-2.7102757255660577,1.582933857602783,23.27357924385209,4.037682451865686,-13.63172000129844,2.301129535565158,17.12390174512479,3.1963547946638853,-14.334287111881833,3.13715836617691,3.2103009469955794,3.2274223291545825,8.81340331514135,2.2390269947565407,17.157392131415282,6.578736556770122,-14.705569893556742,5.098960068810098,-1.1373980307901597,3.037524292851394,,,,,,,,,,,,,,,1,44100,16,21375.50454078343,0.010748299319727891,0.4638092980210646,152.82250955053968,NA,NA,1.886401,0.4638092980210646,0.478236,20.209433664734853,63,0.6601597074556933,0.3922045139545781,0.49136077846174564,0.6045107061618605,1.772461735458612,0.4661032965893176,0.9950783472568436
Tenor_Doo_15,248.1253890337212,Tenor,Doo,15,Tenor_Doo_15.wav,Vocals/Tenor/Doo/Tenor_Doo_15.wav,Tenor_Doo_15.wav,90.5769913092099,5.53419340281621,10.340457124795016,0.9908863947546889,-1.7238880154311478,2.0456380985296034,20.00027081550818,3.4010269971650438,-17.336916431318627,3.552735320876779,12.248695055250986,4.426027837380428,-19.28715352218083,4.507941117918428,5.296660143768657,3.0799985725909393,9.057064436410137,2.7441018930473873,10.843443943638738,6.2274902959273915,-21.912472054340636,3.0108104667470195,-1.1443153650242748,3.647771196625287,,,,,,,,,,,,,,,1,44100,16,18556.643122991132,0.014399092970521542,0.5002567494007916,153.17009825156467,NA,NA,1.985224,0.5002567494007916,0.422693,20.283005663894002,67,0.5539888232569343,-0.8052097078936912,-0.6715993111037947,0.9947943993865205,0.1954362890069023,0.5034626636147544,0.993632270184754
Tenor_Doo_16,262.0116317642254,Tenor,Doo,16,Tenor_Doo_16.wav,Vocals/Tenor/Doo/Tenor_Doo_16.wav,Tenor_Doo_16.wav,89.88327683151792,4.979263564229175,7.015961632101784,1.071183184730638,-4.9952024041125895,1.4542339941065816,19.846774407232203,2.9001972184289184,-15.347569997638841,2.250800231437959,15.734796483298034,4.213640383297581,-11.843160766251147,3.1131888092792472,8.085440450412975,2.7252298759820803,7.759755376537248,2.6075471006197746,16.203268605968468,6.099319035027963,-24.405684857007284,3.269093111758831,-10.368776170131246,4.463591307150874,,,,,,,,,,,,,,,1,44100,16,18733.373540895,0.012154195011337868,0.4770724896457207,119.04794189580663,NA,NA,2.136431,0.4770724896457207,0.315788,21.77708988669997,65,0.5856546237417095,-0.6157180115118406,-0.5968464462356241,0.9936518519596831,0.25086587145962164,0.47958221672610535,0.9947668470746946
Tenor_Doo_17,277.344862858723,Tenor,Doo,17,Tenor_Doo_17.wav,Vocals/Tenor/Doo/Tenor_Doo_17.wav,Tenor_Doo_17.wav,90.71262976710382,5.228245679424642,6.582906405939581,1.0516913308313136,-4.410199821500744,1.3120701734619147,20.012231302849372,3.387749615828505,-14.495022569596536,2.7036740780028103,17.434754959184684,3.5576760338393116,-10.3192267794391,2.75099123864304,9.957174644745859,3.4061280511253678,2.252403681661553,3.1736036103259093,4.866389984743623,5.106353197300974,-31.41301975497443,3.384864461568563,-7.552402487063202,4.3140503491289754,,,,,,,,,,,,,,,1,44100,16,18800.542054152338,0.013696145124716553,0.48768959249366145,142.41251085509128,NA,NA,2.093593,0.48768959249366145,0.317722,21.03844498882933,67,0.6056352556669934,-0.4314900940200468,-0.40586036050313046,0.9819252734141106,0.4149777206538043,0.4901888239647809,0.9949014923455313
Tenor_Doo_18,293.20769821857465,Tenor,Doo,18,Tenor_Doo_18.wav,Vocals/Tenor/Doo/Tenor_Doo_18.wav,Tenor_Doo_18.wav,91.80348073307736,6.219857060173111,7.973151461139345,1.0936154035467167,-8.345419698925724,1.496157720909166,19.308059280755085,2.7345993730881,-10.457498562190478,2.372889549379672,18.49909899709291,3.2567548347802777,-13.253418602928472,3.1244969880849345,2.037568557065853,4.509674639619102,-2.427962892987941,3.5129698581915876,4.566682100867817,5.345432541296061,-27.04637743024196,3.3071799497193437,-8.098791148581256,4.962991645233417,,,,,,,,,,,,,,,1,44100,16,16903.191632601698,0.013560090702947846,0.5213448765735033,117.71053558605904,NA,NA,2.126393,0.5213448765735033,0.323077,22.145381732762843,67,0.5306084052381599,0.08696337514929994,0.09091322098877225,0.8133554653674949,0.97603468779729885,0.5242462343808802,0.9944656582783024
Tenor_Doo_19,310.63931007631135,Tenor,Doo,19,Tenor_Doo_19.wav,Vocals/Tenor/Doo/Tenor_Doo_19.wav,Tenor_Doo_19.wav,91.691396660970085,6.44025621615982,6.834660180322607,1.0349018147474687,-8.963944003939286,1.1957152322137834,16.787693843610313,3.1277073320822466,-11.70403702517629,3.363955176637475,17.96384829481548,2.9289811946930184,-13.8646738627463,2.3383646195255277,5.874092656177328,5.3905926722154325,-2.5677711511297887,3.8578976233507,-2.150396557720596,5.450682329977551,-30.74612332974192,4.276956752265166,-1.4578842738022328,4.027219368571515,,,,,,,,,,,,,,,1,44100,16,14455.83449197318,0.01693877551020408,0.5517601974881035,125.23017946494225,NA,NA,2.164279,0.5517601974881035,0.255383,23.441593256323443,65,0.44162865891932457,-0.26767694445250795,-0.2523224459188566,0.948919491072813,0.5665360438259005,0.5563293183742923,0.9917870212205591
Tenor_Doo_20,329.2926039658169,Tenor,Doo,20,Tenor_Doo_20.wav,Vocals/Tenor/Doo/Tenor_Doo_20.wav,Tenor_Doo_20.wav,95.82689506522736,6.057531674743824,6.974511358475842,1.0809380754205102,-10.622721425808535,2.021017239549129,19.340143357178203,2.7646023960532413,-21.775241687429332,3.999994053713635,6.110205339106846,5.133681703529468,-17.279930726297717,3.7905754736259274,5.873914539947549,3.36743983345374,-2.5578321415304726,3.0354406140919887,9.552172520021616,2.9751185763167753,-11.710230613434241,4.010504613942392,-15.06612283378089,6.5878744338205335,,,,,,,,,,,,,,,1,44100,16,13493.604933767048,0.018412698412698412,0.6124152233882703,151.09359860283723,NA,NA,2.268595,0.6124152233882703,0.14214,13.785523670733296,55,0.4106657606474683,-0.541857555359213,-0.30153483945675646,0.9730524059798011,0.5221859487398319,0.6174744533136002,0.9918065761292953
Tenor_Doo_21,349.2540967441146,Tenor,Doo,21,Tenor_Doo_21.wav,Vocals/Tenor/Doo/Tenor_Doo_21.wav,Tenor_Doo_21.wav,94.19094938940135,5.7777411638751275,3.942084102731675,1.217100053848719,-11.56151181983837,2.1280909205929555,17.521537935447842,2.4756894133385905,-22.99184752348627,4.557169861601497,5.893144456047708,4.377631968672509,-17.221350047711248,3.4740286175945987,7.92094240363877,3.796256621774922,-6.768728108251816,3.3170874493037994,1.9573150216830053,3.519970404603069,-24.057282311573815,3.5336875089104636,-13.766968185389704,6.615319896818255,,,,,,,,,,,,,,,1,44100,16,9340.249019523972,0.06197278911564626,0.6587998737523771,149.70535200071225,NA,NA,2.268032,0.6587998737523771,0.135315,15.134233891665954,55,0.27646123580137505,-0.49841252465292035,-0.4644450724688695,0.9872000627811512,0.36102402747695117,0.6669588542704197,0.9877668907672459
Tenor_Doo_22,371.391661049241,Tenor,Doo,22,Tenor_Doo_22.wav,Vocals/Tenor/Doo/Tenor_Doo_22.wav,Tenor_Doo_22.wav,85.18675298776387,5.526056031627381,10.295522792739291,1.0797322297609437,-5.261403047738581,3.67801165849322,12.846950158329815,2.174497935620531,-15.928983430305921,5.349626658750867,10.456991081224194,3.2345068146685456,-17.200400403551203,3.514239587525087,2.5333611470426733,3.3564222438159086,-4.069289841990614,2.282127951662162,-7.686209676147355,4.248905874270697,-24.93382962926553,2.8216349367598195,-2.966152134143035,3.684382718725013,,,,,,,,,,,,,,,1,44100,16,15172.314389092939,0.017936507936507938,0.4468504956206704,150.62700594863804,NA,NA,1.837583,0.4468504956206704,0.51873,14.662409769941286,55,0.47195223757303095,-0.7792788919565655,-0.7700278942402015,0.9977848579276778,0.12963789193354391,0.4497094141472198,0.993642742543047
Tenor_Doo_23,393.2088615163836,Tenor,Doo,23,Tenor_Doo_23.wav,Vocals/Tenor/Doo/Tenor_Doo_23.wav,Tenor_Doo_23.wav,85.33793137055322,5.557535580106754,9.963572020976262,0.9846914902430238,-6.10984685194182,3.353442864329004,10.315479330083473,2.0356866272231597,-18.475738632627895,6.404708833806674,8.923425479526838,4.282551432598407,-18.966643805858794,4.2541441127376896,6.547079009642926,2.231121980758547,-4.8004945554271385,3.3625116495130603,-11.410881820453021,3.281367700986386,-24.02881561412062,3.291054712408409,0.4887602855536152,3.9581920737860763,,,,,,,,,,,,,,,1,44100,16,11329.866948687435,0.01873015873015873,0.4913082344154142,105.42868576675583,NA,NA,1.896504,0.4913082344154142,0.482962,18.991813424771532,53,0.3508858198435595,-0.8795545240280853,-0.8719699314703413,0.999373982493091,0.06835041381506056,0.4953266016981621,0.9918874389766843
Tenor_Doo_24,415.305,Tenor,Doo,24,Tenor_Doo_24.wav,Vocals/Tenor/Doo/Tenor_Doo_24.wav,Tenor_Doo_24.wav,84.90047523795808,5.229270305736411,10.217152150026447,0.7720009468600376,-4.824995172307733,1.8912043528365736,9.392224262696432,2.229592709080391,-12.274938350222959,2.724245553490968,8.786766277103881,3.8618559610635934,-22.637839372309458,2.7653779324452437,10.245574672148098,4.675927984147492,-5.262526130393688,3.1334974994054274,-14.472215718656283,2.4887257308955784,-25.7537681649257,3.2315979895084483,1.6097723862590694,2.9711862545110215,,,,,,,,,,,,,,,1,44100,16,16875.675960237946,0.01886621315192744,0.42680613176485477,150.07817268387763,NA,NA,1.431272,0.42680613176485477,0.653824,15.983361624181766,50,0.5229261222126139,-0.6439921925602068,-0.6399571919505828,0.9849313653512981,0.21623579948159619,0.42924081038487655,0.9943279423551579
Tenor_Doo_25,444.601686521276,Tenor,Doo,25,Tenor_Doo_25.wav,Vocals/Tenor/Doo/Tenor_Doo_25.wav,Tenor_Doo_25.wav,84.52338015004115,5.12601046462387,9.154094579891671,0.9338860604587329,-4.842567682777369,2.290192091035787,8.108154166596043,2.676746712270563,-13.379620859661404,3.51463945311545,5.757041485813076,4.314323511788932,-22.942355554891616,3.152080295824468,12.444274870667757,5.0730117166910595,-12.548485210863872,3.4465388902672247,-19.469889492301096,3.6967753022141703,-21.512578077084637,3.4390203669895203,7.771882994382975,3.2495394832351696,,,,,,,,,,,,,,,1,44100,16,15093.302240929504,0.01997732426303855,0.4237225102831836,152.9251400549983,NA,NA,1.431198,0.4237225102831836,0.65783,15.709480145056592,46,0.475069652549737,-0.47418229397780054,-0.46422702109988023,0.9597595972200578,0.35118410671338995,0.42633555290825315,0.9938709248918025
Tenor_Doo_26,466.432692416524,Tenor,Doo,26,Tenor_Doo_26.wav,Vocals/Tenor/Doo/Tenor_Doo_26.wav,Tenor_Doo_26.wav,83.33276629083173,6.154156920112935,7.452571159891017,1.49786640248654,-11.57980134289913,2.012466085660112,6.905986117180902,3.2252736053168745,-17.216371548702185,4.8614424561406215,8.13057084352245,4.942160776933562,-16.473801161270774,2.8030904950956397,2.899351628615256,4.172092947571225,-12.372946215096453,3.3960422624324416,-12.125548522289698,3.6321172645606254,-26.47248118138924,4.297634106689391,-2.5525000011864383,3.0983816358474154,,,,,,,,,,,,,,,1,44100,16,8432.14824364799,0.024263038548752835,0.5193560167096493,127.66600632662838,NA,NA,1.951965,0.5193560167096493,0.45727,11.915163125698514,50,0.22603728718483196,-0.9057979784597421,-0.9010763958144493,0.9994832947518018,0.052008688371378654,0.5261793554867216,0.9870322947756842
Tenor_Doo_27,493.888322450888,Tenor,Doo,27,Tenor_Doo_27.wav,Vocals/Tenor/Doo/Tenor_Doo_27.wav,Tenor_Doo_27.wav,85.23713900984312,5.229861965682514,9.05454502476854,1.6290067103067098,-9.037064789008959,3.164658354230347,5.920624552139369,3.4429720480298105,-18.29401653725463,4.870252799490246,8.121723158745782,5.223424594277308,-16.52811186311557,3.0253350305676046,4.126096738029669,4.065399192598685,-14.812586787495077,2.736188497702043,-16.164362032450285,4.009750923739268,-22.984618781380593,4.6173687585011836,0.17139173381948078,3.1921659701470464,,,,,,,,,,,,,,,1,44100,16,12145.991665390282,0.02328798185941043,0.4771477497759804,161.64257428751077,NA,NA,1.906873,0.4771477497759804,0.483862,12.205204924802668,47,0.3629038220686818,-0.9383485973227186,-0.9240040886068781,0.9997727182082272,0.039489853143309765,0.48114704148553705,0.9916880051944019
Tenor_Doo_28,522.730760130794,Tenor,Doo,28,Tenor_Doo_28.wav,Vocals/Tenor/Doo/Tenor_Doo_28.wav,Tenor_Doo_28.wav,83.45054653769533,5.572983973051192,5.289151263445519,1.6848425027122134,-12.204455572026465,3.1505633504867787,3.6423803422362138,3.9023602966752136,-16.4755284368335,4.772490272756676,10.24540919827609,5.356007315950125,-15.950817583803158,3.8404250606887067,5.0494602223037255,4.735727949763668,-19.12591633228668,3.883753744396291,-16.42498226323149,3.6954278562112894,-20.709316902320708,4.957414689914674,-0.19266339928214402,4.103601042943318,,,,,,,,,,,,,,,1,44100,16,7199.580596581332,0.02979591836734694,0.53197124228644,151.44894294058147,NA,NA,2.079195,0.53197124228644,0.362566,12.966554609093409,43,0.19021524787265898,-0.933939414158701,-0.9309506801665102,0.9998070053570136,0.03575233401544311,0.5380706154447134,0.9886643630348924
Tenor_Lah_1,108.04360544127096,Tenor,Lah,1,Tenor_Lah_1.wav,Vocals/Tenor/Lah/Tenor_Lah_1.wav,Tenor_Lah_1.wav,80.9330514585298,9.798805151375968,23.084473290903087,2.36325972820276,-8.51432988325294,2.997803215274941,6.802788706130184,2.837285050213222,-2.392068534482234,4.357963828696015,5.960542376733988,3.2635740929405195,-17.147645273650763,5.31253761296641,6.2152165414392035,4.057810275416298,11.540570041617352,2.512286390875653,-0.808590176998184,4.562439373319962,-8.493888480929247,3.018385910238216,-0.7004510579738867,3.3011501345930863,,,,,,,,,,,,,,,1,44100,16,7628.9873968697575,0.023696145124716555,0.5540645901479262,172.3921710129807,NA,NA,1.386624,0.5540645901479262,0.644187,15.217488119639057,39,0.16930158714652904,-0.7598057602627778,-0.7043012576839033,0.9926214158192165,0.17222125661788615,0.5663341338427815,0.9783351506440164
Tenor_Lah_2,115.29781525611703,Tenor,Lah,2,Tenor_Lah_2.wav,Vocals/Tenor/Lah/Tenor_Lah_2.wav,Tenor_Lah_2.wav,82.96006342762739,7.404488385186698,22.769884204010516,1.2322952769941513,-8.622074493363218,1.9445432442590767,6.5495195066081475,3.0746416010710287,-2.2480150749548993,4.012856008164981,3.803840073040495,4.237314876312984,-18.351909641388925,5.216149871386913,11.276443937916902,3.9379027387853967,8.868580401024978,2.9105015176052764,-3.032639996953759,4.746080900987365,-7.338582695549977,2.5359887230386495,0.866447022596612,4.2151337329218235,,,,,,,,,,,,,,,1,44100,16,8559.108773115131,0.022675736961451247,0.5530430029140332,184.31720585335202,NA,NA,1.374284,0.5530430029140332,0.638358,15.166902239489776,36,0.19396771805535218,-0.7556572152346351,-0.7543349401198861,0.9951718038409785,0.13935704932428009,0.563974505518063,0.9806170270161623
Tenor_Lah_3,122.1912998839268,Tenor,Lah,3,Tenor_Lah_3.wav,Vocals/Tenor/Lah/Tenor_Lah_3.wav,Tenor_Lah_3.wav,84.02301184834394,7.226478533512986,23.070753161525193,1.3126076160059676,-9.477209903100782,2.050348634358746,7.4466912260443054,3.320770860224068,-3.076250116961155,3.37457501521959,2.5342838201857725,3.334770841756095,-17.51754960398938,4.920365984969498,14.028681173442948,2.7661467676841935,3.9355252163049514,3.7696507265197385,-7.2774338788802595,3.6773532998405245,-6.9501474371582495,2.6039668556110183,0.0894354164569265,3.083276103189546,,,,,,,,,,,,,,,1,44100,16,8448.660127052162,0.02487528344671202,0.5604668181717849,167.0215381429766,NA,NA,1.402131,0.5604668181717849,0.638605,15.772217283503014,39,0.165133899806307,-0.7129385082529766,-0.6967727105112436,0.992257191643619,0.17732455079806414,0.574876899956815,0.974933621813448
Tenor_Lah_4,130.0640340886611,Tenor,Lah,4,Tenor_Lah_4.wav,Vocals/Tenor/Lah/Tenor_Lah_4.wav,Tenor_Lah_4.wav,83.35582142339487,7.241345422642748,19.264308099240367,1.1500367438378802,-8.691527413666654,1.2571009280639578,12.078226234564168,2.910476858854839,-1.8462943879614768,5.142602177501615,5.576869255500423,4.969647932896226,-30.36120395451519,9.044700279537405,11.736647979516103,5.7813633176082115,16.524380812465008,5.139159211723408,-7.729128477790697,4.251842584053274,-7.210593788102604,3.2594960789858978,1.7119195999155685,2.7383740022018253,,,,,,,,,,,,,,,1,44100,16,6543.106710838123,0.033560090702947847,0.5927069400014493,139.19574658953152,NA,NA,1.645509,0.5927069400014493,0.574964,19.64913076258347,45,0.1362473218880014,0.2995901442243502,0.3138495392400524,0.5963946833227185,1.1419840467948132,0.6065636120476723,0.9771554511826965
Tenor_Lah_5,137.7600843583524,Tenor,Lah,5,Tenor_Lah_5.wav,Vocals/Tenor/Lah/Tenor_Lah_5.wav,Tenor_Lah_5.wav,85.1827654863129,7.217447603578563,19.1207903506424,1.2146948098548929,-8.559850484145151,1.6771418618223088,12.145059184724145,2.266569224401567,-2.360854408726818,5.549578134516702,2.225067520113842,5.472686089261301,-29.36672655317662,8.228854840030237,18.622899377464265,5.135186962776844,10.283849894618776,4.915869379428723,-13.108086777393119,3.074996410986961,-6.71940245190776,2.0918210143574187,0.9152855010000283,2.983885477228061,,,,,,,,,,,,,,,1,44100,16,7774.070087655668,0.03140589569160998,0.5891080151007264,144.98413240879157,NA,NA,1.460213,0.5891080151007264,0.644006,21.014637658311763,40,0.171488506920501,-0.24504086235439634,-0.08805368936539434,0.8463376972040778,0.7093533600960504,0.6024711690162213,0.9778194300362694
Tenor_Lah_6,146.0124578111454,Tenor,Lah,6,Tenor_Lah_6.wav,Vocals/Tenor/Lah/Tenor_Lah_6.wav,Tenor_Lah_6.wav,86.44156532854625,7.282655814629768,17.0763108691544,0.949093910510868,-9.545085280204185,1.8738079530809428,16.925994611686185,3.1588983603524246,-2.514228378161461,3.9396216393578984,5.042162414736757,4.718359400379081,-30.288746837780334,6.723732359294621,4.577350975856244,7.498397702324203,15.491430121887444,3.5663661144342043,-9.931875638822282,3.7364841449535753,-13.576667640444557,2.7969110042245897,3.6713124845880643,4.104677122633102,,,,,,,,,,,,,,,1,44100,16,7770.807922862622,0.03256235827664399,0.6010068731046075,163.32840293689245,NA,NA,1.784453,0.6010068731046075,0.531989,15.296372294320797,45,0.1689094839979468,0.7289803764166211,0.7491356889162012,0.1984551150572992,1.383715853781766,0.6131287151401358,0.9802295313590758
Tenor_Lah_7,154.76983237138387,Tenor,Lah,7,Tenor_Lah_7.wav,Vocals/Tenor/Lah/Tenor_Lah_7.wav,Tenor_Lah_7.wav,87.75005930741854,7.1678299454429295,16.759339877558432,1.079843854530067,-10.128286180720119,1.6769998199973244,15.867502312266033,2.138990985092629,-5.884303796750728,5.054369871302029,-0.12743555783370802,5.3074158098324125,-30.423914235209775,6.351445244914281,12.465256638476566,5.377529279955574,12.451192603057683,5.722830200865718,-13.228381044816151,3.200862380987061,-9.464672321252419,2.5644274612360105,5.410961244372145,3.6626782831201705,,,,,,,,,,,,,,,1,44100,16,7729.084668737722,0.036802721088435374,0.6119880086584537,149.70176264445544,NA,NA,1.650366,0.6119880086584537,0.594249,14.848876472620937,48,0.17315781164820354,0.4866294200756712,0.5044722233862631,0.40584985129941464,1.2322010126616338,0.6236110877124632,0.9813616542697382
Tenor_Lah_8,164.94692345164106,Tenor,Lah,8,Tenor_Lah_8.wav,Vocals/Tenor/Lah/Tenor_Lah_8.wav,Tenor_Lah_8.wav,87.1751416025443,7.403401814881182,18.16695942754992,1.1385516531367084,-8.123623501888286,2.0353897065818027,13.144883309534553,2.222052973554496,-7.711446977672276,5.018514913113414,-0.6686265543026315,4.992478676256459,-32.96456002167848,8.76383906324759,5.112505412541556,3.940136775802908,16.153229514845,3.8164703384242307,-9.216786955691921,2.5916644576706163,-11.803210241830051,3.443627605143146,7.314231162308788,4.6632295531741805,,,,,,,,,,,,,,,1,44100,16,8649.825701280804,0.02950113378684807,0.5875077562472784,148.1935129680684,NA,NA,1.762014,0.5875077562472784,0.544048,17.003025163638696,49,0.18643707486499142,-0.1587766107110543,0.05610381037329001,0.7815400685607389,0.8744472680759746,0.6003015567520302,0.9786877106000298
Tenor_Lah_9,174.736033173771,Tenor,Lah,9,Tenor_Lah_9.wav,Vocals/Tenor/Lah/Tenor_Lah_9.wav,Tenor_Lah_9.wav,87.16900653727852,7.181825293608058,16.89269849399998,1.0175596945276126,-9.125126196539135,2.271377450457917,12.870857798750988,1.950158834268312,-8.535697893595044,5.156447741141313,-1.5367179994333722,5.022870338653207,-29.391784405588762,7.316066842335306,17.516955186777395,3.413037903251647,15.224760083056024,4.995410055976392,-12.075236642819357,2.2211487864581234,-5.167253253193956,4.870139525057872,9.90692951584819,3.690987848673028,,,,,,,,,,,,,,,1,44100,16,6573.609199192608,0.04458049886621315,0.6218804395910545,147.61520250825242,NA,NA,1.870783,0.6218804395910545,0.498394,17.26131497089095,64,0.134472265990876,-0.09866448954261511,-0.08954792551694121,0.8325730319870833,0.695717761815429,0.6363731726844952,0.9772260464213095
Tenor_Lah_10,185.0307852722059,Tenor,Lah,10,Tenor_Lah_10.wav,Vocals/Tenor/Lah/Tenor_Lah_10.wav,Tenor_Lah_10.wav,89.11111661244846,8.952889324375233,16.71099436664409,1.2885395415157541,-11.149108562246031,2.3008575275409013,20.43000854938157,4.144731624377352,-1.570226145588572,4.121640235282521,-0.9028689946388834,6.392847116601049,-26.113936324247636,7.751809202198118,1.7085456012393856,8.71669706850439,11.843373499740839,3.9475398365495864,-5.103682912354823,5.37575541077344,-12.57066343054982,4.140761807070312,7.831010939776629,4.941922254918779,,,,,,,,,,,,,,,1,44100,16,10602.603944954508,0.02929705215419501,0.5968123501378653,152.12913953229662,NA,NA,1.771751,0.5968123501378653,0.539397,11.316439724988482,56,0.22353364107912493,0.7875039441006831,0.7921815088297786,0.16168703054858338,1.394353816809389,0.6108489728979255,0.9770211240702114
Tenor_Lah_11,195.92894002476683,Tenor,Lah,11,Tenor_Lah_11.wav,Vocals/Tenor/Lah/Tenor_Lah_11.wav,Tenor_Lah_11.wav,91.11047316840694,8.816637607012803,16.89942009390132,1.2548015522673024,-11.171915192048303,2.037861213831673,20.182813750962552,2.671431220940457,-4.777296111270858,5.856011609218222,-3.3419287023278526,7.44864982372321,-24.944280951171844,7.531345050887361,9.663502611737702,5.910860598448956,12.263461748093611,6.638416981206057,-7.034379924439892,5.493491270554965,-7.540498691802586,2.641430445528125,7.904410898851326,4.198325890860382,,,,,,,,,,,,,,,1,44100,16,11800.412553985941,0.040294784580498864,0.6006869130579975,149.78783508336804,NA,NA,1.830268,0.6006869130579975,0.524208,11.271830901009078,66,0.26637598544010366,-0.08164320167925872,0.1868141710213903,0.6558137305015199,0.9571355047925709,0.6132042374663764,0.9795870223270183
Tenor_Lah_12,206.44471854617365,Tenor,Lah,12,Tenor_Lah_12.wav,Vocals/Tenor/Lah/Tenor_Lah_12.wav,Tenor_Lah_12.wav,90.4897597533218,8.643134789739175,17.813903004927994,1.0556841723890908,-10.87964957673834,1.7575341684153998,15.115832420133652,3.2630526523728745,-3.4726648167293366,3.9501055805919014,-3.3154911593714353,8.880772655348713,-24.655258448285213,7.8246974782978205,6.299531014784141,4.236321458892558,1.862717100029959,3.917505495136051,-0.3851099549756323,5.975014879059776,-19.14800104459619,4.491130342284109,4.464111026580709,5.198979944112296,,,,,,,,,,,,,,,1,44100,16,12224.086739597986,0.02836734693877551,0.5851321338305371,196.82442218605587,NA,NA,1.724851,0.5851321338305371,0.549185,14.54730782349557,54,0.30904472123347726,0.1670020682952586,0.17801738094065317,0.6908086727676829,0.9900265584157316,0.5943731509674728,0.9844524990371891
Tenor_Lah_13,218.72161182643407,Tenor,Lah,13,Tenor_Lah_13.wav,Vocals/Tenor/Lah/Tenor_Lah_13.wav,Tenor_Lah_13.wav,91.03169261974956,8.76681801222491,17.07684019988641,0.9499219874508295,-10.875636964542679,1.7892440590334546,15.484030192618489,2.996643393137659,-4.323096405798762,4.962460384542813,-4.437119694744431,8.949377542875455,-22.04630840093685,7.266842291804637,10.34320760241925,4.4119124106004035,-0.8689397553658469,3.348538501341466,-3.339723713158678,6.815879251709,-21.170838515386762,5.6418711127515335,7.576438204468831,3.764170586657221,,,,,,,,,,,,,,,1,44100,16,11926.658512530621,0.030408163265306123,0.5933146976836176,141.46779718269423,NA,NA,1.740834,0.5933146976836176,0.543249,15.14748941119442,61,0.3000726523108229,0.23121378711893045,0.23067772925441887,0.6228994833410789,0.9964465489462797,0.6027149459052232,0.9844034924213014
Tenor_Lah_14,232.26714095019383,Tenor,Lah,14,Tenor_Lah_14.wav,Vocals/Tenor/Lah/Tenor_Lah_14.wav,Tenor_Lah_14.wav,91.67872097428395,8.246919542009339,14.634455999972973,1.0529275964084497,-12.231074426325504,1.968323405659194,15.561453376195688,2.327463773571982,-9.008440642044794,4.969153813214384,-3.1498832089075517,6.6350997595259145,-23.573169200058228,4.408601969588251,7.4400630805132115,4.020149028170826,8.159971631561723,3.272652988165676,-0.3207899451352266,6.861457169095683,-21.460614336104147,2.876125630396695,4.904474460430118,4.456516974529486,,,,,,,,,,,,,,,1,44100,16,10390.879573294842,0.03773242630385488,0.6080542031004758,138.5266994616858,NA,NA,1.902549,0.6080542031004758,0.47935,15.06313298260773,66,0.23595285496256102,0.19105132178775577,0.31575399931016535,0.5999639160916999,1.1536858399516987,0.6184274247739583,0.9832264526799178
Tenor_Lah_15,246.1383082834447,Tenor,Lah,15,Tenor_Lah_15.wav,Vocals/Tenor/Lah/Tenor_Lah_15.wav,Tenor_Lah_15.wav,93.06163226184444,8.609856194068914,14.835996111028807,0.9901981600515612,-10.535438511534199,1.7988587140702597,13.995514990918627,2.22729389452909,-13.302024829153869,6.237619372736266,-9.401543683695339,7.77821347499288,-23.5872035581189,3.8659472905514027,9.731894861039882,4.757797858140563,6.164899358788272,4.380591127845406,-7.415216150829372,6.150141823828848,-20.964974997243043,3.6062340113506726,5.733900064127115,4.278949638474034,,,,,,,,,,,,,,,1,44100,16,14960.843741518614,0.03836734693877551,0.5762694169977377,139.46816407208112,NA,NA,1.822732,0.5762694169977377,0.522136,15.807099359197634,70,0.35049079251288173,-0.8864984796377524,-0.811801496746874,0.9975882678020036,0.10362317240620177,0.5869774794975585,0.9817572856304696
Tenor_Lah_16,261.3098463027976,Tenor,Lah,16,Tenor_Lah_16.wav,Vocals/Tenor/Lah/Tenor_Lah_16.wav,Tenor_Lah_16.wav,88.64030667909789,7.98798196155924,14.999698205581177,1.2371665199069528,-12.001074309568091,2.3574357173922427,11.500917304069137,3.044981768774423,-14.942896169494807,6.0732713863230146,-7.163862459975564,9.661809566923562,-18.086790802377397,4.23765013319156,5.987998238549084,3.28112981048806,6.022136604714929,3.753208898183266,2.504239644189485,7.177486316502727,-19.5800171506448,3.4334064876376815,-1.9042008716757164,4.487653032749103,,,,,,,,,,,,,,,1,44100,16,11286.420355066492,0.04240362811791383,0.5564706695060722,132.60135707210614,NA,NA,1.852663,0.5564706695060722,0.484819,13.844457118523685,67,0.26402601215722554,-0.9644555834948957,-0.9638262106490993,0.9999246547789737,0.018418668430334836,0.5654314177107311,0.9841523694581061
Tenor_Lah_17,277.06792365413224,Tenor,Lah,17,Tenor_Lah_17.wav,Vocals/Tenor/Lah/Tenor_Lah_17.wav,Tenor_Lah_17.wav,89.27054289797503,7.964086283798548,14.659716754202595,1.0964037776836602,-11.510596512842017,2.19904004363834,11.566982684741815,2.704821108509016,-16.316065043936636,6.407165811739737,-5.162932256285228,7.925969039351647,-15.690134467005326,4.229172030375955,7.9045892213872335,3.646991131850966,-0.028749963050682545,3.353454042529318,-8.350253228678563,4.087424155661402,-23.202136033466473,5.207163874655192,2.057503860148527,4.188768819279,,,,,,,,,,,,,,,1,44100,16,11403.444295478408,0.03308390022675737,0.5642990900585817,117.34813049445616,NA,NA,1.869379,0.5642990900585817,0.486306,14.57172460506449,68,0.32574677697367727,-0.9105422773818014,-0.9105541244860011,0.9994717817656,0.04679198952063788,0.5711278473334143,0.9880433823937742
Tenor_Lah_18,294.1343328740957,Tenor,Lah,18,Tenor_Lah_18.wav,Vocals/Tenor/Lah/Tenor_Lah_18.wav,Tenor_Lah_18.wav,89.33232113805116,7.801861807612843,15.978630453197818,1.480805740644035,-11.452578439394141,1.9418526111784171,7.255052940413384,3.494867660571197,-14.285246573828118,5.526466018338041,-1.1571415550858197,6.14527088274661,-19.15888489489379,5.6737355812991215,1.4511001688330776,5.321931332248426,-2.5270372568916026,4.228904807461361,-6.716625313628792,3.9937306102345804,-22.007732495161616,3.2826802167946703,-4.193880177235758,3.275778769819841,,,,,,,,,,,,,,,1,44100,16,14680.737917751647,0.026258503401360545,0.5199694982313627,150.3421071717401,NA,NA,1.5838699999999999,0.5199694982313627,0.597403,15.972535228467699,70,0.4406628173718886,-0.8182221271055319,-0.8179910131291456,0.9970667873955819,0.09982178927501441,0.5253322332400817,0.9897917267028461
Tenor_Lah_19,311.3197689163904,Tenor,Lah,19,Tenor_Lah_19.wav,Vocals/Tenor/Lah/Tenor_Lah_19.wav,Tenor_Lah_19.wav,90.07940746702671,7.3050043677342655,14.908825303627056,1.372261459754831,-12.092482059702622,2.0549680970348834,6.004807698097217,4.40435240424957,-14.859810031345367,6.0154009567149345,-2.3627440161780897,5.569892073448476,-17.096545324637386,3.803386929484633,4.937607606031272,3.958913613662252,-5.66230059421938,5.489348954828019,-14.774374920052228,3.1352063168292337,-21.91359161668634,3.7805209638969197,0.10901920223701206,3.0567359148337903,,,,,,,,,,,,,,,1,44100,16,19482.829497601102,0.027913832199546487,0.49502807402984833,174.05855921546905,NA,NA,1.609312,0.49502807402984833,0.594532,18.373840821583492,64,0.5667218410384867,-0.9301623581470626,-0.9298017408149016,0.9995987208325889,0.036361294842892966,0.500848958945846,0.9883779634318316
Tenor_Lah_20,329.41272168343687,Tenor,Lah,20,Tenor_Lah_20.wav,Vocals/Tenor/Lah/Tenor_Lah_20.wav,Tenor_Lah_20.wav,89.84182360650883,8.197705556368165,13.894051709423692,1.2720514033663068,-13.514735744041975,1.823772307758716,5.79805109094353,1.9159253678943549,-15.101858853249247,7.6324219772454995,-1.9255263173165766,6.52816128875425,-22.928845983349643,5.145261715414098,-2.0882209214416037,4.347691797315471,1.0469523375255925,7.692117774814395,-0.8164561227581736,3.961013503291896,-17.22089231464596,2.8455708013980963,5.605271235136368,6.25858051177108,,,,,,,,,,,,,,,1,44100,16,17931.67251113513,0.029070294784580498,0.5055335208938255,139.58207405981221,NA,NA,1.662606,0.5055335208938255,0.573991,18.771300603673943,65,0.5573744681544295,-0.767737332206646,-0.656203200967183,0.9885776732446876,0.20521022991524104,0.5125434617599107,0.9863232264401242
Tenor_Lah_21,348.8546375371641,Tenor,Lah,21,Tenor_Lah_21.wav,Vocals/Tenor/Lah/Tenor_Lah_21.wav,Tenor_Lah_21.wav,88.8937699717324,7.683430941189697,11.478603293441502,1.5291597963697172,-15.476370671028857,2.439226628225186,6.008878443686033,2.5450311890007384,-16.278164907349783,7.605577594903339,-2.003267336972744,4.897697188882495,-23.0468710536145,4.1306813658006405,2.424787476516522,3.067441148452143,-0.7311213356806466,8.86852376059202,-7.176996998766851,2.8607034183058526,-18.546474601476465,2.8887619291483047,10.006531205585999,5.3075119827519925,,,,,,,,,,,,,,,1,44100,16,13561.800238796037,0.03303854875283447,0.5288769755095994,139.1278438423887,NA,NA,1.896544,0.5288769755095994,0.457133,20.3289550431354,61,0.4112751079882539,-0.7622113725066515,-0.7586596539009564,0.9957520890048808,0.13664676576632132,0.5370006906940348,0.9848720582203796
Tenor_Lah_22,368.4608027601285,Tenor,Lah,22,Tenor_Lah_22.wav,Vocals/Tenor/Lah/Tenor_Lah_22.wav,Tenor_Lah_22.wav,88.96971541915974,7.622324935555998,10.082841285585845,1.1811974046800966,-12.092622470150411,2.325694237095691,8.004434868992238,3.0915591421607087,-14.38262769206832,2.7228751780141183,3.201119459800372,3.480463179191543,-26.51971716977798,6.412830902851735,3.648958171119355,3.8394539254646984,-6.356853786707273,4.335327344788701,-4.353911159791177,3.4053427476846663,-13.218676199019642,3.7575965264606843,5.445371470333302,4.404604624135111,,,,,,,,,,,,,,,1,44100,16,12120.140090177516,0.03238095238095238,0.5358947164442908,131.64393332365253,NA,NA,1.913456,0.5358947164442908,0.472709,15.586042925536274,55,0.3221784690126677,-0.35332868337089557,-0.34883935028178964,0.951132958021011,0.459165396371315,0.5424616797209338,0.987894143453559
Tenor_Lah_23,390.65370518692254,Tenor,Lah,23,Tenor_Lah_23.wav,Vocals/Tenor/Lah/Tenor_Lah_23.wav,Tenor_Lah_23.wav,89.58482119911592,7.672754570962621,10.06617494196676,1.134164146967305,-12.943442460900078,2.747476261300087,6.187256748560018,2.903865401520429,-16.870884459245826,4.253057174341995,1.1386803208561862,3.8461345549996584,-27.453677367844094,5.589286637186736,8.08380700057812,3.063093265700019,-6.821784551842689,5.230638249921081,-4.415608966080337,2.9714193225335066,-12.198140414060179,3.287123580909484,8.77119420652478,4.828621784239804,,,,,,,,,,,,,,,1,44100,16,11826.890205779102,0.0345124716553288,0.5403308572968593,144.34701181061934,NA,NA,1.909417,0.5403308572968593,0.47775,17.20967495284372,55,0.32936631003471506,-0.4528955106404044,-0.4521430962649408,0.960474836106116,0.3623628905291648,0.5461762427683632,0.9892976204130083
Tenor_Lah_24,415.305,Tenor,Lah,24,Tenor_Lah_24.wav,Vocals/Tenor/Lah/Tenor_Lah_24.wav,Tenor_Lah_24.wav,92.57464396823335,10.06944161682735,8.336398117261242,1.0081419376713834,-13.933891315789008,2.926947000003559,7.585786486368101,3.0380367287470342,-16.857318719087203,3.4859343636896267,6.590025834311703,3.767550086839484,-22.5684050238856,4.855704579235017,-0.5714489525466838,3.2725810536910256,-6.812246472046964,5.077755955985785,-0.9616185503279839,4.8580786194240915,-14.6570230782935,2.8801350632398592,3.5726625666776832,4.127858991137407,,,,,,,,,,,,,,,1,44100,16,13333.649394388582,0.03494331065759637,0.5644500499969083,135.60788235630343,NA,NA,2.127858,0.5644500499969083,0.325542,19.154442413573143,56,0.36886727060680646,-0.4010455173813102,-0.39067139514508264,0.9547960474231411,0.41834796165965366,0.5723108923299586,0.9862647340136274
Tenor_Lah_25,440,Tenor,Lah,25,Tenor_Lah_25.wav,Vocals/Tenor/Lah/Tenor_Lah_25.wav,Tenor_Lah_25.wav,91.81378686477139,9.113104450180353,6.923751118843725,1.3732343549984674,-15.246903908031966,3.416705250716051,6.0611929440758905,3.6581691732086083,-18.83268830560995,3.7895160345344485,5.525746345485497,3.0271311930462494,-24.884590027889303,5.447529666246967,2.832893146298878,3.2911158384259673,-7.967181462731083,5.157048654859561,-2.635503072123721,4.09865935826664,-15.185511919321133,3.947755709707699,7.22719967203706,4.036409172642122,,,,,,,,,,,,,,,1,44100,16,10702.936712230488,0.0392063492063492,0.5852927789218632,144.10536581118635,NA,NA,2.091211,0.5852927789218632,0.36243,18.84689303989248,52,0.3089846643416134,-0.13359325205414474,-0.12159984141988998,0.8739164503523222,0.6844226614756309,0.595284780960019,0.9832147530766002
Tenor_Lah_26,466.164,Tenor,Lah,26,Tenor_Lah_26.wav,Vocals/Tenor/Lah/Tenor_Lah_26.wav,Tenor_Lah_26.wav,89.01992181147372,7.504880278511475,6.979891836600172,1.4607412481433135,-18.46128373969369,3.5194368275167642,3.9266294965278115,4.214799916575994,-14.09823501751931,2.2467873444769686,2.5685460886529388,3.524347521394168,-23.079081234990916,3.3092313819763994,2.6092408931431423,2.6549919404886677,-3.624474519023494,4.986972361559489,-0.37312881524054975,4.633708889253917,-24.93481510887717,4.8418331037723785,-2.1604326113343126,3.444604683085319,,,,,,,,,,,,,,,1,44100,16,7353.12098349598,0.0481859410430839,0.600532951710344,151.19310965285229,NA,NA,1.98095,0.600532951710344,0.42847,15.132226161200135,48,0.17140746277111482,-0.06830100772663433,-0.0074834427792133465,0.7559443825597906,0.744714289258111,0.6097917224170469,0.9848165031332277
Tenor_Lah_27,495.791763444458,Tenor,Lah,27,Tenor_Lah_27.wav,Vocals/Tenor/Lah/Tenor_Lah_27.wav,Tenor_Lah_27.wav,90.36414034719787,7.881639928435737,8.017654322634561,1.4704920460492095,-16.13559142076857,2.524563164781502,3.382678656289582,3.832731434503438,-16.215162428215606,3.077968881313876,0.046839672015208375,3.4010009523109797,-22.271999582716028,2.4229192750872213,5.6287036372601005,3.101574535678743,-3.1129308159520734,5.357475011656847,-6.498737959348355,3.3475944799155326,-24.776192760486452,3.4261251216139224,1.4461213164628475,2.8691632189486307,,,,,,,,,,,,,,,1,44100,16,10676.311827733025,0.042993197278911564,0.5611489788476356,147.48806806016654,NA,NA,1.935239,0.5611489788476356,0.460106,16.163991235022888,45,0.27233306064538654,-0.8172347672532537,-0.7162230248529526,0.9935861178416172,0.16428917395124104,0.5696127153550785,0.9851412437270349
Tenor_Lah_28,521.11637200834,Tenor,Lah,28,Tenor_Lah_28.wav,Vocals/Tenor/Lah/Tenor_Lah_28.wav,Tenor_Lah_28.wav,89.53752939900868,7.595675160738571,4.392492186520323,1.366977551357734,-20.118608553470917,3.774600745256469,2.828930032960181,4.227196059837431,-14.71790535418657,3.2019791175428676,0.8677391596988515,3.0600357413490102,-19.932587466964634,3.2671629570780185,10.7767951467773,4.007682473704278,-5.811240001763996,6.417079874520444,-9.44891172850564,3.3132883345126323,-23.476886145936568,3.6779437215037283,2.6140225903637964,3.5470523021138654,,,,,,,,,,,,,,,1,44100,16,7560.860021750064,0.05793650793650794,0.6007429435825405,151.8096421266662,NA,NA,1.988612,0.6007429435825405,0.423905,15.427284346788507,43,0.19815209165887487,-0.743639135872781,-0.7400582907600572,0.9912312957658825,0.1480768538857165,0.6101031297353572,0.9846580263292916
Tenor_Woh_1,110.91070572392736,Tenor,Woh,1,Tenor_Woh_1.wav,Vocals/Tenor/Woh/Tenor_Woh_1.wav,Tenor_Woh_1.wav,NA,NA,NA,NA,NA,NA,NA,NA,NA,NA,NA,NA,NA,NA,NA,NA,NA,NA,NA,NA,NA,NA,NA,NA,,,,,,,,,,,,,,,1,44100,16,9126.612609735836,0.007891156462585034,0.4438792147046884,179.55487331886124,NA,NA,0.845627,0.4438792147046884,0.81705,16.49577857886392,41,0.21027918983323848,0.4643948021158767,0.5747347696536464,0.32410397114996653,1.2001399501600492,0.4535502969029982,0.9786769355805798
Tenor_Woh_2,116.83375289892916,Tenor,Woh,2,Tenor_Woh_2.wav,Vocals/Tenor/Woh/Tenor_Woh_2.wav,Tenor_Woh_2.wav,74.4969471133518,9.001635250873452,15.805562117212657,1.619837656232589,3.956096461439897,2.66322053742734,18.38805070597411,1.8251563911597117,-0.18683464884117773,2.672876382766092,9.724098077126518,1.8590094444098328,-26.171248321380393,4.280428113903951,8.089398195983238,3.216817831477693,7.204506027100845,2.6863969109053962,9.000520381170134,4.115683717117489,-2.403546495627041,2.501384459442635,6.09165424629004,4.0188844277478575,,,,,,,,,,,,,,,1,44100,16,9120.782183546395,0.009002267573696146,0.44824554471282296,172.25862536925604,NA,NA,0.971878,0.44824554471282296,0.795025,15.569168238778133,39,0.22683885817490992,0.5114516264649883,0.5351260714831557,0.3735939238199594,1.233697433696652,0.45764975608590713,0.9794510731230044
Tenor_Woh_3,123.65277101108089,Tenor,Woh,3,Tenor_Woh_3.wav,Vocals/Tenor/Woh/Tenor_Woh_3.wav,Tenor_Woh_3.wav,75.85584050130451,8.881384367076494,16.16925597721281,1.5564429414973777,5.082040617631601,2.4825033048974374,18.43540042122349,1.8482312609798852,-1.0122149276389487,2.700873152342643,6.068510355064066,1.9117829214496451,-25.7585976585651,4.102450132841879,12.469715746930476,2.8756014998494446,5.258982209095784,2.8060249577996568,4.924780853967491,2.8486404664187797,-5.450993031516543,2.744773809766658,3.0603714447107926,3.9721705238486114,,,,,,,,,,,,,,,1,44100,16,9330.434586919977,0.011111111111111112,0.45657837692793846,129.9174439914709,NA,NA,1.001472,0.45657837692793846,0.781957,14.77229010229519,36,0.21031526902639308,-0.10988293741930073,0.13647019199308882,0.767697050789747,1.0103470738517566,0.46680157651468523,0.9780994750208921
Tenor_Woh_4,132.91420428831216,Tenor,Woh,4,Tenor_Woh_4.wav,Vocals/Tenor/Woh/Tenor_Woh_4.wav,Tenor_Woh_4.wav,82.3606505979566,9.492250629138436,14.070888756079194,1.6121975170426184,-1.0928386546789082,3.1272736135086587,21.83340349264917,2.920363853330945,-1.6872925016122242,3.3656383070850584,12.723995180302795,3.2184784128582558,-30.401145093279975,3.9943177885527463,0.7897959615441532,3.1445618720468187,10.976792760954766,2.4299926825496807,9.266668771506701,3.448156036645546,-9.044704522374657,3.076604956491911,7.271650449503977,3.4152910402241963,,,,,,,,,,,,,,,1,44100,16,9234.702435669535,0.013718820861678005,0.5231928374712623,122.38426554112075,NA,NA,1.710835,0.5231928374712623,0.576548,21.990945540471344,41,0.22733261405131738,0.904939891889816,0.9080042282921278,0.07057335478668783,1.4637005249039976,0.5323605502302317,0.9827791282524512
Tenor_Woh_5,138.95397653717876,Tenor,Woh,5,Tenor_Woh_5.wav,Vocals/Tenor/Woh/Tenor_Woh_5.wav,Tenor_Woh_5.wav,83.84239128436431,8.757002448376255,14.28306767588292,1.6201403759588333,-0.7391622196437201,2.497933881499685,21.708341878300715,2.521318808872558,-2.4747336469661136,3.0572170185043337,10.65151996218543,2.458196634964324,-30.65994703529284,3.5483891277291595,6.651292526332433,1.960656634074897,9.725734899782765,2.8361089961501627,3.691821637461904,2.3906825739189417,-11.365408396831063,3.0323209806922033,7.671398443889182,2.0407612811445377,,,,,,,,,,,,,,,1,44100,16,10068.356039519964,0.018253968253968255,0.5168440132736332,159.9100177662268,NA,NA,1.709103,0.5168440132736332,0.570707,20.055098832740125,44,0.1890629918022278,0.8184118993693047,0.8616018125647448,0.1091905049847366,1.4687276312020912,0.5297967735148615,0.9755514550319077
Tenor_Woh_6,147.38626971746064,Tenor,Woh,6,Tenor_Woh_6.wav,Vocals/Tenor/Woh/Tenor_Woh_6.wav,Tenor_Woh_6.wav,84.52854109234025,9.113346035467544,12.476823390170559,1.2182446021151567,-1.7392751301479232,2.1767287635953205,25.07405330170565,2.7694104328715823,0.756922432953376,1.8493005947870422,7.11968544558288,2.9058080687384846,-32.22344487399714,4.528234932973843,3.689524269198039,2.420476871821077,9.897723018827868,3.401323940563958,2.874574446140777,2.46395497719559,-16.41043637267854,3.970971589302074,8.091936232306347,2.049673221301833,,,,,,,,,,,,,,,1,44100,16,10558.09944014232,0.020090702947845804,0.5346146063043006,162.34216751620593,NA,NA,1.634304,0.5346146063043006,0.607036,19.724727977941836,40,0.24811649617467932,0.9830008667955946,0.9832702217281797,0.0121974133731677,1.4459705521536774,0.545307247709656,0.9803915289036308
Tenor_Woh_7,156.03376736943153,Tenor,Woh,7,Tenor_Woh_7.wav,Vocals/Tenor/Woh/Tenor_Woh_7.wav,Tenor_Woh_7.wav,85.1925060893472,8.796697435164928,12.137288770454003,1.3436323712243956,-1.9723621313215864,2.155746571088047,23.972096465385224,2.3941741853014378,-2.1856929341510845,2.9454101235465404,3.3024112556763,2.1527540710678155,-32.52753090581561,3.797696556486426,11.104163245347758,3.007004295760706,10.76437588365818,2.2143227922319277,-0.13199954511332798,2.7777681984203575,-14.484806912045986,3.060522825243478,10.088220108291678,2.2994372197789494,,,,,,,,,,,,,,,1,44100,16,8052.857531140977,0.034784580498866215,0.5717338780500695,140.52357231847535,NA,NA,1.784901,0.5717338780500695,0.53823,18.43926345987978,44,0.15571207368173473,0.9121503005327781,0.944850197383557,0.03836776981336143,1.3530341207864125,0.5849005510195477,0.9774890398948551
Tenor_Woh_8,164.0568153255872,Tenor,Woh,8,Tenor_Woh_8.wav,Vocals/Tenor/Woh/Tenor_Woh_8.wav,Tenor_Woh_8.wav,84.99892297188083,11.465675420020544,10.861030398331788,1.2393146301859552,-0.5095890786952827,2.2814714376468377,26.57466044783183,2.761947593498362,-3.9137452092935843,4.152280273924701,6.6292520117420635,2.482149974581744,-30.799010149991144,4.4578537486730685,3.453126216689632,3.4294014066563987,5.240995541997793,2.824673892687508,5.073457588095192,3.4450717320934285,-17.897507706196336,3.0033354322790466,2.6790149217156607,3.9272805979322745,,,,,,,,,,,,,,,1,44100,16,9065.61684863926,0.02780045351473923,0.5595568325281846,144.16349437943228,NA,NA,2.013055,0.5595568325281846,0.418485,20.375925016571756,52,0.23316903508758316,0.7355876508092662,0.836843780314772,0.1358586407040693,1.5295224396639007,0.5696686896165827,0.9822495824806451
Tenor_Woh_9,173.73736078870903,Tenor,Woh,9,Tenor_Woh_9.wav,Vocals/Tenor/Woh/Tenor_Woh_9.wav,Tenor_Woh_9.wav,85.50438281076111,10.332193419570153,9.928259932866265,1.6016771856393015,-0.7788359909863084,2.4923564294780527,27.186660439152885,2.1539737127259584,-5.275343322223254,3.799077307983579,4.745268333294426,1.6260715885204517,-28.929930959721208,4.250236106508244,12.196280391885216,3.4865212980871654,6.847625796764255,2.3204999849025394,4.030176077503173,3.919792383987052,-15.889694383375868,2.6544062836197275,8.376785855494273,3.3961351540413762,,,,,,,,,,,,,,,1,44100,16,7956.5159020407955,0.02163265306122449,0.5807488503922672,129.28132624762017,NA,NA,2.051084,0.5807488503922672,0.384713,18.064515007056915,47,0.21075050622302605,0.7804406912791941,0.7888311680224604,0.1823851311038009,1.5450017128334699,0.5895472332541032,0.985076034004482
Tenor_Woh_10,183.23049973194296,Tenor,Woh,10,Tenor_Woh_10.wav,Vocals/Tenor/Woh/Tenor_Woh_10.wav,Tenor_Woh_10.wav,87.00250783589964,9.366154766322078,11.209620662707911,1.0746760509166282,-3.1242248317188843,2.8684775958602167,24.841478052200138,1.768286703114897,-1.75004498066686,2.0366074871286934,4.906946437941444,2.2408016824096286,-29.548181139898244,4.351106712469678,0.4578200863970183,4.612928042560153,2.7491257399864892,4.428110348896196,7.912072901687821,4.569646728808951,-16.95804464146923,2.7716020773533416,5.063070245283947,3.6212412053571703,,,,,,,,,,,,,,,1,44100,16,10143.431917888658,0.01947845804988662,0.5602663681379045,149.5696877428939,NA,NA,1.779215,0.5602663681379045,0.546863,14.847108606730231,50,0.24843280225849018,0.9498309456589478,0.952122050795563,0.036236973510457404,1.477485903621428,0.5692676761349702,0.9841879165559165
Tenor_Woh_11,194.32891507146857,Tenor,Woh,11,Tenor_Woh_11.wav,Vocals/Tenor/Woh/Tenor_Woh_11.wav,Tenor_Woh_11.wav,88.33716650197466,9.233537392142008,12.07060024433805,1.0285431069903683,-3.1045425929017783,2.4269235052442464,23.931704779967703,2.028058107917614,-4.344260253769707,2.4871904092768524,1.8095437526462876,2.3792001227758934,-29.591070249133608,3.8806725996690146,7.392872953963421,4.165100087502664,6.555615973860158,2.662021227946442,7.128697305936226,3.89301433443675,-13.783129435791253,3.1801097619898675,7.788899083028945,3.2623132060475943,,,,,,,,,,,,,,,1,44100,16,10450.435421528342,0.03013605442176871,0.5664335879140825,145.2403437602584,NA,NA,1.837134,0.5664335879140825,0.522052,15.243510367289554,57,0.27814377661938006,0.7998557762721674,0.8653216825851517,0.1094778193074308,1.5162897342061377,0.5756949389568082,0.9839127454211986
Tenor_Woh_12,207.6733846494712,Tenor,Woh,12,Tenor_Woh_12.wav,Vocals/Tenor/Woh/Tenor_Woh_12.wav,Tenor_Woh_12.wav,87.97652460260379,9.379668517215256,13.881358777548376,1.1398417954862572,-4.571846477505166,2.636844585447899,22.962321569768246,2.552136785876903,-8.33364039971446,3.6861195322211966,-2.6697963378471754,4.730991874306972,-25.82634383947145,3.8610439757653916,-1.1127016872280384,4.051287167301112,1.1057189720922405,3.53504623922053,7.7933832983420155,2.294429312492495,-19.30501159699123,3.2858034916285583,-2.5862806643527763,4.047133789079207,,,,,,,,,,,,,,,1,44100,16,15645.301989781263,0.01927437641723356,0.5155950870692605,181.126253780813,NA,NA,1.69139,0.5155950870692605,0.575149,12.713289524292268,63,0.4232275655852835,0.8164692040849558,0.8220056229543178,0.16200501815762988,1.6583335885619666,0.5229249249208286,0.9859830015701051
Tenor_Woh_13,220.0192035898047,Tenor,Woh,13,Tenor_Woh_13.wav,Vocals/Tenor/Woh/Tenor_Woh_13.wav,Tenor_Woh_13.wav,88.72458316714845,9.365732392992657,13.353413621706586,1.0892877798146336,-4.542638613386925,2.8503717203509216,22.88766956196913,2.6674732324895607,-10.872565004010513,3.890788571614723,-5.131289672964128,3.8096713163993434,-24.523815672833944,4.913262069383251,2.905275098274213,3.471545628885612,2.8470658058062095,2.2409012574557474,5.885610592548274,2.55271824452775,-21.433208619825045,4.2807685223037915,3.099221886509143,3.383126480224046,,,,,,,,,,,,,,,1,44100,16,13638.933223497226,0.01979591836734694,0.5366852573011475,165.1784559651358,NA,NA,1.734266,0.5366852573011475,0.556923,14.445948215429977,64,0.3932288580762705,0.8074156143966148,0.8079643840235978,0.18532445464745112,1.7447805803500587,0.5429711569799235,0.9884231425592861
Tenor_Woh_14,232.7416626079715,Tenor,Woh,14,Tenor_Woh_14.wav,Vocals/Tenor/Woh/Tenor_Woh_14.wav,Tenor_Woh_14.wav,87.26529605169084,7.1633505130936825,13.957373984583041,1.2843863355818583,-7.854002067993396,3.1871171845716137,16.52195232234533,3.9468829897717894,-8.647854815969472,2.6755539887448165,-3.165788231205312,4.039279972467445,-22.64977151713352,2.972682120082126,2.4997785270986386,2.3983397792368497,0.534735237125893,2.1002095664959044,10.532358463452951,3.322098099593657,-19.98973665223421,2.3481273330384314,-7.4013050858144656,4.294344223056022,,,,,,,,,,,,,,,1,44100,16,10826.12703367741,0.028639455782312924,0.5311864441431411,138.24435758343208,NA,NA,1.724763,0.5311864441431411,0.560625,14.04417437534807,65,0.2791457815694638,-0.21306660016032491,0.1023493532991637,0.7859684972622287,0.9651993989586976,0.5406402963037381,0.982513600585766
Tenor_Woh_15,246.64533239027153,Tenor,Woh,15,Tenor_Woh_15.wav,Vocals/Tenor/Woh/Tenor_Woh_15.wav,Tenor_Woh_15.wav,89.11398817907894,7.837944182850315,14.570872454639494,1.377735543085642,-6.146640522718058,2.866916238502571,14.485525675496486,3.814136639049141,-13.254337974634726,4.136483912588699,-8.752833944604603,3.8259457922724183,-23.05956661336739,2.918730290408231,4.819939251086732,2.06945506678041,2.13904406670401,2.053736825743432,4.354169003285869,3.642623060094034,-24.401781516941586,3.3993093405471932,-5.881160008270588,3.9564212094646196,,,,,,,,,,,,,,,1,44100,16,15503.80051925914,0.028684807256235827,0.499943642034665,152.62740751112176,NA,NA,1.696401,0.499943642034665,0.55598,15.704982038001894,66,0.41279531476718745,-0.9780676978545519,-0.961660901633836,0.9999303573463897,0.019542841628584735,0.5096216111152035,0.9810095002459565
Tenor_Woh_16,261.74188873226325,Tenor,Woh,16,Tenor_Woh_16.wav,Vocals/Tenor/Woh/Tenor_Woh_16.wav,Tenor_Woh_16.wav,88.63043976226645,7.987563913995767,11.894422456148616,1.4779647002417842,-9.719001030356171,3.7381464055725373,18.038559893281338,3.564753194494198,-9.608564346012649,3.2713069295212387,-2.5786922224648157,3.5926321948740614,-23.527357888502614,3.089328511530992,-0.09953653710126592,4.002845572113109,-2.4445507330296112,2.6311503152262343,15.08162298387596,3.6850030420103805,-24.14193613613301,5.185168337706408,-11.34474189466507,4.31996453633239,,,,,,,,,,,,,,,1,44100,16,9333.433238567968,0.02453514739229025,0.5701310653667087,135.68595961677246,NA,NA,1.982048,0.5701310653667087,0.406803,11.596256983484643,63,0.247327847560478,-0.36251242172304055,-0.35314342180039143,0.9313111522534755,0.4452039122240838,0.5786155894231315,0.9853365097458198
Tenor_Woh_17,277.2909892404561,Tenor,Woh,17,Tenor_Woh_17.wav,Vocals/Tenor/Woh/Tenor_Woh_17.wav,Tenor_Woh_17.wav,89.78024637234904,7.996916975796799,11.738873341253035,1.1369902135333618,-8.703389204278425,3.1611176590892707,18.29209328087054,3.1916054846923725,-10.475327775489918,2.9771668003477996,-3.6591095940571985,3.2942080485109337,-20.530398156368637,3.902852622880485,1.4373268480521366,3.6045013337327405,-4.063848075724373,3.5073618770844597,3.0241260823295693,3.7441601866152516,-32.23694591001154,6.512996987977657,-3.3317945835476435,3.528709606315421,,,,,,,,,,,,,,,1,44100,16,12964.930696362751,0.0263718820861678,0.5381364889175068,120.5126522008818,NA,NA,1.892059,0.5381364889175068,0.469687,11.594350510425128,67,0.3812165997835414,-0.02106218971799291,-0.020694190258798196,0.8590166627196109,0.8241841841507063,0.544786408549697,0.9877935287521338
Tenor_Woh_18,293.72447212015044,Tenor,Woh,18,Tenor_Woh_18.wav,Vocals/Tenor/Woh/Tenor_Woh_18.wav,Tenor_Woh_18.wav,89.08574928842329,11.14027896303426,10.779139263015981,1.1538095552145176,-9.895892124075408,3.384357706745254,11.054500686649877,2.8985434716729706,-17.153198630667344,2.81526917794516,-2.4846987914760668,4.074056326297185,-14.74767922405018,4.5098376865764696,1.6054174755312167,3.5696395375232854,-11.244256663255134,6.354095390612586,-1.1475382578079603,4.698737375560471,-24.760466467953396,4.454342512676779,-5.639677640776892,3.49566003768042,,,,,,,,,,,,,,,1,44100,16,13376.14713972883,0.026349206349206348,0.5326980740896612,149.61369430634414,NA,NA,2.016228,0.5326980740896612,0.370296,16.80647422017831,60,0.3662050097862145,-0.9295542745919596,-0.9289388605327357,0.9998546997979249,0.03683414530293464,0.5431154558229375,0.9808192132601129
Tenor_Woh_19,311.1316862211996,Tenor,Woh,19,Tenor_Woh_19.wav,Vocals/Tenor/Woh/Tenor_Woh_19.wav,Tenor_Woh_19.wav,89.520744215346,10.60909378333774,10.033217996523568,1.2868644048251663,-9.974445484617727,3.224207883968789,8.909650924125009,2.7826989382812926,-19.128133050560766,2.92459577348838,-1.8725552204061116,3.8974957975724807,-12.795155942960415,4.8729393595856125,1.6758717386442223,3.9183503820366083,-12.387276691234133,6.195751018248798,-4.994789417863963,4.9324525486396205,-25.496140961167143,3.6695726650501643,-0.6528927805399865,4.48238032449213,,,,,,,,,,,,,,,1,44100,16,15997.89511000293,0.028707482993197277,0.5121202074986458,145.8907282924184,NA,NA,1.991207,0.5121202074986458,0.418324,17.430239981136648,62,0.43553924282931433,-0.9590069141001502,-0.9584925164233309,0.9999527402720164,0.021192586438923338,0.5215132754567933,0.9819888229117081
Tenor_Woh_20,328.1904639293455,Tenor,Woh,20,Tenor_Woh_20.wav,Vocals/Tenor/Woh/Tenor_Woh_20.wav,Tenor_Woh_20.wav,89.53069119811312,8.748846146950315,11.458783252574872,1.5373607208299809,-10.371419882080446,4.041525993265387,7.264043559714304,5.849976261601453,-20.62540956425808,3.465303056019936,-3.381759989243012,4.285600902860813,-20.85846077117995,4.968340443430188,3.153231575474875,3.258539903506452,-2.9071414181238677,4.488445701283758,-0.5418703687079469,4.390858614457611,-21.802576258710157,3.672533657846801,3.6956754989004863,3.3692101183404604,,,,,,,,,,,,,,,1,44100,16,15325.845555096645,0.029206349206349208,0.514061954248868,135.252677119733,NA,NA,1.854659,0.514061954248868,0.499832,16.118461374031885,59,0.4627476038271042,-0.8587302604426741,-0.8484993881998628,0.9983724691337419,0.08182531238242514,0.52026444190174,0.9880782018655747
Tenor_Woh_21,347.8257584440432,Tenor,Woh,21,Tenor_Woh_21.wav,Vocals/Tenor/Woh/Tenor_Woh_21.wav,Tenor_Woh_21.wav,88.62594175164227,8.257198928259387,9.175519363816635,1.42983422000883,-12.48304259814135,3.9761044212743633,6.4895892265858794,5.232035687234118,-20.426350696994298,2.9037243990401813,-2.89790543959871,4.764005791063613,-20.818635999388516,4.241743018127115,6.594719630554531,3.6626949639907274,-3.722624857286053,3.268804281723396,-6.8928082795960695,4.322748744895553,-22.34906737157227,3.6521871603983893,12.909066005847277,5.063555543713896,,,,,,,,,,,,,,,1,44100,16,12162.175777124354,0.033174603174603176,0.5342092587942977,150.89631081816566,NA,NA,2.043283,0.5342092587942977,0.386346,15.73489522516525,54,0.3523070736559264,-0.8736682175935033,-0.873290199691885,0.9989574584446416,0.06756972309823749,0.5418741105864293,0.985854921572399
Tenor_Woh_22,370.0189259188161,Tenor,Woh,22,Tenor_Woh_22.wav,Vocals/Tenor/Woh/Tenor_Woh_22.wav,Tenor_Woh_22.wav,83.71004126413736,5.646516751785268,11.060861456667931,1.160585098969538,-3.4741007117893017,1.8353311980761964,4.811753488884061,3.5015725912337534,-19.427931120072714,2.490976851380332,-4.687677605315943,3.413098503760774,-22.65835215752396,2.6471870159326465,8.513710279829036,4.4998031477611695,-5.382229862817275,3.740934157985937,0.625694602995633,4.074290719637835,-26.987920924913862,4.537065698864891,10.491236790810646,3.052701671893269,,,,,,,,,,,,,,,1,44100,16,10409.91976381123,0.03308390022675737,0.4883588139967095,137.52854022603933,NA,NA,1.373778,0.4883588139967095,0.691811,14.21051000640221,50,0.2786143486286322,-0.9567225369880167,-0.9561376615929967,0.999905285350443,0.02242080650156081,0.4941000463977901,0.9883804252945598
Tenor_Woh_23,392.22365499391714,Tenor,Woh,23,Tenor_Woh_23.wav,Vocals/Tenor/Woh/Tenor_Woh_23.wav,Tenor_Woh_23.wav,84.46724314285406,6.165620471849086,11.499507911624521,1.0093762496637133,-3.8922271352981,2.5064307689626073,1.6931971492980737,2.8054594643995348,-21.873702111872,2.891343756975781,-6.098725863576107,3.149984420770675,-21.064631208524652,2.385616583315945,10.869437997788436,4.268804107045384,-3.457727560732631,3.50007443236507,-3.4688420107582916,3.50524383600127,-24.02498931433781,3.279583846430123,17.073536659499293,5.093194128311289,,,,,,,,,,,,,,,1,44100,16,10802.628411834008,0.035215419501133785,0.4809283742365191,148.6740508739674,NA,NA,1.361422,0.4809283742365191,0.693642,14.21010668524948,50,0.29216519446749545,-0.9600182043650042,-0.9596176986438104,0.999884054512166,0.02060484513816298,0.4862700322599719,0.9890150375941796
Tenor_Woh_24,415.305,Tenor,Woh,24,Tenor_Woh_24.wav,Vocals/Tenor/Woh/Tenor_Woh_24.wav,Tenor_Woh_24.wav,89.54297293959343,6.957738570184937,9.291583739830404,1.2370428498543882,-12.842883738100248,5.115458372784221,5.749672207487085,2.9363737040281657,-17.820432926152222,2.5036675567946713,1.5371754649070344,4.061712798760387,-21.600871816476364,4.064588243564587,3.673726762721878,3.5320030439043406,-2.253568509973626,2.1940377636699497,-0.3109605199980309,3.0998894778737087,-26.85568511070082,2.8950113008656437,7.590689470402241,3.604651003857756,,,,,,,,,,,,,,,1,44100,16,9893.007320782941,0.040226757369614514,0.565523431501979,131.35201239004397,NA,NA,1.949853,0.565523431501979,0.4443,19.4963741937577,49,0.2838451589223091,-0.760793897299951,-0.7604271327145224,0.996392809393393,0.1355970252065624,0.5729535407100586,0.9870319167608748
Tenor_Woh_25,438.354847707908,Tenor,Woh,25,Tenor_Woh_25.wav,Vocals/Tenor/Woh/Tenor_Woh_25.wav,Tenor_Woh_25.wav,89.39199117055,6.191396856420783,7.90146023325332,1.256922976596158,-15.310650738827567,4.6655893222653795,4.266399598719373,2.970259644824936,-20.324054237422136,2.8884827027726843,0.9524448829033074,3.518951969956125,-20.61265184117488,4.987576406759926,8.133612158242578,4.140909085886993,-3.8340719585002376,3.190636431750431,-6.155771923964846,3.7857621086880378,-25.419283714209538,3.4287026421605353,12.151402603214827,3.550319009239863,,,,,,,,,,,,,,,1,44100,16,8004.049668983311,0.040634920634920635,0.5900549983942497,151.93930081833204,NA,NA,1.950559,0.5900549983942497,0.450658,19.633837350185107,48,0.23101479615781756,-0.6217916443117837,-0.6199454359361617,0.9851688087940289,0.23112994663251143,0.5983918975532252,0.9860678274671426
Tenor_Woh_26,473.46677844758,Tenor,Woh,26,Tenor_Woh_26.wav,Vocals/Tenor/Woh/Tenor_Woh_26.wav,Tenor_Woh_26.wav,92.4973143361173,7.144852355186667,4.595147382997236,2.2834663737144765,-21.060262684059904,3.8003616281490866,2.987771339604305,2.509661497588534,-12.980041547511636,2.864067678673499,3.9640556553193806,2.2565310266356198,-18.385041902146064,3.967130002880945,4.589109031905562,2.314529365876094,-6.059871955333338,3.756284235507186,-2.3719477127206625,3.3930403047759876,-29.213940048329302,4.105952476214821,2.9303313236731867,3.377427055623568,,,,,,,,,,,,,,,1,44100,16,8122.220607152907,0.06140589569160998,0.6246469439941194,149.36541117694873,NA,NA,2.044099,0.6246469439941194,0.378532,18.7793908643777,48,0.198394705817579,-0.5945376788161293,-0.5908478955543784,0.9800484880991687,0.2520598622188126,0.6344742306380441,0.9845111335190995
Tenor_Woh_27,493.389868760032,Tenor,Woh,27,Tenor_Woh_27.wav,Vocals/Tenor/Woh/Tenor_Woh_27.wav,Tenor_Woh_27.wav,94.02182424630305,7.222973983864492,5.753553070465888,1.6961686785863461,-20.142232515235612,3.0925768399642424,2.4594975590830974,2.197837396637601,-15.800532504167407,2.70731383526839,2.404111481695732,2.4184609143116,-17.503798945324412,4.476827346958343,7.1021154409333676,3.5558325557616604,-8.382697423628166,3.9340427458372647,-7.943140081999064,2.342449141412532,-27.943874485709678,3.2541600869921377,9.282352674875368,4.098701078141192,,,,,,,,,,,,,,,1,44100,16,9765.280281185544,0.05984126984126984,0.609768470631246,125.7778892772199,NA,NA,2.041767,0.609768470631246,0.387383,19.870912820666987,47,0.2370752950918458,-0.6405011178777588,-0.5807020164397624,0.9842761238928612,0.2610896865585739,0.6196834361495706,0.9839999507168826
Tenor_Woh_28,522.761113029064,Tenor,Woh,28,Tenor_Woh_28.wav,Vocals/Tenor/Woh/Tenor_Woh_28.wav,Tenor_Woh_28.wav,93.38159878182533,6.939937485651132,1.5138656243972948,2.4399931950217426,-22.394812774175968,3.493963715483912,1.1016845994003857,2.470008879627615,-13.197708009552478,2.9490529176733173,1.7746392349855933,2.5459206712835614,-14.13609932509169,4.257315170298299,9.207592279636124,3.6716769892373557,-7.737340558851569,3.9816523737052663,-11.518967463332059,3.4411094203562604,-23.40399864822239,3.8117910841516296,11.790757133007094,3.8701690341960506,,,,,,,,,,,,,,,1,44100,16,8291.551880068662,0.07172335600907029,0.622024797267516,141.15674430706443,NA,NA,2.093246,0.622024797267516,0.355414,18.964638904552675,44,0.19951193873227618,-0.6385488485046732,-0.636071460389509,0.9810696504536491,0.21822961514209716,0.6324216296082911,0.9835602834343053
Tenor2_Ah_1,98.3657921698836,Tenor2,Ah,1,Tenor2_Ah_1.wav,Vocals/Tenor2/Ah/Tenor2_Ah_1.wav,Tenor2_Ah_1.wav,75.21320342023324,7.364610798055053,21.497670027106647,2.072820170237964,-2.043928654011764,2.2314445244151453,2.549879015869432,1.6797058300096201,-6.354908590337436,2.4331721648691023,17.05898155499609,2.609335358835644,-19.261917917686027,2.518976824461606,-19.391867678491863,2.070521495039373,-0.5954922837330633,1.9235747207122638,11.350385496440271,2.067165441584384,7.241300033449341,2.280054019683785,2.286658440108351,3.2879545937643853,,,,,,,,,,,,,,,1,44100,16,4880.597880546279,0.019954648526077097,0.5331592087530338,199.71825485958698,NA,NA,1.196668,0.5331592087530338,0.714625,18.63485658788319,32,0.10458960215125596,0.41646325898634934,0.22044530835976148,0.5399572615477705,0.8453394144600719,0.5439907842495055,0.9800886783194037
Tenor2_Ah_2,104.19661878483404,Tenor2,Ah,2,Tenor2_Ah_2.wav,Vocals/Tenor2/Ah/Tenor2_Ah_2.wav,Tenor2_Ah_2.wav,77.42700495538121,3.175156217817393,21.424992607764295,0.9562010838896371,-3.0733264879884374,2.189312493119762,1.8673389750462783,1.531574150908878,-5.225143004462315,2.679369369606204,14.59059984994663,1.940483218288013,-24.663836960467922,2.127231582376018,-14.159721515117567,2.168056865506373,3.9003818405695805,2.0145865366101994,13.356285712162434,2.0431377410420977,5.174587417700431,2.0086910344117563,-0.09440678152296778,4.11018187328244,,,,,,,,,,,,,,,1,44100,16,4901.548502868862,0.021156462585034015,0.5467089030245041,167.9791155825481,NA,NA,1.230745,0.5467089030245041,0.709435,17.855886766054358,35,0.10447319443789123,0.8224010032553455,0.7909901634404083,0.11623630406180997,0.9960204774860704,0.5569896503218177,0.9815423010259284
Tenor2_Ah_3,110.36209421977814,Tenor2,Ah,3,Tenor2_Ah_3.wav,Vocals/Tenor2/Ah/Tenor2_Ah_3.wav,Tenor2_Ah_3.wav,78.92533873742745,2.7242279899469652,20.98488497189005,1.1533406609706565,-3.430916688200897,2.490877717871404,0.36521123921745846,1.3495712508739748,-3.8389720990654164,2.496135041581895,11.785984228715252,2.1127215717716945,-28.088378340049932,2.400945539785218,-8.500258656059927,2.5195417091273486,8.688520276110836,1.7810755214455998,14.010958940939004,2.267734711795849,0.25410806729205415,1.8258603801472435,-2.469862837278851,4.251050104451967,,,,,,,,,,,,,,,1,44100,16,4908.880719976965,0.023333333333333334,0.5582735346586863,175.276742521739,NA,NA,1.232339,0.5582735346586863,0.708647,17.836315913733912,32,0.10402768526491316,0.6094613981254245,0.7116321291079376,0.16659924554246525,0.9888640522728745,0.5688364535199785,0.981430657624123
Tenor2_Ah_4,116.92400068165784,Tenor2,Ah,4,Tenor2_Ah_4.wav,Vocals/Tenor2/Ah/Tenor2_Ah_4.wav,Tenor2_Ah_4.wav,80.52069343009309,2.967949475353735,20.49970440683271,0.9108718214042182,-4.5741829612971525,2.4843389251123607,-0.25074395921330134,1.2081088934456023,-2.7659601951784127,2.353098099893248,7.860880133561543,1.8423117108111513,-30.34583920743816,2.008767772901277,-0.607082021003071,2.6327687015125196,11.386636375844061,1.6674359606325695,12.828520621807206,1.9638269191006683,-3.1731580886098087,2.317189105956182,-2.8394033480066865,3.4642181572210196,,,,,,,,,,,,,,,1,44100,16,4934.470038321893,0.025147392290249433,0.5713107519086754,170.86416905764628,NA,NA,1.324782,0.5713107519086754,0.689745,18.606439966449823,31,0.10461569805321108,0.4016828850706901,0.4897823929059003,0.3265874054422754,0.9536012862115693,0.5821532137028311,0.9813752435974864
Tenor2_Ah_5,123.86722789523512,Tenor2,Ah,5,Tenor2_Ah_5.wav,Vocals/Tenor2/Ah/Tenor2_Ah_5.wav,Tenor2_Ah_5.wav,82.01187083756432,2.868769825079399,19.93905177379612,0.8880031274345069,-5.163336140290455,2.5486182108174247,-1.7061198883295603,1.3409895538340146,-1.7135359546878726,2.3376269526956333,4.02537026032263,1.9134257101178005,-30.17004382256809,1.9563035105613842,6.495009618095959,2.4486360184484908,13.036560258464718,1.6450183753942724,10.160602832710408,2.113665952921226,-8.073549163710585,2.7495664980135497,-1.1359794282043194,2.507349589513934,,,,,,,,,,,,,,,1,44100,16,4966.563794322089,0.027755102040816326,0.5824244677580113,149.6297975096292,NA,NA,1.398157,0.5824244677580113,0.657489,18.25935341693869,29,0.10497987692175578,-0.3069536570790178,-0.10800340703680957,0.7881148926812442,0.6344707919403227,0.5935432957115888,0.9812670313456284
Tenor2_Ah_6,131.25766062152115,Tenor2,Ah,6,Tenor2_Ah_6.wav,Vocals/Tenor2/Ah/Tenor2_Ah_6.wav,Tenor2_Ah_6.wav,83.72886600465225,2.995322905419571,19.1508715063412,0.8109277436621279,-5.73318652140095,2.5304261395005803,-2.707589709840285,1.4001810970969955,-0.08916041302379425,2.4628971440728753,-0.955629595401604,2.2189278772070615,-28.1876937090891,1.7568519706324164,13.364907765406468,2.3912553142730806,12.5771203243963,1.8684095264730898,5.678113664222182,1.8880527207076554,-9.79070902080645,3.29420936224338,1.3877355219646312,2.140006754184941,,,,,,,,,,,,,,,1,44100,16,5019.684013322431,0.03018140589569161,0.5938669048862633,137.33987957573024,NA,NA,1.475265,0.5938669048862633,0.621094,20.098674373048027,29,0.10601343324004037,-0.3341489227360416,-0.32831227795257145,0.9144302032700672,0.4623999569984924,0.6053318057980135,0.9810601379244629
Tenor2_Ah_7,138.14917298596671,Tenor2,Ah,7,Tenor2_Ah_7.wav,Vocals/Tenor2/Ah/Tenor2_Ah_7.wav,Tenor2_Ah_7.wav,88.35806459277985,3.9834640846149942,16.38252572430422,1.373673709120766,-6.766791431691108,2.726591463598451,0.2995530845241561,1.91019581010466,-1.1580581346506353,2.972540145804935,2.770901826149131,2.318083006423669,-32.09464202645727,4.596589351066734,7.280136912164791,2.934456232612776,15.915404465122501,2.2952260390888233,5.125819066646513,3.2142370502984634,-7.6157628977097716,2.689573999476603,3.891190114092372,3.2573628552845397,,,,,,,,,,,,,,,1,44100,16,5969.616469840611,0.03841269841269841,0.6170843660486329,152.0861831781169,NA,NA,1.659361,0.6170843660486329,0.5747,15.545314927380636,31,0.12418211075109786,0.11758327950463023,0.3414828984733587,0.4823737086248027,0.9826564553800956,0.6306679603332677,0.9784615754422396
Tenor2_Ah_8,146.32095904455133,Tenor2,Ah,8,Tenor2_Ah_8.wav,Vocals/Tenor2/Ah/Tenor2_Ah_8.wav,Tenor2_Ah_8.wav,89.96621839024661,3.848305241992294,15.402646359776497,1.5638085251098583,-7.232871812677262,2.6154957479548777,-0.5393210638678086,1.3353165181359365,-0.5038847217870873,2.082423987758376,-1.697607209565592,1.789367687648571,-30.322918248773064,5.099680902760655,14.989201404031336,2.0324424399315566,14.278728313954812,1.7952826422627677,1.5819800634212693,3.308571076352339,-7.15571102448673,3.577202519725549,4.21301009117156,2.3093109312739446,,,,,,,,,,,,,,,1,44100,16,6025.636943154519,0.03997732426303855,0.6282160223126866,156.09012178772284,NA,NA,1.722486,0.6282160223126866,0.540067,16.65377574928215,32,0.12399270265675287,-0.08239357773346795,-0.03756509989685085,0.8040585484896696,0.7458365830439658,0.6422144786897832,0.9782028327893578
Tenor2_Ah_9,154.597081877652,Tenor2,Ah,9,Tenor2_Ah_9.wav,Vocals/Tenor2/Ah/Tenor2_Ah_9.wav,Tenor2_Ah_9.wav,92.72986857272714,7.219843513696073,15.73076539875051,1.6087361218560647,-10.475410642533664,2.7486433555101506,2.6016883769286063,2.911306101824308,-5.742007748704468,2.637567409009622,3.9056865146225928,2.4095811096291495,-30.48649000723052,2.679024416446945,5.207960609974228,2.6536342188400894,10.081073503145566,2.8076459606196416,12.629437932383397,3.597688399912989,-13.932068804480856,3.097966089626612,-3.7330232666568777,2.865534582797511,,,,,,,,,,,,,,,1,44100,16,7731.202242508516,0.053061224489795916,0.636735039287236,141.057152164378,NA,NA,1.944676,0.636735039287236,0.445714,17.826693649956795,41,0.1469724775761597,0.4494348719019126,0.4848721614842344,0.36831569341947556,1.0616815456375364,0.6535792628463296,0.9742277264340713
Tenor2_Ah_10,163.92428153203957,Tenor2,Ah,10,Tenor2_Ah_10.wav,Vocals/Tenor2/Ah/Tenor2_Ah_10.wav,Tenor2_Ah_10.wav,94.23735153096374,6.862323127114154,14.882153875666035,1.9368068758043553,-11.135268793970399,2.212567541979675,2.1503929921046208,2.668214292138278,-6.226020561159815,2.5482490947321517,0.7650139164014954,2.559677983688665,-29.425123732256388,2.9872046828518397,11.16732799247195,2.75537657283563,9.84042483171226,2.235120755922133,9.32368441304353,2.710162796487424,-17.98651471177972,3.2416312524834394,1.6301104055176754,2.564241519267923,,,,,,,,,,,,,,,1,44100,16,7837.791486981487,0.0581859410430839,0.6454604420611402,131.31603252052818,NA,NA,2.020757,0.6454604420611402,0.390468,19.812668171834865,41,0.14896418343749057,0.2154204437436501,0.30621295076257,0.5842353381252151,1.099956774619963,0.662499619650317,0.9742804718919379
Tenor2_Ah_11,174.17823400195684,Tenor2,Ah,11,Tenor2_Ah_11.wav,Vocals/Tenor2/Ah/Tenor2_Ah_11.wav,Tenor2_Ah_11.wav,91.00552068581054,3.582891527813243,16.896967496552413,1.041366048683547,-13.6121865200779,1.419426197851444,2.189990290312205,3.0374461691878687,-6.632811546240331,1.6076804942253573,0.3300604000920627,2.2244149529678454,-30.203003233145,2.419342575762073,9.101722041336174,2.4723198323533584,3.9640306606988966,2.353239211574964,17.877409438744863,2.5928525124291406,-16.475501237323925,2.4071363652895497,-5.548650620061602,2.8593190454806536,,,,,,,,,,,,,,,1,44100,16,7507.501079548855,0.04523809523809524,0.6166594988408924,145.71538974467262,NA,NA,1.708699,0.6166594988408924,0.563569,22.2496432347518,47,0.1568449270262695,-0.3243569800598866,-0.3089105938778482,0.9147562238391144,0.4829805323880759,0.6294836087104129,0.9796275714060411
Tenor2_Ah_12,184.39123603944012,Tenor2,Ah,12,Tenor2_Ah_12.wav,Vocals/Tenor2/Ah/Tenor2_Ah_12.wav,Tenor2_Ah_12.wav,92.04844046098232,3.954530466439967,16.14149790993641,0.9816125331428998,-14.119640044437402,1.344122324773409,1.322505569782442,2.9556769046535734,-6.343694032304169,1.6279364943996142,-2.98538352967071,2.3331711693057744,-27.927271454957673,2.229910419274204,14.397753509920133,2.6595972823723684,2.9048926670895563,2.473832845831772,13.635386825837266,2.3668342682194172,-24.17177132567461,2.5920496063556677,2.684901339914906,2.5514802305794806,,,,,,,,,,,,,,,1,44100,16,7661.220732382245,0.04736961451247165,0.6252829728184647,138.00935135116794,NA,NA,1.660137,0.6252829728184647,0.566026,21.844098444629207,47,0.16053046786040567,-0.3181352850825545,-0.31758836305382826,0.9341201653434567,0.4838039626116632,0.638421099963158,0.9794209070698768
Tenor2_Ah_13,195.38023976705855,Tenor2,Ah,13,Tenor2_Ah_13.wav,Vocals/Tenor2/Ah/Tenor2_Ah_13.wav,Tenor2_Ah_13.wav,94.95737344426328,8.2047326884666,13.196683737733725,1.3644999811834921,-14.791484704444802,1.8999750196609704,7.653508792069502,1.995754447259952,-10.961407914556732,2.5448612120272887,0.9872997906381342,2.333600097155289,-28.266811331824883,1.9865383065053357,6.90328658928932,2.406261521696922,6.201274725697905,2.6111986014685034,13.674469865561433,3.8584751538784583,-22.983732680390844,4.038521477200756,4.073834738281686,2.764937295658355,,,,,,,,,,,,,,,1,44100,16,8073.250533428299,0.059297052154195014,0.6601594199703364,132.82866336136624,NA,NA,2.030146,0.6601594199703364,0.379162,15.547366822281422,44,0.173850202614394,0.2826451837362263,0.4450849072104646,0.44157804558582925,1.1499376703267963,0.6759507368279962,0.9766383613519485
Tenor2_Ah_14,207.08333728252765,Tenor2,Ah,14,Tenor2_Ah_14.wav,Vocals/Tenor2/Ah/Tenor2_Ah_14.wav,Tenor2_Ah_14.wav,96.7851074311376,7.5722711926754815,11.91402184898708,1.3301460560454874,-15.057714431292057,1.640476366497467,6.725121509418731,1.6424006295119637,-12.238507370199867,2.200161912075643,-2.5247395901866785,2.1975553009502278,-26.196649554484132,2.1010430632042656,11.973842570705488,2.662090128929644,5.798381235652467,2.331387495709889,8.766241735056179,3.670338272191856,-24.68785247224114,4.727390054591934,12.238541980865284,3.805092033076103,,,,,,,,,,,,,,,1,44100,16,8287.497476476776,0.06303854875283446,0.6694700507583511,123.94264221560388,NA,NA,2.048039,0.6694700507583511,0.380684,16.00624981024376,47,0.1785894874683468,0.1850408973831014,0.19840074697439494,0.6895673225325463,1.0309116323312497,0.6851119030346642,0.9771689088935276
Tenor2_Ah_15,220.1228014371056,Tenor2,Ah,15,Tenor2_Ah_15.wav,Vocals/Tenor2/Ah/Tenor2_Ah_15.wav,Tenor2_Ah_15.wav,95.72102174669844,3.53916553249713,13.59641156855722,1.3147462057811015,-14.606237214548532,2.6686436571584244,3.2073631384663153,1.7867292614432055,-9.50287815304095,1.6704254772300824,-3.3398788478516477,2.3791008347521183,-28.344938944671807,2.7506794634443263,14.220205633718134,2.1014614899859856,8.072694610131249,1.9820776340390165,1.980030084367655,2.5681416128024788,-20.447356525018055,2.210465355904997,2.6292477549677638,2.100507879725497,,,,,,,,,,,,,,,1,44100,16,9185.004713818009,0.06183673469387755,0.6332914446520423,132.64048647861955,NA,NA,1.875424,0.6332914446520423,0.484951,18.942055717167403,55,0.2146785612869318,-0.40988731338251017,-0.4098368371658944,0.9574106025473089,0.40077578797420804,0.6440892561360654,0.9832355354771793
Tenor2_Ah_16,232.94032978834983,Tenor2,Ah,16,Tenor2_Ah_16.wav,Vocals/Tenor2/Ah/Tenor2_Ah_16.wav,Tenor2_Ah_16.wav,97.71265872923959,5.215708230101712,12.105552991983947,2.2621996279380707,-16.203776600480666,2.3040177342646557,10.810858587049047,2.533239786324704,-10.223963121682294,2.010719494360046,-0.4762247777509033,2.4949673850986227,-26.410230466625748,2.554649937640758,-1.4059151734187394,4.0724362083238885,1.2044679322313827,3.2376175637470435,12.993400722641905,3.9639314920995594,-22.183790914973493,3.63191641071871,-0.7424135156899129,2.115347351591319,,,,,,,,,,,,,,,1,44100,16,10137.62314018013,0.05165532879818594,0.6563105326907782,136.84066237037348,NA,NA,2.086365,0.6563105326907782,0.325101,12.197547358485677,49,0.2466019070838807,0.8372097262788577,0.8461190530640349,0.1098795301484681,1.318231387237458,0.6662406859611222,0.9850952463882948
Tenor2_Ah_17,247.1786843667273,Tenor2,Ah,17,Tenor2_Ah_17.wav,Vocals/Tenor2/Ah/Tenor2_Ah_17.wav,Tenor2_Ah_17.wav,98.46729100447789,4.861147674295241,10.261009100413107,2.3039345402051,-16.749368725446395,2.0378021899399874,10.012417606637275,2.173142324981251,-12.003823342451167,2.085033421313866,-2.2808946139243207,2.1774553470576414,-25.60660784589043,2.7437004823546647,3.0866534157043257,3.075119145705982,2.158100826607029,2.5971135640996805,7.789795732667726,3.074638346842332,-26.74342251034198,3.124349144252188,8.016403516967545,3.4196703916529376,,,,,,,,,,,,,,,1,44100,16,10247.379946282299,0.05521541950113379,0.6643219252559709,130.155374574762,NA,NA,2.051248,0.6643219252559709,0.375573,12.36849898566512,50,0.2489952915555097,0.699042061338529,0.7576064861278116,0.19594838688707794,1.4208307402177793,0.6742703970567501,0.98524557530005
Tenor2_Ah_18,262.16246784229463,Tenor2,Ah,18,Tenor2_Ah_18.wav,Vocals/Tenor2/Ah/Tenor2_Ah_18.wav,Tenor2_Ah_18.wav,101.12367858099142,4.285120036889596,11.035196377843317,1.491299773804255,-20.57712182276412,2.115846637685248,8.533863523382074,1.9576859461223621,-15.580335380683119,2.1373629056279944,-2.8520743826061272,2.0631497914760426,-27.4343356664046,2.419373417309543,2.0461485799508963,2.293846895461304,4.868011782992348,2.716917540787776,7.286826228228749,2.6801406235005754,-15.006934799104052,2.664111202125812,-0.2006197499190419,2.7981048167857994,,,,,,,,,,,,,,,1,44100,16,12002.45143263464,0.0536281179138322,0.6664697833548229,136.30138125646477,NA,NA,2.136767,0.6664697833548229,0.296232,17.922827479832016,55,0.27082410767694254,0.3684527395318432,0.37569231454598706,0.5345481409673729,1.1779027976387584,0.6776320867881902,0.9835274868900116
Tenor2_Ah_19,277.30303318410455,Tenor2,Ah,19,Tenor2_Ah_19.wav,Vocals/Tenor2/Ah/Tenor2_Ah_19.wav,Tenor2_Ah_19.wav,101.916510323022,4.2897018141589545,9.306227728028748,1.478408972056156,-20.763122053919215,2.12341590571966,7.9691156664603096,1.8870582947495922,-15.69026116878581,2.1784149831002604,-2.0801504020428494,2.209923449966492,-24.792303834815346,2.60403871623165,9.03672424127723,2.666876537242105,3.9674718801660447,2.609103853806439,2.025269051012232,2.450955474377416,-19.66715874383788,2.8547849794712494,3.97918187629495,3.023762448795093,,,,,,,,,,,,,,,1,44100,16,12148.48312099985,0.056643990929705214,0.6750791151349385,133.70641195386497,NA,NA,2.188185,0.6750791151349385,0.270057,17.822579245902336,52,0.27315063164096587,0.37881632928417935,0.3790617530469317,0.5388439718504948,1.1967359332192653,0.6863492230863141,0.9835796303510081
Tenor2_Ah_20,293.7473594298819,Tenor2,Ah,20,Tenor2_Ah_20.wav,Vocals/Tenor2/Ah/Tenor2_Ah_20.wav,Tenor2_Ah_20.wav,100.30534210693519,3.6404526079948663,10.195145627944434,1.1775578111391114,-19.282294070899066,2.985382796122091,7.655048629914377,1.8720553873754269,-18.9306421176817,2.329255487499815,-2.5722436733656946,2.303262455218426,-25.291130745149307,2.7016714912374913,4.153064751175966,2.6802436594742343,6.451317341648565,2.740932527754543,4.978726753209495,3.1019594101691683,-22.68882514947586,3.693480320805132,2.0947096991937366,3.406219568237819,,,,,,,,,,,,,,,1,44100,16,11127.416664703342,0.05943310657596372,0.6616611679653143,115.46223030985425,NA,NA,2.141474,0.6616611679653143,0.275577,10.964096634210257,55,0.22566106381738918,-0.15806172098620647,-0.15790262171208197,0.8772220381272425,0.6379693461537199,0.6767750355116215,0.9776678116755863
Tenor2_Ah_21,311.7541741997777,Tenor2,Ah,21,Tenor2_Ah_21.wav,Vocals/Tenor2/Ah/Tenor2_Ah_21.wav,Tenor2_Ah_21.wav,100.62768002479741,4.037333204909182,7.671834028664196,1.2834097035848915,-19.614516864023695,3.093503349583401,6.207459685395122,2.2212656831081676,-18.183095482056242,2.80500681815262,-2.2714700987921175,2.62086938871566,-21.56647001583829,2.9999640546210826,9.703558227609857,2.6809076000807073,6.558502448251453,3.2449492482497746,-2.414647025645821,2.9838932093585515,-23.731769362676705,4.332027930894787,4.9634414100124475,3.45750267722863,,,,,,,,,,,,,,,1,44100,16,11243.854854780675,0.06224489795918367,0.6676189747366575,131.68164360045319,NA,NA,2.232159,0.6676189747366575,0.201008,11.719914212439264,54,0.22796272646601443,-0.2232395038054189,-0.1884671219779072,0.9060084137713158,0.6186587764551849,0.6830068046623031,0.977470458829098
Tenor2_Ah_22,330.48509298069547,Tenor2,Ah,22,Tenor2_Ah_22.wav,Vocals/Tenor2/Ah/Tenor2_Ah_22.wav,Tenor2_Ah_22.wav,101.5737256969234,3.988440589913167,8.68929659411036,1.5884636570715123,-20.921307467327285,2.14287141900828,2.4195130758791565,1.9351660507992057,-18.990576418575973,2.2565091236601695,0.9318640328224221,3.452994527260463,-23.74334987303295,2.743475753739354,2.991276999509057,2.5624982288957345,5.288361801752127,2.2250183398012786,4.777878557511636,3.854092126485811,-21.298072477006535,4.848933456609209,4.565943054613568,4.5202145220850305,,,,,,,,,,,,,,,1,44100,16,12756.272455028691,0.046802721088435376,0.6549294366321756,131.29288568918756,NA,NA,2.193985,0.6549294366321756,0.238676,14.17113714117623,55,0.2844991345960153,-0.32140618357114575,-0.14476734610737496,0.8637645723165981,0.6453011347962254,0.6677114347841644,0.9808570027617985
Tenor2_Ah_23,349.65125676693975,Tenor2,Ah,23,Tenor2_Ah_23.wav,Vocals/Tenor2/Ah/Tenor2_Ah_23.wav,Tenor2_Ah_23.wav,102.18906632222928,3.849386116496197,6.057908004530577,1.951086155368805,-19.85400317089893,2.1969675224810654,0.6749874011296391,1.629503712678713,-16.917989557906203,2.8497683394915647,0.5985873406602962,3.45720874287817,-21.78288273707963,3.0388239573306706,5.176370770065899,2.6045351909781584,4.318785639631517,2.635014749215891,-4.308062907298982,2.872903982801641,-23.15212211663022,2.683635699743238,8.889496701954004,6.397899797398139,,,,,,,,,,,,,,,1,44100,16,12939.478310971168,0.04934240362811791,0.6583183713781653,142.48630592912502,NA,NA,2.21587,0.6583183713781653,0.217948,14.474222994661341,51,0.2867349997696461,-0.3694753469311805,-0.3594689936881776,0.943567568747362,0.44457379104563494,0.6713981981750918,0.9805185256194038
Tenor2_Ah_24,368.8160874816282,Tenor2,Ah,24,Tenor2_Ah_24.wav,Vocals/Tenor2/Ah/Tenor2_Ah_24.wav,Tenor2_Ah_24.wav,100.88706719954837,4.884663382187631,6.364146918133584,2.1703761003845323,-22.072593847130115,2.330417169384794,-2.26818951771145,2.253211515610355,-13.016017382450695,4.171196706669809,3.239799304997214,2.677787967193903,-24.786704638194497,3.7004005752392977,9.02388917221659,2.9672655410558066,-0.8416049389580899,2.205354909952583,3.1960607310603306,2.9842058557642943,-19.892735571901458,4.962541344190698,4.208879872933786,3.680453408423348,,,,,,,,,,,,,,,1,44100,16,13116.008873338207,0.06643990929705215,0.6488726674069732,140.44039943947772,NA,NA,2.154578,0.6488726674069732,0.302342,13.4432792368237,44,0.2693716343865449,-0.08049678367094693,-0.08031317185773475,0.838873673098073,0.7141457567317493,0.6638442102027717,0.9774472043806401
Tenor2_Ah_25,390.3960200708075,Tenor2,Ah,25,Tenor2_Ah_25.wav,Vocals/Tenor2/Ah/Tenor2_Ah_25.wav,Tenor2_Ah_25.wav,102.19994081703118,5.003950594355116,4.254006146783591,2.801104307350542,-20.5591228582249,1.9531222017987684,-5.00041768867313,2.842349122811954,-10.906041098590707,4.420018558699731,-0.23934980282855112,3.3388307150606633,-21.2397260875089,2.76124134366433,9.218805132635454,3.164669529672108,-1.1771078143812206,2.343108654621606,-1.8943914976543756,2.8925600835922425,-18.864503945849915,3.6390365896997894,9.018883967055213,4.303953346253301,,,,,,,,,,,,,,,1,44100,16,13368.03162811496,0.07258503401360544,0.6538807209574311,141.4836740531134,NA,NA,2.160937,0.6538807209574311,0.290716,12.969194662333054,44,0.2710172732080508,-0.05817869283599386,-0.06044736610095841,0.847712189572303,0.7510700162606223,0.669339480538486,0.9769044557649307
Tenor2_Ah_26,415.305,Tenor2,Ah,26,Tenor2_Ah_26.wav,Vocals/Tenor2/Ah/Tenor2_Ah_26.wav,Tenor2_Ah_26.wav,100.46206746793132,3.5264531445983707,6.629377690904131,1.6272847826963643,-22.311487472906443,1.5938350843384368,-5.037641041285747,2.4148190138426213,-9.00582736124492,2.9204348622065432,8.025410879587996,3.708391646826116,-23.21960181232908,2.7007856458236565,2.4916404713411766,3.4083293077307966,-7.726963747831743,4.062448126277901,10.139545506387348,3.713804675615221,-13.732279783714313,3.7391907919352643,-3.5253317024679016,4.502701905671883,,,,,,,,,,,,,,,1,44100,16,14342.689010358841,0.07204081632653062,0.6420904791956954,143.46086302390378,NA,NA,2.060021,0.6420904791956954,0.371851,15.586263927472036,50,0.3846294583566705,0.3163827683991764,0.3151970929962073,0.4730591392593298,0.9085329492704866,0.6487672030341922,0.9897085983889587
Tenor2_Ah_27,439.902181207636,Tenor2,Ah,27,Tenor2_Ah_27.wav,Vocals/Tenor2/Ah/Tenor2_Ah_27.wav,Tenor2_Ah_27.wav,101.15310041236077,4.158908302889722,4.899281118959655,1.4840043414137065,-22.655691797364902,1.7849396262269321,-6.288979843763389,2.978787032028244,-7.967483437968632,3.6388577131863022,5.543312242562568,3.7149163437229213,-21.833033998292116,3.377020248642672,5.205688078474492,4.025450330279433,-5.51818876926311,3.3133826097455223,9.38556717491386,4.2591898676373185,-16.729558690414397,3.447879690647718,1.5490797349942835,3.624879277914854,,,,,,,,,,,,,,,1,44100,16,14586.347843765992,0.07639455782312925,0.6452028657306692,154.92555718159926,NA,NA,1.994053,0.6452028657306692,0.41468,14.916421465803419,50,0.3918062856635962,0.32649400885947427,0.3271264496818348,0.49529031792627926,0.9768743040657234,0.6517273916361979,0.989988872664768
Tenor2_Ah_28,468.116922288096,Tenor2,Ah,28,Tenor2_Ah_28.wav,Vocals/Tenor2/Ah/Tenor2_Ah_28.wav,Tenor2_Ah_28.wav,100.45049909076204,4.421740272073025,1.9903817219916584,2.6284165499670826,-23.100710868659863,2.143310740685826,-5.165450861695532,2.1617873646139896,-11.315299460112724,2.930653246086063,13.44260120271068,3.268767830725408,-19.712999523143075,3.7485038368818335,4.40604766095315,2.907087087695951,-4.231119684060195,3.6758222665198454,1.5900444761094121,3.4241003372700862,-14.045753367747938,4.17322696523252,-4.1163938508544655,3.3304332436135295,,,,,,,,,,,,,,,1,44100,16,13639.256184445836,0.07959183673469387,0.6502670192819828,152.00179403175605,NA,NA,2.235356,0.6502670192819828,0.206461,15.810820881562726,45,0.37549152603952574,-0.355140464343761,-0.3490658437823026,0.907920197690102,0.4380781490542133,0.6585206812414012,0.9874663587727281
Tenor2_Ah_29,495.833513970984,Tenor2,Ah,29,Tenor2_Ah_29.wav,Vocals/Tenor2/Ah/Tenor2_Ah_29.wav,Tenor2_Ah_29.wav,101.67958701959047,4.504625833388286,0.006362321602978167,2.6675787509914977,-21.891280059826162,2.105338594127715,-6.9064383149707185,2.4995760821009303,-8.951604647980478,2.4091240425666705,10.453727169616979,2.4209900469252434,-17.96684290574399,2.575728950011779,6.302680849035532,3.169555588908777,-4.238826136716256,2.979944564559631,-2.755682524105235,3.7091210748728027,-15.410048623273255,3.80698404706426,-2.092179576356125,2.659696082948676,,,,,,,,,,,,,,,1,44100,16,13940.518589203672,0.0844671201814059,0.6557025073480435,148.1872167604961,NA,NA,2.205794,0.6557025073480435,0.246574,14.871530872376873,41,0.3862338072491661,-0.36913192148692403,-0.3606283288676839,0.9196165323239895,0.43213620251623713,0.6639782769418779,0.9875360838129363
Tenor2_Ah_30,525.77641255548,Tenor2,Ah,30,Tenor2_Ah_30.wav,Vocals/Tenor2/Ah/Tenor2_Ah_30.wav,Tenor2_Ah_30.wav,101.81011268873083,4.879184235524026,-1.6987109369600004,2.846832269659253,-22.01790361453518,2.075853058791051,-6.526984582963524,2.1902678722882842,-4.9011328160036625,2.9985798305066496,9.501887222591371,2.6941561935701017,-17.313922336332364,3.1489542833128947,7.3623282960558445,3.064928451597269,-5.032694405853148,2.416040462281748,-3.9604732172992136,4.418086575994233,-14.320257151676898,3.783703685458733,-1.3752520511629625,3.4743456189026296,,,,,,,,,,,,,,,1,44100,16,14186.366743316654,0.08873015873015873,0.6642437618537287,159.58733605857154,NA,NA,2.169736,0.6642437618537287,0.288697,15.023489557492166,42,0.3956409364228443,-0.36459662697743017,-0.35607738837698866,0.9432812234189086,0.447909620855647,0.6727849239354754,0.9873047659394849
Tenor2_Ah_31,552.71152255566,Tenor2,Ah,31,Tenor2_Ah_31.wav,Vocals/Tenor2/Ah/Tenor2_Ah_31.wav,Tenor2_Ah_31.wav,101.83430471260702,4.7413125260422575,-2.8094799999128406,2.5627515157178817,-22.634200230350213,2.3853506299240075,-5.748594621007834,2.8991990031100223,-4.011163313046261,2.752281430224165,7.9949253679433525,2.1902776427159947,-15.952876756899464,2.672095846885152,10.298313798659303,3.2375613269891805,-8.785568163211046,2.6823796852484354,-6.1243933735452165,3.4690227035307384,-14.201557015916965,2.865301859813175,2.3830145159249403,3.9404554360576953,,,,,,,,,,,,,,,1,44100,16,14562.538281429755,0.09303854875283447,0.6668033665554489,165.44485799555696,NA,NA,2.16586,0.6668033665554489,0.290017,16.936186155350082,41,0.4037116661920137,-0.3737863010532351,-0.3718511690932414,0.9465164802132785,0.43339484185659555,0.675477179455619,0.9871589845460649
Tenor2_Ah_32,582.795384596058,Tenor2,Ah,32,Tenor2_Ah_32.wav,Vocals/Tenor2/Ah/Tenor2_Ah_32.wav,Tenor2_Ah_32.wav,102.26037668750007,4.352918811195515,-4.531895822286775,2.526012071932032,-23.00293912866182,2.157436937769844,-5.821914221271234,2.4394241624697734,-1.8420570898733142,3.4023507814389453,5.533049041444938,2.5451327805096535,-15.362974489328032,2.5635087909107948,8.833023452018088,3.207263737194721,-12.76678252580391,3.649030151411232,-7.893910566983265,3.6028377669741345,-12.782253248264166,3.278568459103791,4.118269458365915,4.8153888259086095,,,,,,,,,,,,,,,1,44100,16,14899.125262521855,0.09689342403628118,0.6706992896113947,169.95970892531346,NA,NA,2.142035,0.6706992896113947,0.310926,18.043231086341972,40,0.4122410053868408,-0.3854828916024462,-0.38451700178599146,0.9568743944578404,0.4253757234150307,0.679482888950634,0.9870731118000566
Tenor2_Eh_1,98.26469989789622,Tenor2,Eh,1,Tenor2_Eh_1.wav,Vocals/Tenor2/Eh/Tenor2_Eh_1.wav,Tenor2_Eh_1.wav,72.80425732350463,6.972589741036518,12.269583957242604,2.955381673856432,-8.307477669105669,1.5574775149023754,9.684470356925246,2.5180544872660193,-11.714648855052433,2.23689471402107,30.148079812065212,3.109135188840458,8.551196048770954,2.4231263720939586,2.498047932305654,2.3584129615453664,-12.561259648808125,2.3462494871153012,8.012529222525329,2.1886148387429025,-6.5305259164199665,2.5065321024924416,-10.945518592746053,2.5029103097524787,,,,,,,,,,,,,,,1,44100,16,2520.2179238286867,0.03435374149659864,0.576470912156385,148.8079257219356,NA,NA,1.851488,0.576470912156385,0.505959,14.2727581157048,45,0.06319386654622819,-0.7121643667437743,-0.7370030075890366,0.9921354730741406,0.15021772808839107,0.5878121897227955,0.9807059503618685
Tenor2_Eh_2,104.03607856714126,Tenor2,Eh,2,Tenor2_Eh_2.wav,Vocals/Tenor2/Eh/Tenor2_Eh_2.wav,Tenor2_Eh_2.wav,74.33417044540397,4.867592298040077,11.951109015652007,1.6738806178588637,-8.075660136233896,1.6417673512420703,9.196747277928473,2.479831523909538,-9.26510228004252,2.155953585584858,32.79008886895341,2.3421026210041833,3.9290173196476035,2.0660170468777936,-0.9413491859897176,2.411026321049572,-12.48398190356918,2.040300647053315,9.584706930168045,2.3440036517221214,-12.469038540373308,2.7213348970419675,-7.600682728967086,2.744001884296476,,,,,,,,,,,,,,,1,44100,16,2503.3450501716748,0.03179138321995465,0.5898202459712804,162.85958652975458,NA,NA,1.937364,0.5898202459712804,0.456133,15.727260033067823,39,0.06258390345066425,-0.44783374268190823,-0.5364850360090587,0.96427727653776385,0.2908957371121768,0.6005634050479706,0.9821115322938597
Tenor2_Eh_3,110.2976325860992,Tenor2,Eh,3,Tenor2_Eh_3.wav,Vocals/Tenor2/Eh/Tenor2_Eh_3.wav,Tenor2_Eh_3.wav,75.32966248173403,4.94661973902922,11.300680781965742,1.67492553610579,-7.796450433567317,1.8428834570016446,8.546230772627315,2.3209298277435906,-6.2151147012473915,1.8856285963321913,33.95269183205322,2.445872414791385,-1.3197728352570535,2.1250361369483968,-2.810141911611571,2.5876901163090533,-11.804290896052299,2.3139444405963006,9.770529853934784,2.4233708259205753,-16.217793486103208,2.460504572539344,-2.909031427561173,3.1171204254190403,,,,,,,,,,,,,,,1,44100,16,2479.913043942608,0.03419501133786848,0.6004685879408934,177.07651753856882,NA,NA,1.908723,0.6004685879408934,0.469652,17.076236837114784,41,0.06151053692765339,-0.04175435867459304,-0.13397976091079478,0.8083995459737572,0.6173746588929387,0.6113262961409617,0.9822390951140033
Tenor2_Eh_4,116.86821542261018,Tenor2,Eh,4,Tenor2_Eh_4.wav,Vocals/Tenor2/Eh/Tenor2_Eh_4.wav,Tenor2_Eh_4.wav,76.18848463545632,5.075530831114583,10.976246469169984,1.4610498891139918,-7.903033860661199,1.7743545981994768,8.484336703619448,2.1894933883668477,-3.6967766823165245,1.6604340454082045,34.29034155612761,2.313018502482626,-7.204759619651616,2.07381544244936,-4.077117079881588,2.510553631453015,-10.065132743671604,2.04595387804871,9.115174494525911,2.0392270886336386,-19.382992845688467,2.4615843792150995,3.093551442960973,2.8495807975854115,,,,,,,,,,,,,,,1,44100,16,2463.765299850574,0.03655328798185941,0.6116997166420245,161.19366447770065,NA,NA,1.892032,0.6116997166420245,0.479826,16.999668636619987,40,0.060876899363413374,0.12448799185721471,0.07984147116184112,0.6618666586623606,0.7767260140547388,0.6226163340710256,0.9824665418627521
Tenor2_Eh_5,123.84324299743398,Tenor2,Eh,5,Tenor2_Eh_5.wav,Vocals/Tenor2/Eh/Tenor2_Eh_5.wav,Tenor2_Eh_5.wav,77.37836195092521,4.873474326972526,10.300964330745689,1.3790155592590483,-7.442656137618092,1.6448212729823315,8.097525709241937,2.185085502300034,-0.537962651659754,1.7238304836408964,32.59165385457736,2.267485233131364,-13.217699493722572,2.2637751919481177,-4.678578082610568,2.2949710282257967,-8.67614340433944,1.9965825006845466,7.198352708123434,2.1587939726670764,-19.821539256853733,2.5058844589671394,9.380224737898898,2.8522273368186193,,,,,,,,,,,,,,,1,44100,16,2437.0594310881074,0.0399546485260771,0.6250934260042201,170.1916636524565,NA,NA,1.962105,0.6250934260042201,0.43061,16.924907911635724,38,0.059934054379975205,0.17890829080144158,0.17339428075899735,0.5930041572092811,0.841789102517456,0.6363316497856419,0.9823390463365957
Tenor2_Eh_6,131.18960200422188,Tenor2,Eh,6,Tenor2_Eh_6.wav,Vocals/Tenor2/Eh/Tenor2_Eh_6.wav,Tenor2_Eh_6.wav,78.29524761937968,5.226479059600017,9.721418599222677,1.3016838885959683,-6.948957951395917,1.9058167421455896,7.86785530748709,1.8868235969959783,2.3332423542187954,1.5471703287627856,30.237527605178773,2.225028211598201,-18.22469871201739,2.335864388095475,-3.9030634174121785,1.9469180421106766,-7.4469884644327475,1.90992457220684,4.610013214382389,2.1350304683010752,-19.37642678330784,2.54778847087313,14.436037035760018,2.5287416415473833,,,,,,,,,,,,,,,1,44100,16,2416.3889173633734,0.04244897959183674,0.6368185796455247,141.74743353202172,NA,NA,1.945904,0.6368185796455247,0.437989,18.396585172624892,36,0.05915704224221721,0.234070617912344,0.21540063604835097,0.5797173923098438,0.8980237809434368,0.6481183375764843,0.9825652858809506
Tenor2_Eh_7,138.85089038375028,Tenor2,Eh,7,Tenor2_Eh_7.wav,Vocals/Tenor2/Eh/Tenor2_Eh_7.wav,Tenor2_Eh_7.wav,82.51471168456797,7.447069116097806,12.235295464259794,2.2165221923892635,-12.410046477891797,2.140048432756005,0.9695369330116699,2.521715633779246,3.3009421834186714,2.3146736466501263,28.060971906751792,2.050254598604563,-11.425526664033798,2.123901810075475,-11.083175029688896,1.7849740988817382,-0.8111389055703756,3.279940606647804,0.3556533652042098,2.536516262966761,-17.84515130502163,2.573894219192599,12.056097815814255,2.389573852960128,,,,,,,,,,,,,,,1,44100,16,3165.7841590266207,0.05142857142857143,0.6504037883923811,157.99032795852926,NA,NA,1.968065,0.6504037883923811,0.419519,20.739046449008626,39,0.0641179974410963,0.10333425548064187,0.09483590641079485,0.654259345481062,0.7913555438297983,0.6678951580619726,0.9738112045603892
Tenor2_Eh_8,147.24507350097545,Tenor2,Eh,8,Tenor2_Eh_8.wav,Vocals/Tenor2/Eh/Tenor2_Eh_8.wav,Tenor2_Eh_8.wav,83.87643385988402,6.571606845105949,11.568740807956539,1.7905288902986187,-12.581701686496976,1.6779464841603597,0.9704491942495562,2.065849387141987,6.1173814640373525,2.3648799340965145,25.70261339739113,1.6939909762630028,-17.129806665902397,3.0105661693327748,-9.324434958473852,1.982099939703339,0.887707090365395,2.4382930658333906,-3.14697975761855,2.084257941679112,-13.873762684646424,2.312516208899356,15.684232583816938,2.313226990348531,,,,,,,,,,,,,,,1,44100,16,3192.94865670894,0.056643990929705214,0.6600627006562001,157.0807152160487,NA,NA,2.026053,0.6600627006562001,0.374776,21.310278959783695,41,0.06461839261917321,0.2009688506522685,0.19525689589080447,0.5950279319412723,0.8837742569881604,0.6776500065572443,0.9740466232850858
Tenor2_Eh_9,155.88743141909814,Tenor2,Eh,9,Tenor2_Eh_9.wav,Vocals/Tenor2/Eh/Tenor2_Eh_9.wav,Tenor2_Eh_9.wav,87.40021501352906,7.2707213503572286,12.567711703772442,2.758201849747328,-14.62097874408898,2.1345739321611585,5.229749552646998,1.87253155952793,1.4690227117600463,2.3914517807803994,27.932673323561207,2.2317400187867777,-15.999617925048867,2.096624684365548,-9.37113404752274,2.1060169710791987,-1.2292336999816038,2.753033090584643,-1.7064728134126825,2.491947665196792,-22.583118647941802,3.6815878900280405,15.529007629721157,2.18641630618129,,,,,,,,,,,,,,,1,44100,16,5047.572994608815,0.05759637188208617,0.6513457139397736,147.36426868747034,NA,NA,2.009644,0.6513457139397736,0.406079,22.130274619537037,42,0.104935212654168,0.1628511450768026,0.1588314700314021,0.6675402158512596,0.9196333220750341,0.6673176398395799,0.9760654822437393
Tenor2_Eh_10,165.1112807018119,Tenor2,Eh,10,Tenor2_Eh_10.wav,Vocals/Tenor2/Eh/Tenor2_Eh_10.wav,Tenor2_Eh_10.wav,88.53692159909615,6.829090405804873,11.790880608431795,2.2904135365912857,-14.957849073525031,2.1224788472019753,6.076170863703866,1.7552435415679206,3.775374644930498,2.1525726098802545,25.088647007786104,2.0488228239488997,-21.766736168224252,2.781704178456134,-6.968575183174986,2.231522373861745,-0.39560309107613645,2.4090271784369497,-5.808529379348371,2.2959623621165437,-16.912017980162375,2.509215266880599,19.557547334451506,2.694839291530949,,,,,,,,,,,,,,,1,44100,16,5105.9196309987465,0.059659863945578234,0.6605696959929307,147.9650710550244,NA,NA,2.003215,0.6605696959929307,0.39979,22.11448226376612,40,0.10579565879618055,0.1824684595584133,0.1748755138346388,0.7001799244065582,0.996969866070601,0.6763490662046308,0.9766697834000913
Tenor2_Eh_11,174.1688476763981,Tenor2,Eh,11,Tenor2_Eh_11.wav,Vocals/Tenor2/Eh/Tenor2_Eh_11.wav,Tenor2_Eh_11.wav,90.02929608947063,6.4456711538721905,13.5986698842616,1.6146791732819823,-15.527193684186228,3.1232354465766448,4.897659883508729,1.7973830211200053,0.0020786200752231313,2.904375208392229,24.817646800150243,2.0204224459406452,-18.284938831425546,2.194117999757427,-7.065925957585355,2.345630960458695,-1.177330066568746,3.057760576027557,-5.996261945383372,2.672971200846279,-19.435019399249004,2.585108945633068,16.8530844094314,2.1681051579909196,,,,,,,,,,,,,,,1,44100,16,6127.305026307778,0.058480725623582766,0.6493833593831875,131.97790246294073,NA,NA,2.029637,0.6493833593831875,0.396844,20.432715774538835,63,0.1258742681847545,-0.07342154372853014,-0.07512562906192807,0.8486123309381121,0.7300168227144632,0.664588563378021,0.9771208762342413
Tenor2_Eh_12,184.564765538472,Tenor2,Eh,12,Tenor2_Eh_12.wav,Vocals/Tenor2/Eh/Tenor2_Eh_12.wav,Tenor2_Eh_12.wav,91.03660239070646,6.204597613541333,12.706468739351768,1.4746702017461375,-15.842772978799319,3.018907061277304,5.3038399726001355,1.5472604485477501,1.7961708950732853,2.5171971581607844,22.249890142598854,1.7957243187882017,-22.75311035824134,2.839709484762035,-5.12652029470041,2.0960303249966294,-1.5054468625612754,2.9330279191985946,-7.886665561172645,2.572723765006781,-13.548398877723583,2.2999754682828586,18.92095296771325,2.6074541150818056,,,,,,,,,,,,,,,1,44100,16,6173.925670345434,0.06335600907029479,0.6584269284980127,122.62748277366828,NA,NA,2.031741,0.6584269284980127,0.398509,21.464002571298643,58,0.12606026107266782,-0.028507974465676437,-0.029920629463459473,0.8326602495725812,0.784280368475546,0.6736249326499336,0.9774384773851312
Tenor2_Eh_13,195.4738032924916,Tenor2,Eh,13,Tenor2_Eh_13.wav,Vocals/Tenor2/Eh/Tenor2_Eh_13.wav,Tenor2_Eh_13.wav,92.01621579301676,6.573623409196111,13.435262589371433,1.832056190292508,-16.815655746976,1.88705630494089,3.0482727682425614,2.050358105616944,2.0408913789418426,2.051062754588389,19.40376881985186,2.872617137269472,-19.484689362600374,2.489379475236385,-5.436259193568859,3.4707723136930495,-4.60933485091683,4.110850819235248,-2.070321447158689,2.7824460231224077,-20.822560594154904,4.541670955339287,23.724811757995163,3.7911444877333644,,,,,,,,,,,,,,,1,44100,16,6478.08927234647,0.06165532879818594,0.6587632403562131,143.26974386373632,NA,NA,1.951856,0.6587632403562131,0.439391,19.889021736199613,58,0.13196263812325137,0.0625354304129306,0.04930511907409269,0.7887434027069582,0.8705553240070845,0.676098095053114,0.9743604444033539
Tenor2_Eh_14,207.10415506707363,Tenor2,Eh,14,Tenor2_Eh_14.wav,Vocals/Tenor2/Eh/Tenor2_Eh_14.wav,Tenor2_Eh_14.wav,93.15601704911886,6.375918695932553,12.426062491156932,1.7427884906694353,-17.215933181704592,1.9488285903310638,3.123379498137183,1.8668802550320658,3.4076397630774826,1.7603010037188567,15.998980086845899,2.4413715567043877,-23.518916366302847,3.160338702081239,-3.982977140728159,3.030179756320616,-3.885850334146367,4.313305305609852,-4.88367248123182,3.4206357252450625,-13.780963783620052,3.0744919841778535,26.27819932641421,3.4989401055378004,,,,,,,,,,,,,,,1,44100,16,6560.324885550118,0.06578231292517006,0.6671052500714666,128.68295371289875,NA,NA,1.949983,0.6671052500714666,0.44564,22.424936480617635,57,0.13323707962182801,0.10469466807492199,0.10491705277612844,0.7506661830882825,0.9266446972418538,0.6847318018352083,0.9742577287684036
Tenor2_Eh_15,220.209523695429,Tenor2,Eh,15,Tenor2_Eh_15.wav,Vocals/Tenor2/Eh/Tenor2_Eh_15.wav,Tenor2_Eh_15.wav,95.7398634293792,6.450755709497514,11.264389362657472,1.2651023193727713,-16.494842458365095,1.841432258986657,3.930494836929055,1.684614420929362,-0.8040167801321726,2.6306857649145434,20.44150357571235,2.3381153784927102,-22.541428723154816,2.5350134219441682,-2.4264543480087757,2.4711724687991303,-5.063137665380686,2.3479305703004574,-4.680386532278861,2.301775048086578,-21.90832623561933,3.5146888987069107,22.763226094768388,3.090248468905549,,,,,,,,,,,,,,,1,44100,16,7043.93282784249,0.05414965986394558,0.683953148593139,122.90332676237657,NA,NA,2.042169,0.683953148593139,0.352398,18.819489507974794,54,0.15137081209100112,0.3167530486141843,0.300970239929402,0.6054802490203166,1.1268644481758845,0.6990593597336394,0.9783906603492781
Tenor2_Eh_16,233.159669467886,Tenor2,Eh,16,Tenor2_Eh_16.wav,Vocals/Tenor2/Eh/Tenor2_Eh_16.wav,Tenor2_Eh_16.wav,96.9114683253473,6.556585137768507,9.752498694621675,1.1179558464654562,-16.713379003870592,1.8211516541773178,2.9958998637951204,1.897269238969808,0.5131566893004349,2.6615187622105205,15.79992523402206,2.1849478280252286,-25.692679361906933,2.862982404443216,-0.8118926181566133,2.466614261179473,-5.020553553228608,1.8650447236830414,-6.756311096198745,2.0669612743953882,-13.518959287249967,2.4508810859560715,22.496730345297376,2.5308773420186754,,,,,,,,,,,,,,,1,44100,16,7084.478296839612,0.0582766439909297,0.6914231351592861,145.20798395618715,NA,NA,2.115553,0.6914231351592861,0.32411,18.988630275302338,51,0.15160275141169602,0.3328579509738238,0.3328724692513422,0.5648487469603674,1.1285268699220237,0.706798537668564,0.9782464143743208
Tenor2_Eh_17,247.31965470001333,Tenor2,Eh,17,Tenor2_Eh_17.wav,Vocals/Tenor2/Eh/Tenor2_Eh_17.wav,Tenor2_Eh_17.wav,98.85091442184506,7.691892483323288,9.041906168134323,1.1536982190321918,-19.704064602439676,2.5349227731290123,5.475763582577836,1.5431653176142868,-3.545942224885026,2.0070062252812253,17.693092324049175,1.8321100940409707,-24.594565175683815,2.6542281394205918,-5.439460052234607,2.1257780143763587,-10.987644228811941,2.92605319120025,-4.53609787155497,2.6992297817635733,-18.082301575724358,2.676955061131395,14.725893646433965,2.328132153450353,,,,,,,,,,,,,,,1,44100,16,8895.481668282127,0.06800453514739228,0.6925943264161742,136.8618226388909,NA,NA,2.105399,0.6925943264161742,0.341236,18.178678679959674,68,0.2136540880741766,0.3776751105750456,0.34497739940499483,0.5638146758871176,1.157697453236254,0.706007080625206,0.9810019551119032
Tenor2_Eh_18,262.01389204463567,Tenor2,Eh,18,Tenor2_Eh_18.wav,Vocals/Tenor2/Eh/Tenor2_Eh_18.wav,Tenor2_Eh_18.wav,100.02868292598981,7.147663564298544,7.550551995462879,1.0601055199011227,-20.258379364686817,1.8563859826058013,4.892103911447551,1.3631331502544304,-2.881197348217107,1.187203944008373,13.332623876444249,1.7260072751571172,-27.331818816428257,2.360483832791244,-2.4581732524388706,2.2448578119133935,-9.95979095954094,2.2191887862427846,-3.2455063724673505,2.7599080630317268,-12.442707991866909,3.0412059181185733,18.28272372057116,2.1533627683598033,,,,,,,,,,,,,,,1,44100,16,9044.689668289537,0.07346938775510205,0.6982586275171024,127.77383107904116,NA,NA,2.113352,0.6982586275171024,0.334794,20.654015476075664,69,0.21681510225788947,0.3892464589073023,0.389384189783386,0.5177948976512704,1.1781811612312676,0.7116598122380876,0.9811691141040548
Tenor2_Eh_19,277.1325587454428,Tenor2,Eh,19,Tenor2_Eh_19.wav,Vocals/Tenor2/Eh/Tenor2_Eh_19.wav,Tenor2_Eh_19.wav,98.68568885401189,8.113672912401322,9.165123008870673,1.6838204592765382,-20.955338197813283,2.3435406964987364,5.650801529725539,1.860309312404577,-4.575980331671586,1.7933193674142647,13.941535741047234,2.2568849996015983,-23.239786171022445,2.8158046890714363,0.16807564130015387,2.4917703421213475,-13.82761894654292,2.3990429937049584,-3.626150865129164,2.385431234508806,-17.283759605716536,3.281371347740645,9.691895312086606,2.6960879926663943,,,,,,,,,,,,,,,1,44100,16,8964.600576002895,0.07104308390022676,0.6922467682433155,125.87580254796472,NA,NA,2.064275,0.6922467682433155,0.379511,19.75081000564325,69,0.22626850586563418,0.4139209905354798,0.3899744026508964,0.5007225383182335,1.1409218139651727,0.7031850589264982,0.9844446486108772
Tenor2_Eh_20,293.4336704064424,Tenor2,Eh,20,Tenor2_Eh_20.wav,Vocals/Tenor2/Eh/Tenor2_Eh_20.wav,Tenor2_Eh_20.wav,100.34834609456499,8.091303447600719,8.367864833213718,1.5702585303152816,-20.20513706247407,2.054184030997728,5.593052137300107,1.8865886625516457,-4.436266712437067,1.6432679223257263,9.38525694229971,2.678728512649617,-25.355579087173602,2.898969639970962,0.6248548914594669,2.7361782138828534,-14.077047581531877,2.0595990350848807,-2.073475076591578,2.470249324760406,-14.74788758461947,2.4164292596544295,11.764589147409893,2.8525364334587318,,,,,,,,,,,,,,,1,44100,16,9046.098391570324,0.07650793650793651,0.6975181340715876,123.34681503628559,NA,NA,2.033576,0.6975181340715876,0.403837,17.467582765170533,68,0.22649663932417613,0.6095785155487801,0.6091199510719705,0.320403047033238,1.3189901525528167,0.7083505484859731,0.9847075513140511
Tenor2_Eh_21,310.18062444494564,Tenor2,Eh,21,Tenor2_Eh_21.wav,Vocals/Tenor2/Eh/Tenor2_Eh_21.wav,Tenor2_Eh_21.wav,99.7271254405025,7.248113021357719,8.126237578251212,1.4594174832754465,-22.000765427929636,2.7707844071840064,4.5340497550779775,2.5207306851556734,-8.797503288841112,3.493956269409466,14.793395474056023,2.7673810215833594,-22.885052956099397,3.132344081368299,-0.399479384866018,3.3229977237834416,-13.371213061678947,3.317753385918935,-8.032946284252967,3.442479982690348,-13.707821025170526,3.617399102826163,5.674216177168268,3.6230631796121937,,,,,,,,,,,,,,,1,44100,16,9392.16741503975,0.0709750566893424,0.6917311559882033,131.34212912703532,NA,NA,2.178644,0.6917311559882033,0.276669,15.744431291072829,59,0.2449251390905703,0.18101173879916432,0.18371531190841553,0.7052687269059454,1.022728226105175,0.7041260384138632,0.9823967844541285
Tenor2_Eh_22,328.6016125145221,Tenor2,Eh,22,Tenor2_Eh_22.wav,Vocals/Tenor2/Eh/Tenor2_Eh_22.wav,Tenor2_Eh_22.wav,100.24740308471614,7.160776243842419,6.732884593244771,1.1379990209690287,-22.397894194260275,2.3571288627233122,3.3428336535281966,1.9815814420067883,-11.128926617275908,2.213816165764048,11.003178849350647,2.642761359100641,-26.954703871441776,2.718280196596818,3.7955175029945787,3.0113922721112494,-12.459164441185438,3.781300748832787,-0.6676791001549089,2.653453882913059,-10.716831210119084,2.6254711098388137,10.875747860852071,3.5102191266050498,,,,,,,,,,,,,,,1,44100,16,9528.081268985074,0.07573696145124717,0.6966676429239569,124.72560790801374,NA,NA,2.133848,0.6966676429239569,0.321049,16.164955569386667,59,0.2477813870352587,0.35083729240511236,0.28280727123369825,0.6272821252071241,1.1219886078806478,0.708954213490665,0.9826694441856648
Tenor2_Eh_23,347.27668651665016,Tenor2,Eh,23,Tenor2_Eh_23.wav,Vocals/Tenor2/Eh/Tenor2_Eh_23.wav,Tenor2_Eh_23.wav,98.46058258705774,7.0034128864062275,5.276197597532194,1.3772839433176405,-21.230778890322792,2.2887822020468125,1.988628147904909,2.43880112997878,-10.38275265083417,2.917324984906531,8.944220663060623,2.2435098618530285,-22.08618819456755,2.8490462918146533,0.031574258996654295,3.488533332943417,-17.691796652482243,3.1368639523965602,-0.12082783564065039,4.242607689206093,-13.388436909544058,2.3105496770241567,7.460088656301216,4.995067205081442,,,,,,,,,,,,,,,1,44100,16,8594.22058310672,0.07378684807256236,0.6838943039474351,138.8806665377435,NA,NA,2.120609,0.6838943039474351,0.331975,14.418341524416185,60,0.19763311771955117,-0.12493043269825731,-0.12036367042114315,0.8798715452994573,0.6908176309547402,0.6985677277304344,0.9789949876003124
Tenor2_Eh_24,368.04252283601573,Tenor2,Eh,24,Tenor2_Eh_24.wav,Vocals/Tenor2/Eh/Tenor2_Eh_24.wav,Tenor2_Eh_24.wav,99.1854197112816,6.909788700071902,4.245746447826538,1.521615524500645,-22.833201610526853,2.287461324613362,2.79169878378753,2.3374535162555854,-10.265842813204733,3.07348715767348,8.593828613430366,2.2233267918578656,-23.270694714927853,2.895776134766826,3.7019092456548104,2.8988600525962744,-17.109505461007664,3.1265904923902292,3.341465569394455,3.973718696465794,-14.662964342918588,4.648064057879142,8.49860568727836,5.132839140276892,,,,,,,,,,,,,,,1,44100,16,8945.098913512478,0.0790702947845805,0.6920660028294066,122.17395593859732,NA,NA,2.110124,0.6920660028294066,0.33739,14.685144872124898,57,0.20400616455969522,-0.11562770686828443,-0.1145070058204031,0.8795243216639572,0.6987956297957071,0.7069012148963164,0.9790137408816226
Tenor2_Eh_25,390.1686377778413,Tenor2,Eh,25,Tenor2_Eh_25.wav,Vocals/Tenor2/Eh/Tenor2_Eh_25.wav,Tenor2_Eh_25.wav,100.47322646833737,7.499519016303321,3.9870164686878153,1.5634963054554472,-22.78469129744477,2.5522109181716295,2.86084209184413,1.9336797201287632,-6.807057111123687,3.0227032571695722,11.791163572925113,2.7262772849765953,-26.358012521819965,4.695499442020084,-4.078386874758479,2.4410274879390568,-14.438461752504585,3.3570598762893264,-0.2915078867273957,3.3197789605447237,-9.753097637507281,4.586181326716036,13.24397157935664,3.846151966361877,,,,,,,,,,,,,,,1,44100,16,11276.937732141467,0.07555555555555556,0.6799227165856447,128.2978769035467,NA,NA,2.180148,0.6799227165856447,0.275417,19.076049148217766,51,0.23405201359201966,0.370807978895603,0.16914133689572686,0.7101998416791968,0.9993564841241159,0.6959005603844229,0.9770400475177777
Tenor2_Eh_26,415.305,Tenor2,Eh,26,Tenor2_Eh_26.wav,Vocals/Tenor2/Eh/Tenor2_Eh_26.wav,Tenor2_Eh_26.wav,101.51059909269942,6.92308520250583,1.1908615458481036,1.5853798398701273,-22.165265558391724,2.6541870774547665,2.9917828124286934,2.5554312111828783,-2.8748460465400867,2.6781917305805867,8.181532887296516,2.9690847060302685,-26.430041385412792,4.954910349243365,-2.8465708764218047,2.867449789164756,-11.072843541305744,3.4073849224434842,2.4840198374749973,3.58181424610176,-5.342838425863186,4.793290578154711,8.68318284004657,4.461608908991034,,,,,,,,,,,,,,,1,44100,16,11573.25429112083,0.08077097505668934,0.6866401267881775,144.63173448526013,NA,NA,2.18229,0.6866401267881775,0.273154,18.73196895339963,48,0.24107643759790803,0.8402599952694488,0.8354170544393611,0.11513499335750786,1.283977083113229,0.7026498260936059,0.9772152518781161
Tenor2_Eh_27,443.773350573852,Tenor2,Eh,27,Tenor2_Eh_27.wav,Vocals/Tenor2/Eh/Tenor2_Eh_27.wav,Tenor2_Eh_27.wav,100.92152867927275,5.898729716461453,2.395412064446889,1.3163057663993518,-24.81726728311062,2.3592246227934424,3.4848952324234928,1.8753152395209596,-9.706845738292833,2.395608078963147,13.867021526934431,3.0483663942758152,-25.908583625285008,2.7101939859909523,-2.373109629700852,2.5677186211480745,-11.849882828656725,4.595021633103027,-1.896687600562402,3.3680773803400648,-13.105146101833089,3.1156383757428574,8.959931546657444,3.914594436621889,,,,,,,,,,,,,,,1,44100,16,11371.90793617605,0.07496598639455783,0.6861652608147435,143.90155529226217,NA,NA,2.189498,0.6861652608147435,0.263197,18.55915250086767,49,0.2495371997010007,0.12284545351894045,0.1227348598377242,0.7355290142817301,0.941339199461888,0.7012068822681918,0.978548953477477
Tenor2_Eh_28,469.824674962728,Tenor2,Eh,28,Tenor2_Eh_28.wav,Vocals/Tenor2/Eh/Tenor2_Eh_28.wav,Tenor2_Eh_28.wav,101.81599376588936,6.380948816590809,-0.014574237371177566,1.888134711399233,-23.362267804156325,1.981506175802067,3.2474089873229017,1.6847611963047235,-5.735230773849465,3.9335121972787266,10.177503468033477,2.278965677415656,-26.99410940467467,3.3897406238189958,-1.6142256834393631,3.42718220801408,-10.146736883678109,4.6055937050479425,-3.0534108506978974,3.4783959597972025,-12.237407271805125,4.530163327906998,0.5660891212168128,3.369449117880477,,,,,,,,,,,,,,,1,44100,16,11597.610628189605,0.0789342403628118,0.6924410855270144,130.36283580117038,NA,NA,2.198219,0.6924410855270144,0.252406,20.14552451089676,41,0.25170630120288784,0.121539383853799,0.1301433905714058,0.7298229876477998,0.9482075744863847,0.707715894737165,0.9784167498232841
Tenor2_Eh_29,492.11690133815,Tenor2,Eh,29,Tenor2_Eh_29.wav,Vocals/Tenor2/Eh/Tenor2_Eh_29.wav,Tenor2_Eh_29.wav,102.60890731632159,5.747114858157263,0.13084518047057495,1.952054808574357,-21.662474151064846,1.1426079409133167,0.4449831960242243,1.8023322711022967,-8.16391724665316,3.0283583854564697,12.036928244681205,2.638756368650049,-22.442944401437728,2.5726563432285445,-8.55458408497138,4.321592980195303,-6.644278016262546,5.0048168137002165,-2.1905534166304808,4.579635421808735,-15.030725896004597,2.597168778412576,2.880600340374777,3.2883007414576317,,,,,,,,,,,,,,,1,44100,16,12289.71849967124,0.07095238095238095,0.6817002514032063,140.1141353097641,NA,NA,2.135887,0.6817002514032063,0.313745,15.987645398007455,44,0.28196507389053044,0.36938744109965543,0.0800778514082116,0.7062207836743205,0.8291717161266665,0.6950207319253237,0.9808344126869175
Tenor2_Eh_30,521.025835407658,Tenor2,Eh,30,Tenor2_Eh_30.wav,Vocals/Tenor2/Eh/Tenor2_Eh_30.wav,Tenor2_Eh_30.wav,103.01743290455227,5.558734615129638,-2.2415463172846506,2.2178501576893717,-21.158765171041,1.2093701542379145,0.2876066730225372,2.405269240325462,-3.9002724734172007,3.1969777279090783,9.212648867724607,2.6122863218281416,-22.385814355630828,2.0231636565827995,-5.132959677887354,2.8180917095964593,-3.4348541307723233,4.892642840988175,-6.198201626128168,6.171399534306977,-13.557477025305216,3.8027186449600614,-3.764304324828359,2.7546832531753336,,,,,,,,,,,,,,,1,44100,16,12534.322452274748,0.07507936507936508,0.6853023778191084,142.2673609854292,NA,NA,2.179887,0.6853023778191084,0.275588,16.083138637789403,44,0.28789699217294895,0.7086433863212214,0.7148959627062222,0.1926853549294636,1.1589991512490034,0.6986668893124565,0.9808714114010758
Tenor2_Eh_31,552.327421748034,Tenor2,Eh,31,Tenor2_Eh_31.wav,Vocals/Tenor2/Eh/Tenor2_Eh_31.wav,Tenor2_Eh_31.wav,102.79630796084602,5.870826131945841,-3.6425433640304776,1.9501426812297644,-21.892486057761687,1.7656442815394746,0.6363414186831413,2.107526702397136,-4.151193003514973,2.799436750809814,6.267664763601721,2.8764108281558864,-25.953441394601434,3.6070493118675304,-3.16185995889849,3.03102874096338,-3.463845509549719,4.309976551634514,-7.668812482003571,4.991721814878721,-10.627242802876834,5.008567312301822,-6.282685038822271,3.35397250068112,,,,,,,,,,,,,,,1,44100,16,12777.450462948347,0.07970521541950114,0.6887446895126008,131.1475317452477,NA,NA,2.171096,0.6887446895126008,0.276708,15.43216568020694,40,0.2936582129354737,0.7091739173073748,0.7107835345523635,0.19637170759083628,1.1615849169526575,0.7023148308938411,0.9806779797545078
Tenor2_Eh_32,585.63548276275,Tenor2,Eh,32,Tenor2_Eh_32.wav,Vocals/Tenor2/Eh/Tenor2_Eh_32.wav,Tenor2_Eh_32.wav,103.77465032476165,5.387472036098799,-4.593431961036104,1.4522868641190565,-21.07449351557884,1.656017305093206,-0.09937093451163265,1.963893823951101,-3.1850824094350303,2.8013427939203215,2.961818222787058,2.0236120920870215,-24.380832286656407,3.0786613448581135,-0.3336620580831515,2.072171329332335,-7.212873743446179,3.0456712662954244,-12.690850330698513,4.240799664572708,-8.499784509303982,4.57801562531852,-9.126358684521477,3.129023768489331,,,,,,,,,,,,,,,1,44100,16,12957.65068735464,0.08480725623582766,0.6920503230123823,147.07236857806825,NA,NA,2.172783,0.6920503230123823,0.283776,16.12756567232792,38,0.2962627772785653,0.7067408867277655,0.7088166552477649,0.2063589049104968,1.2110223336083854,0.7055036301899612,0.9809309171464412
Tenor2_Ih_1,98.36401203019486,Tenor2,Ih,1,Tenor2_Ih_1.wav,Vocals/Tenor2/Ih/Tenor2_Ih_1.wav,Tenor2_Ih_1.wav,65.20861363268592,7.7402882525460495,7.091452830137441,2.5553483625628655,-11.933978156513668,1.883426572655264,11.49276258981853,1.370674467351337,-0.49080237489905465,2.263484220673439,44.104983227189045,4.838687718331333,6.257259727094915,1.590960511161358,-5.71053346613096,1.9327042682383453,4.745547798845977,2.337830976723177,13.739941546942882,1.6168252199491886,2.142485216065581,2.4074575777926,-2.1227955837502175,3.116765932436818,,,,,,,,,,,,,,,1,44100,16,2694.7534368488496,0.022494331065759637,0.5174658213933074,174.42402777914975,NA,NA,1.655649,0.5174658213933074,0.595891,11.766005635320676,45,0.06769811292790537,0.7351853318947821,0.7119419014877573,0.16941316952248395,1.006829889759418,0.5267016370677796,0.9824648054524963
Tenor2_Ih_2,103.9718738292908,Tenor2,Ih,2,Tenor2_Ih_2.wav,Vocals/Tenor2/Ih/Tenor2_Ih_2.wav,Tenor2_Ih_2.wav,66.35508740004076,5.337149521344183,6.754276624233741,0.9703313088558189,-11.278352460732709,2.0891699981692002,12.23397243123759,1.364558683523868,2.738505926250166,1.785886270439133,45.26774210700831,3.358070507073973,-1.5508812617074412,2.0866615275773235,-4.394411272290452,1.6500336635738753,6.740078829665869,2.2151221738316815,12.874233037254275,2.1287003801663524,-0.7981014937252867,2.8455760239937717,-2.612498184273885,2.440802445359577,,,,,,,,,,,,,,,1,44100,16,2659.5084927260723,0.020521541950113378,0.5303950755849796,155.11524804311165,NA,NA,1.608119,0.5303950755849796,0.619669,12.59181261598916,45,0.0664137860858382,0.7886280113232781,0.782833389285987,0.12327315145066514,1.0120132633933157,0.5392351529797115,0.9836062664945278
Tenor2_Ih_3,110.20869598182314,Tenor2,Ih,3,Tenor2_Ih_3.wav,Vocals/Tenor2/Ih/Tenor2_Ih_3.wav,Tenor2_Ih_3.wav,67.02718841940572,5.298037315555596,6.015459784625733,0.9050616328674369,-10.516002617821691,2.0370210282146957,13.044400951128713,1.2565674703427958,5.956099229713818,1.8749429055688542,44.92277365676535,3.1376280845968947,-8.979599392667776,2.5057178335248262,-1.0333932064558258,2.0082510276825034,8.206620437858154,2.2855083712136914,11.626755072698343,2.0167494461609063,-5.095635531659094,3.2257323292265774,-1.0378088197451982,2.125171425766345,,,,,,,,,,,,,,,1,44100,16,2618.2042971355195,0.022630385487528343,0.5417948288826979,155.2804362286465,NA,NA,1.641955,0.5417948288826979,0.600285,12.171895604033015,44,0.06513935659182404,0.792286189784637,0.7917867649034317,0.11770416234065378,1.012907561607281,0.5507858323436131,0.9836760444206449
Tenor2_Ih_4,116.657200816084,Tenor2,Ih,4,Tenor2_Ih_4.wav,Vocals/Tenor2/Ih/Tenor2_Ih_4.wav,Tenor2_Ih_4.wav,67.55826091002389,5.2518547629487164,5.433223326607045,0.8044659073348126,-9.82991304672321,2.015096186784389,13.97214650777413,1.1991011319789275,9.199784953904954,1.6245097179970691,43.1353978857871,2.8697454931826787,-15.928682955925714,2.685117303439457,3.4827827487440026,2.0423462630985694,8.531949689628373,2.165454730094278,9.965022823795666,2.0264954342466086,-8.086982397073475,3.2043167345066967,1.409029093686033,2.533858256149773,,,,,,,,,,,,,,,1,44100,16,2579.63054519447,0.02326530612244898,0.5531256125654803,176.87984058038157,NA,NA,1.696612,0.5531256125654803,0.573683,12.59381707237245,42,0.06409445116034805,0.8362708209857358,0.8173488425291703,0.10386706789415569,1.0334601665170886,0.562255250637261,0.9837624672042935
Tenor2_Ih_5,123.68688662526166,Tenor2,Ih,5,Tenor2_Ih_5.wav,Vocals/Tenor2/Ih/Tenor2_Ih_5.wav,Tenor2_Ih_5.wav,68.28205167690045,5.030083335950507,4.797395137042332,0.9117804143189381,-8.873834623643456,2.2664082401275993,14.701178489877009,1.593632265701377,12.16076900045418,1.6431453307579824,39.74688912597059,2.5612096875787373,-21.613933812743355,2.723817139965436,8.669179762342607,2.233756449478455,7.373430671192998,1.7643689040094395,7.831217166713452,1.9095607084021744,-10.883471819750584,3.463555373746105,4.8664840467502355,2.912318972369104,,,,,,,,,,,,,,,1,44100,16,2542.2832036434756,0.02487528344671202,0.565149808534365,180.90327396167376,NA,NA,1.739627,0.565149808534365,0.548478,12.098823886725146,42,0.0631017970672521,0.9426380038253075,0.9020730189476311,0.05713439198354393,1.1097430379045443,0.5746379428766182,0.9834885000897159
Tenor2_Ih_6,130.92492622455782,Tenor2,Ih,6,Tenor2_Ih_6.wav,Vocals/Tenor2/Ih/Tenor2_Ih_6.wav,Tenor2_Ih_6.wav,69.11360412129564,4.856107221378954,4.147745798767864,0.7293916245879508,-7.7045114788352205,2.2618738638573967,15.426106848316662,1.597098906340387,15.147226758480409,1.5524164036014083,34.78903958205737,2.528434276657639,-25.449766897367173,2.587765118716757,13.797142820580678,2.215358452470026,4.850467699660693,1.643284582690868,4.887454801476746,1.8172983001423675,-12.161453247081848,2.8385353739494095,7.357371196729643,3.162911101941501,,,,,,,,,,,,,,,1,44100,16,2496.0552616129717,0.025374149659863947,0.5771105942786358,132.03126723883443,NA,NA,1.642022,0.5771105942786358,0.596587,12.902113174043606,47,0.0620286193826739,0.9822642068965037,0.9767626934985228,0.014673209525503208,1.248227852141893,0.5867087721831471,0.9836406436044982
Tenor2_Ih_7,137.6777995460977,Tenor2,Ih,7,Tenor2_Ih_7.wav,Vocals/Tenor2/Ih/Tenor2_Ih_7.wav,Tenor2_Ih_7.wav,66.41437391629945,6.709249888683239,3.942226901013445,1.3275513268977566,-7.6804990173060705,3.299339463718034,17.88462174608504,2.609359616697876,11.586086609708243,2.072929485457507,31.900713923404247,2.993392166516897,-12.832773661127286,2.1227131247595095,8.707007919793723,2.298340266550993,3.041844328122448,2.931567649982575,9.262396555686378,4.596092169446554,-11.028888918829328,3.549613709238243,10.49316454307989,2.3008226665417837,,,,,,,,,,,,,,,1,44100,16,2277.700530249235,0.013696145124716553,0.5375340089892909,160.31536013447842,NA,NA,1.739113,0.5375340089892909,0.552054,8.739328432969574,44,0.05951801667959117,0.7559264759241784,0.726015310963129,0.1802384146539087,1.13544397101147,0.547130871596527,0.9824596579987666
Tenor2_Ih_8,145.97247449119286,Tenor2,Ih,8,Tenor2_Ih_8.wav,Vocals/Tenor2/Ih/Tenor2_Ih_8.wav,Tenor2_Ih_8.wav,67.32097929978136,6.524619079021215,3.6223779246854804,1.2269868164285294,-6.97023400083607,3.3520213103387433,18.853161851198028,2.393177937599718,13.213056058835043,2.0430086295468497,29.003661185955668,2.733707976686306,-15.875462252375915,2.0349274225430527,11.571041766996768,2.51645068367915,1.4396449302005747,2.530555758825691,6.796218780961624,3.8299068567104673,-10.625000445698346,3.8381020436709594,11.719360302365569,2.4226602348452473,,,,,,,,,,,,,,,1,44100,16,2254.760729995188,0.015759637188208615,0.5494142150685792,159.79055102576018,NA,NA,1.70053,0.5494142150685792,0.572615,8.784816462769577,45,0.05890289242725259,0.9545429463994093,0.9537043073209894,0.03164217201428753,1.3353174816052076,0.559278774950312,0.982361998481689
Tenor2_Ih_9,154.64608056609063,Tenor2,Ih,9,Tenor2_Ih_9.wav,Vocals/Tenor2/Ih/Tenor2_Ih_9.wav,Tenor2_Ih_9.wav,74.077662409699,7.269268142701646,1.7701545312981146,1.3861532448621212,-11.140129033333517,2.539923937506097,18.328367701217815,2.305744305839061,17.056572817806618,2.8080729176878103,28.587291177233222,2.999617460068545,-20.968421100058624,2.937598886181754,8.60484166565399,1.9448436886372873,7.858361531586701,2.881546748251514,2.3548081171528965,2.2339335190569187,-16.49780578729281,3.697478133031052,11.676517815034007,2.6551424293130332,,,,,,,,,,,,,,,1,44100,16,2629.3027739836734,0.04424036281179138,0.6307131036553468,145.86618102105544,NA,NA,2.016101,0.6307131036553468,0.408515,14.647038895500396,41,0.054846331438719274,0.991894356213707,0.9907208047077157,0.006414350470061493,1.376108652444891,0.6454931036533685,0.9771027762893675
Tenor2_Ih_10,164.115440918257,Tenor2,Ih,10,Tenor2_Ih_10.wav,Vocals/Tenor2/Ih/Tenor2_Ih_10.wav,Tenor2_Ih_10.wav,74.76685671346115,6.7554259521789035,0.9932916993985573,1.482377302183416,-10.171863045579778,2.349067799390602,19.507941888505744,2.365786448641103,18.92199967613877,2.7065920995661106,23.932985961747185,2.8887743064813773,-23.389905473284742,2.516730350829716,12.895766218472051,2.713487687496143,5.8325820098722065,3.061847005710839,-2.2401847838214812,3.3580828939866763,-13.933948319174803,3.4701544468097985,11.666378628395004,2.65032404645626,,,,,,,,,,,,,,,1,44100,16,2614.5513155571152,0.04859410430839002,0.6395101599938557,142.8609193520018,NA,NA,1.989918,0.6395101599938557,0.427836,15.113745074356114,42,0.053916346076876454,0.9969352650382624,0.9954619691465938,0.003033887692400843,1.3340604558260212,0.6546733077367081,0.9768386039820787
Tenor2_Ih_11,174.69095475513234,Tenor2,Ih,11,Tenor2_Ih_11.wav,Vocals/Tenor2/Ih/Tenor2_Ih_11.wav,Tenor2_Ih_11.wav,77.78196649617142,8.495563996934527,2.9480099107151245,1.6973537042497864,-16.286190256050897,3.446208642820656,17.84089806932304,1.9615051544860969,15.485805187189412,2.265136923145005,29.748899466499555,2.4589118384097075,-19.39236698513966,2.5828413391676617,6.8063088883311185,2.639418260918041,9.507823982912129,1.933653972936936,4.260091453648641,3.3125354843555743,-15.568463441124601,2.962961835156182,10.462148722472012,2.7196228478630786,,,,,,,,,,,,,,,1,44100,16,3531.268119813105,0.05861678004535147,0.6401652050900842,145.72836850899373,NA,NA,2.091742,0.6401652050900842,0.356718,13.346160292860183,35,0.07151080660109517,0.9818133285310766,0.9800952433113846,0.01417177141413668,1.4097864950280075,0.6551195637049813,0.9771730849704384
Tenor2_Ih_12,184.12255848391143,Tenor2,Ih,12,Tenor2_Ih_12.wav,Vocals/Tenor2/Ih/Tenor2_Ih_12.wav,Tenor2_Ih_12.wav,78.83976053920928,7.560911195162199,1.8868413484290893,1.4039914021259237,-15.411985463723504,3.145536744798347,19.24085458751074,2.2686479535503787,16.844761557692955,2.4543245575216313,24.97511956233369,2.7480867899505435,-22.012968916656412,2.2245148445023055,11.07252800946251,2.3975535604047886,7.920665574303024,1.7126859992411025,-0.6935555470068565,2.3028460427056796,-14.43443687833696,2.8470227199532574,10.946062429100246,2.878471241718794,,,,,,,,,,,,,,,1,44100,16,3565.3831476620962,0.06594104308390022,0.6503823173990789,147.91799498362596,NA,NA,2.114127,0.6503823173990789,0.340189,13.488586031913622,42,0.071411944458048,0.9961208398887225,0.9943427114928004,0.003952080579418194,1.3932121525646683,0.6657460855988895,0.9769224806091203
Tenor2_Ih_13,195.01076851667025,Tenor2,Ih,13,Tenor2_Ih_13.wav,Vocals/Tenor2/Ih/Tenor2_Ih_13.wav,Tenor2_Ih_13.wav,81.50637073450646,9.376153575902164,2.7362695992365107,1.5910431184814051,-16.967922655319825,3.5384042061547016,20.563267802302267,2.1032635563244075,11.879877450551598,2.9174995867789413,29.367129282513496,2.221923357056655,-18.462052105857172,2.193171002872597,2.2125065115672453,2.6672044551107743,7.6044315068091,2.5164344381960615,3.5739984948755765,2.54552525564241,-20.890113634318315,3.186420687100744,9.231467589526927,2.580976336462068,,,,,,,,,,,,,,,1,44100,16,4420.994513475697,0.06700680272108843,0.6675002877100867,147.34298202094075,NA,NA,2.161425,0.6675002877100867,0.289702,20.350005046777415,47,0.09085148446135483,0.982498416923589,0.9769321633293142,0.0166463579636604,1.4266062713402696,0.6820852077810341,0.9786171582310147
Tenor2_Ih_14,207.14999946700533,Tenor2,Ih,14,Tenor2_Ih_14.wav,Vocals/Tenor2/Ih/Tenor2_Ih_14.wav,Tenor2_Ih_14.wav,82.61502266180078,9.012968593989166,1.7951903321849902,1.6099651758656348,-15.823906559382056,3.3834742162528335,21.727211646511023,2.334805453901297,12.770759106567073,2.946609499300876,25.237814547265103,2.94406316647555,-22.074789519874376,2.229656059377665,5.9015553150207225,2.039465524504768,5.418153522761078,2.2732505244482457,-2.5678378778486297,2.9439342587712343,-20.216431119180392,2.472270250107812,11.50971778770292,2.242680535789517,,,,,,,,,,,,,,,1,44100,16,4483.888952069177,0.0735374149659864,0.6766842761814371,126.66762027686094,NA,NA,2.143364,0.6766842761814371,0.291066,21.5002700677689,48,0.09082542485676484,0.9946288816950877,0.9942919674232994,0.003915877003381999,1.3681425164143737,0.6917343629206955,0.9782429678992487
Tenor2_Ih_15,219.7154370512702,Tenor2,Ih,15,Tenor2_Ih_15.wav,Vocals/Tenor2/Ih/Tenor2_Ih_15.wav,Tenor2_Ih_15.wav,85.39150237872265,9.944649222646012,2.665056362300402,1.9359402470702456,-16.8941510997195,3.3849185152258414,21.06929414564013,1.987509838986079,7.728750999406184,2.854214421597565,29.417521396469226,2.5124565637633824,-21.789694035088914,2.2177390553985967,-0.6742221561921048,2.4250937282770773,4.903066951964256,2.1122214447315386,-0.26715118572552005,1.895959577139015,-17.14058970055468,2.292333921345564,6.212941675161951,2.541059500199308,,,,,,,,,,,,,,,1,44100,16,5230.464158245154,0.06337868480725624,0.6940604538008447,105.00012720252188,NA,NA,2.190385,0.6940604538008447,0.263417,17.060877398900175,51,0.10897929331067849,0.9713686438077992,0.957134623598364,0.03205109861974372,1.4633795407584966,0.7089091799883361,0.9790541206029583
Tenor2_Ih_16,233.20964131564045,Tenor2,Ih,16,Tenor2_Ih_16.wav,Vocals/Tenor2/Ih/Tenor2_Ih_16.wav,Tenor2_Ih_16.wav,86.44202673760861,9.521244014059224,1.7352662537815526,1.9488857093777148,-16.566740508178203,3.1153326608738046,20.90507386138778,2.1183109258370747,7.387636009140975,2.450444858428603,24.784563996900566,1.882746139717139,-27.22975907907588,2.4465370543127807,3.2454971377729014,2.2920619743789863,2.01022804346281,2.3377854158376143,-3.3714693592070852,2.0757910550957743,-15.536502506646025,2.0077722215314306,8.616930373893233,2.6462736560236064,,,,,,,,,,,,,,,1,44100,16,5277.542843342498,0.0701360544217687,0.704229098261719,136.92098576649596,NA,NA,2.177746,0.704229098261719,0.264566,17.16034473325151,52,0.10861650016254747,0.9903713329212784,0.9902411736962955,0.00703030155160729,1.4337785278746498,0.7198606180076838,0.9782853522544027
Tenor2_Ih_17,246.65690479418635,Tenor2,Ih,17,Tenor2_Ih_17.wav,Vocals/Tenor2/Ih/Tenor2_Ih_17.wav,Tenor2_Ih_17.wav,87.44009763427225,10.524869941393282,2.2586853083695004,2.042904351005172,-20.595974164688254,3.3931833676733345,19.139775923634854,1.7305826843214358,3.382674060251403,2.5653538587014797,24.35880265675548,1.9596314317497274,-21.84586483450448,2.635169670874844,-2.510762530512891,2.276004289899128,4.162509897658056,2.334709592767544,-4.757629071038141,1.796699929965164,-12.451833899298485,2.658086562318691,4.7294992775336935,2.5662306921483506,,,,,,,,,,,,,,,1,44100,16,5865.816134228523,0.0734920634920635,0.7037040770723088,140.72982863323966,NA,NA,2.212839,0.7037040770723088,0.236817,15.85843824303943,61,0.12114448641944442,0.9617051320208297,0.9351059358613328,0.04963162168802877,1.4799881469852594,0.7201444755086164,0.9771706942211891
Tenor2_Ih_18,261.4490221616545,Tenor2,Ih,18,Tenor2_Ih_18.wav,Vocals/Tenor2/Ih/Tenor2_Ih_18.wav,Tenor2_Ih_18.wav,88.32663328652202,10.004988280299164,1.3342174937184608,2.034420559828494,-20.372526265806062,2.9589637524435037,19.596002436475793,1.9133398863125977,2.8546441906201085,2.3653412723503893,21.997332758177404,1.6981434177537047,-26.489665316629665,2.8872956544948623,2.188537537570045,2.3395252677860428,1.9114968722913919,2.2401167076876303,-7.187549020096295,2.0790901592379556,-10.762784741037898,1.9552339119863136,2.693877324371703,2.1567570031048167,,,,,,,,,,,,,,,1,44100,16,5930.755823642835,0.08147392290249433,0.7116296669298835,134.3538997553541,NA,NA,2.190487,0.7116296669298835,0.258411,16.592178412344328,64,0.12194842289968902,0.9871374958668512,0.9871573772871851,0.009440677065830521,1.4607694625515724,0.728428297878667,0.9769385250439823
Tenor2_Ih_19,277.4738520802256,Tenor2,Ih,19,Tenor2_Ih_19.wav,Vocals/Tenor2/Ih/Tenor2_Ih_19.wav,Tenor2_Ih_19.wav,92.04915825019354,7.839094104808128,2.0988584605224143,1.220526854977657,-23.039363825183337,2.2855589601797375,18.739163129975335,1.5164006011783664,1.7748095603449452,2.3870079407522233,23.703000942316937,2.0690091758437132,-17.79390958175504,2.7006422769380056,-6.948038191373246,2.7227188401357703,5.179221221467856,3.2882811699074086,-8.240616084805126,2.0990278736706793,-15.546814850376254,2.452420106692633,5.773560285279884,2.7312744309779737,,,,,,,,,,,,,,,1,44100,16,7280.016101798396,0.08600907029478458,0.7052181075828275,157.58503963106622,NA,NA,2.187834,0.7052181075828275,0.252113,18.312794869820475,57,0.1701205780629756,0.8956371292498344,0.8732674519056571,0.09826596514975648,1.4524953290460285,0.7196394587819109,0.9799603106484829
Tenor2_Ih_20,293.71348716388655,Tenor2,Ih,20,Tenor2_Ih_20.wav,Vocals/Tenor2/Ih/Tenor2_Ih_20.wav,Tenor2_Ih_20.wav,93.14081480083424,7.28240597909903,1.037359961571214,0.8881098893673265,-21.895213752937234,2.2040618422446823,19.740919973433765,1.8003347953079913,1.4419190377998112,2.697543784857751,21.51762811825772,1.7064197919823045,-22.83599138634057,2.5244336830022442,-2.6006377119017645,2.359638129715913,4.523925567064199,2.777753725789285,-9.83148235537847,2.3089804210214218,-11.556545539767894,2.2819428876044787,3.9606631751244676,3.09868409113935,,,,,,,,,,,,,,,1,44100,16,7353.130925957267,0.0947392290249433,0.7148300471635884,125.17312080417989,NA,NA,2.154496,0.7148300471635884,0.291161,18.206030156873574,55,0.1706181090347498,0.984668228075887,0.9813661960068353,0.013808171770141707,1.468247963971847,0.7294099777592173,0.9800113365045826
Tenor2_Ih_21,311.57784052899996,Tenor2,Ih,21,Tenor2_Ih_21.wav,Vocals/Tenor2/Ih/Tenor2_Ih_21.wav,Tenor2_Ih_21.wav,95.65219896800943,6.5344221921184795,3.0086489234365907,1.2992122845432899,-24.214887435346856,2.370665908715572,15.371168287903345,1.8313465277145309,2.988577779480962,1.9584796652439245,21.03010113494772,1.716461921399675,-18.21008702083683,2.2411900691496944,-2.7421728849719034,3.0913077000451574,-1.6611107338293625,2.8987161704724906,-6.854236451542577,2.2116038415674235,-12.612009891217822,2.4637397916455597,3.5311854837583536,3.4300063308827755,,,,,,,,,,,,,,,1,44100,16,9082.386663496585,0.07263038548752834,0.6895877228657478,123.56916233977094,NA,NA,2.19519,0.6895877228657478,0.255064,15.818797469204695,54,0.22851074868991678,0.8400997957133679,0.8399368550316558,0.12438071898829664,1.429764915384881,0.7014207456019437,0.9831299219328892
Tenor2_Ih_22,330.0252411715971,Tenor2,Ih,22,Tenor2_Ih_22.wav,Vocals/Tenor2/Ih/Tenor2_Ih_22.wav,Tenor2_Ih_22.wav,95.85241560624272,6.454875673107482,1.649835609792333,0.7372428030293461,-23.752426263676615,2.241548172925082,15.660763475411347,2.017314863734678,2.2451460833381094,2.446811122859725,17.471258893722215,2.2647478802644767,-22.94509687057326,2.3451360098744183,-0.35947299776707897,2.6857734234750286,-1.5559967239824253,3.25609860528457,-6.99723388966444,2.3495567259828585,-11.035660049908389,2.5231757040650886,0.9701015988225313,2.7808895883967466,,,,,,,,,,,,,,,1,44100,16,9149.137894672438,0.07401360544217687,0.6934449444189895,145.13443951227248,NA,NA,2.205933,0.6934449444189895,0.245997,17.132174612590052,52,0.2305197986167743,0.9532231889142461,0.9250669861177911,0.05613694825023414,1.4421865634259063,0.7053567589210143,0.9831123550581037
Tenor2_Ih_23,347.1770291856955,Tenor2,Ih,23,Tenor2_Ih_23.wav,Vocals/Tenor2/Ih/Tenor2_Ih_23.wav,Tenor2_Ih_23.wav,95.23461744122021,7.936887764724551,1.0869869120588571,1.6285313158774313,-24.123346524541933,2.9226296441756165,10.575983689252002,2.115473036500326,0.930381269335238,3.572928648261948,20.73458944138619,1.9656977784809047,-21.054332867909277,2.5974444177902236,-6.276405476245977,2.52828022624107,-4.588844346607281,2.554989012774832,-5.340822622740595,2.3904573072686235,-15.87475545368743,3.8268727329796395,5.886107101267238,4.296970333964844,,,,,,,,,,,,,,,1,44100,16,9630.775829384262,0.08839002267573697,0.6830158312213388,149.77551604987804,NA,NA,2.212754,0.6830158312213388,0.234292,21.07613958856787,50,0.21561247584423007,0.9383002323717312,0.9370210258060898,0.045643596418545825,1.4038432204994495,0.6967028122211456,0.980354635061438
Tenor2_Ih_24,367.4543453593225,Tenor2,Ih,24,Tenor2_Ih_24.wav,Vocals/Tenor2/Ih/Tenor2_Ih_24.wav,Tenor2_Ih_24.wav,95.43133098112607,7.641544822501204,-0.056472660647645494,1.4319458594981749,-23.636694754774762,2.6405914060783657,12.639166632224597,2.8351777194081826,1.8943265724979672,2.91056354494115,17.96636648127837,2.122946469318278,-24.850467622993595,3.1915488283591524,-2.3676307152475107,3.055060855635904,-6.256211426609784,2.4279040834806414,-8.192204645403088,2.944593646204643,-15.091457984994582,2.6420086839893524,2.6229662133459426,4.047744254640289,,,,,,,,,,,,,,,1,44100,16,9756.302080966536,0.09448979591836734,0.6921532075688598,145.188503634156,NA,NA,2.180179,0.6921532075688598,0.276017,21.303681483262945,48,0.2199073588572561,0.9376686036883525,0.9377660830088193,0.04543210870091927,1.4146112534212998,0.7060753711336394,0.9802823265986081
Tenor2_Ih_25,385.0916175083504,Tenor2,Ih,25,Tenor2_Ih_25.wav,Vocals/Tenor2/Ih/Tenor2_Ih_25.wav,Tenor2_Ih_25.wav,96.07839363823304,8.190338007506595,1.7248258046168965,1.8588858247580793,-24.559641431247396,2.7986718935831836,11.360853965417194,2.041059000445183,-1.2964507233560791,2.8197045109352366,19.66009410037461,2.893826189908527,-21.72321282151607,2.5588599550429825,-7.260986906908241,3.279069606150399,-11.388304934958255,3.364052653875216,1.5179294174085338,4.512116381921514,-23.230472131103888,3.684143690418866,-4.0215516316073705,3.108576987690291,,,,,,,,,,,,,,,1,44100,16,9696.356093834956,0.0754875283446712,0.688836926003891,123.49229936743103,NA,NA,2.177957,0.688836926003891,0.279698,14.37779687866503,52,0.22629488035052764,0.8146193193875726,0.7398481723698273,0.17837292628220694,1.192925733481804,0.703018073181968,0.9798281897449793
Tenor2_Ih_26,415.305,Tenor2,Ih,26,Tenor2_Ih_26.wav,Vocals/Tenor2/Ih/Tenor2_Ih_26.wav,Tenor2_Ih_26.wav,97.05407783925108,7.580105591144158,-1.0033931071554802,2.218303828012864,-23.025277672719106,2.5582823439939437,11.50755776017822,2.12487004048738,1.8625745088197334,2.982506161793514,15.916566304559275,2.6377223040812834,-23.68629061046791,2.9465937269228513,-5.640798001992743,3.5091684239206633,-8.188575380520641,3.857332202289301,0.2815992705382296,3.5082650004118965,-23.12894988361922,3.611900302185959,-1.8224015460699508,3.143578423126634,,,,,,,,,,,,,,,1,44100,16,9850.923364624621,0.07861678004535147,0.6938980850119701,147.5588923137123,NA,NA,2.164331,0.6938980850119701,0.28226,15.911684883954523,47,0.22928224761638946,0.965719444115697,0.9630210215769399,0.022825042737753466,1.2116624261491518,0.7080284132311698,0.9800427102145318
Tenor2_Ih_27,446.66443464561,Tenor2,Ih,27,Tenor2_Ih_27.wav,Vocals/Tenor2/Ih/Tenor2_Ih_27.wav,Tenor2_Ih_27.wav,95.3930741127948,8.842427813886786,1.0608567958120187,1.963670687394528,-23.209194531872612,2.654340450967699,11.603712745611663,2.1513042824798863,-5.685060713281742,2.6969782724542104,17.103145462603514,2.917618612230914,-25.23833121102169,3.5716777859003908,-5.409375228670006,2.7213659291841488,-10.454852554455352,3.865297930085867,-4.881965515641387,4.535093028282906,-15.517136527180572,4.703214243492242,-7.684852439155259,2.996912827797954,,,,,,,,,,,,,,,1,44100,16,10271.353051670068,0.06678004535147393,0.6705679155130684,151.31731789170163,NA,NA,2.201421,0.6705679155130684,0.242702,19.25008689104478,47,0.23295610123145666,0.909397786806607,0.9097671775739369,0.05754037345607048,1.2178353026892506,0.6839049067622309,0.9804987636186103
Tenor2_Ih_28,465.036789458928,Tenor2,Ih,28,Tenor2_Ih_28.wav,Vocals/Tenor2/Ih/Tenor2_Ih_28.wav,Tenor2_Ih_28.wav,96.48098440507863,8.930027893894527,-1.5493775412412216,2.3345748431135207,-21.850143089017667,2.2341730963469915,12.269301597793882,2.60604469000325,-2.185579301375816,3.0048260968868696,12.913165524759066,2.6654542526382663,-28.41372307621042,3.654692370034646,-5.24510428612531,2.773874697048964,-10.777701968413478,2.62354064635764,-5.7988248853010385,3.095274765982773,-15.079098204903579,3.9894211113405045,-12.223702225176188,3.7267216601193462,,,,,,,,,,,,,,,1,44100,16,10416.588350093249,0.0709297052154195,0.6800111406593834,121.10666660309266,NA,NA,2.224325,0.6800111406593834,0.222516,17.672919352119337,43,0.23678681046373312,0.9067605695470775,0.9082202948170541,0.058634521487657486,1.2190885082558032,0.693641632088574,0.9803493752412917
Tenor2_Ih_29,494.099437850882,Tenor2,Ih,29,Tenor2_Ih_29.wav,Vocals/Tenor2/Ih/Tenor2_Ih_29.wav,Tenor2_Ih_29.wav,96.02533633898429,8.144988061077129,1.5592453929322743,2.1672742139207033,-25.6012447119237,2.4862723918337593,10.030260295315836,1.926675688959344,0.5326249998740672,3.9112968064234117,8.748664922944378,3.2127027285943868,-20.624088569350555,3.37275597798972,-10.705665207723088,3.163323677733897,-14.41742500857307,2.1734974422866227,-6.1098990184065975,3.433455812514408,-12.214329437162267,2.785106307451594,-13.1930412893768,4.175060670796646,,,,,,,,,,,,,,,1,44100,16,12263.752684346477,0.08104308390022676,0.6277493716066064,156.19725267468704,NA,NA,2.179835,0.6277493716066064,0.268648,14.96070929845117,45,0.29555260131664307,0.8256407548715184,0.6567426557864938,0.25081521266044987,1.2105677228460534,0.6410187045300093,0.9792996166420261
Tenor2_Ih_30,523.339249841916,Tenor2,Ih,30,Tenor2_Ih_30.wav,Vocals/Tenor2/Ih/Tenor2_Ih_30.wav,Tenor2_Ih_30.wav,96.50190035340138,7.998146950852858,-0.9639947752057645,2.099487431115861,-24.776049739574255,2.2088677961468965,11.204780137203244,2.589791825474979,1.3623031139999273,4.061093927449338,6.220962137140102,4.016249852568166,-20.90762186562081,4.080180937380469,-9.415409566053821,3.2914840255486038,-13.162352612360136,3.1842792958245347,-5.191301830804557,2.904806409571643,-12.699908223517397,3.6767591065186314,-17.93186722590595,4.417792925961962,,,,,,,,,,,,,,,1,44100,16,12518.58952601293,0.08804988662131519,0.6303568311516373,150.5925680567234,NA,NA,2.195221,0.6303568311516373,0.26175,18.2374832411598,42,0.29960986768568004,0.9671839183251268,0.9672984374540055,0.020221538781024607,1.2165107276104081,0.643543315042239,0.979509562787182
Tenor2_Ih_31,553.670864852218,Tenor2,Ih,31,Tenor2_Ih_31.wav,Vocals/Tenor2/Ih/Tenor2_Ih_31.wav,Tenor2_Ih_31.wav,96.39440363555705,7.612319946688741,-1.8034666519936502,2.0212003959345104,-25.459885528228675,2.3549106784485976,12.887333614877448,2.5409094078257306,-0.21631767192012505,4.256061988560591,3.2623687873987963,4.013200507526294,-26.164976745075677,3.1717940662159525,-7.476500576958753,3.1665714553708604,-12.566001485853242,2.3630159482746933,-4.494453812912044,2.8513505894353974,-14.949824848318343,3.8735553893381054,-12.19961515953525,3.146952580769204,,,,,,,,,,,,,,,1,44100,16,12730.80929251666,0.0946938775510204,0.6386870956332544,130.39594776315082,NA,NA,2.162408,0.6386870956332544,0.296076,18.52831162169542,41,0.30257818424500205,0.9670818596829707,0.9670994843905255,0.020391154230585885,1.2191732630950662,0.6517342346260033,0.9799808905232115
Tenor2_Ih_32,587.764680951912,Tenor2,Ih,32,Tenor2_Ih_32.wav,Vocals/Tenor2/Ih/Tenor2_Ih_32.wav,Tenor2_Ih_32.wav,98.02792862971414,7.6650423685983,-3.241742700657446,2.090104372486668,-23.68871178712205,2.2096660699281596,12.399087134129553,2.766902395255142,-0.41080354286875004,3.599743093273619,-0.6896961748309004,3.7819333708885825,-24.77081988558483,3.9217695921565623,-7.478843676106204,3.465576148110862,-13.822145845911079,2.871844115152376,-6.3570335933764595,3.085528787371943,-14.04078682346114,3.0473476897110725,-10.83323126293685,4.680799770877458,,,,,,,,,,,,,,,1,44100,16,12952.94876500496,0.10131519274376417,0.6407214591242986,153.03151539461686,NA,NA,2.219741,0.6407214591242986,0.226636,18.44739233827138,39,0.30622364852589345,0.9667443745532548,0.9667819935504992,0.023838642527734717,1.411445715308439,0.6531557340872813,0.9809627714891634
Tenor2_Oh_1,102.4274246342286,Tenor2,Oh,1,Tenor2_Oh_1.wav,Vocals/Tenor2/Oh/Tenor2_Oh_1.wav,Tenor2_Oh_1.wav,53.426068805971774,5.6113784057228155,14.046939029970959,3.735709226938939,4.779004974910909,2.246919004776888,16.325099166127234,2.850411667001631,-0.1749369357171158,2.1456149866030616,24.28391303678158,4.661976466103162,-3.5892956818751394,2.220566375626275,-14.236193546916024,2.62979499093479,-13.530350659756257,2.4508049025787444,-0.05337151753435614,2.5623247723843843,12.531049555526401,2.909420454507171,-4.137957179005887,2.533361734568646,,,,,,,,,,,,,,,1,44100,16,1894.7944607789998,0.018458049886621315,0.4359383384535683,137.9791101650992,NA,NA,0.940637,0.4359383384535683,0.787761,11.597918777763747,44,0.04033617970350896,0.16719353807546875,0.12905606287724913,0.6345315326649973,0.8225807006694117,0.44788494105508947,0.973326625866504
Tenor2_Oh_2,106.29989240642274,Tenor2,Oh,2,Tenor2_Oh_2.wav,Vocals/Tenor2/Oh/Tenor2_Oh_2.wav,Tenor2_Oh_2.wav,54.44145271758464,5.34681793630908,14.595971589736797,3.5857868917767175,4.911699806601284,2.123093303668319,16.243366334868938,2.8858677479496153,-0.18899232350427722,2.163547478828185,24.568611012260916,4.153451886880719,-9.996186555680081,1.9530802519309944,-15.256181496659222,2.474796456589008,-11.388517170850992,2.0658166309454993,5.471240040170806,2.85171883343247,11.285335134545397,3.088377726740502,-13.890600791067548,3.4564470494028248,,,,,,,,,,,,,,,1,44100,16,1894.3131624510306,0.016643990929705216,0.4438870100197782,153.493940088786,NA,NA,0.910922,0.4438870100197782,0.79662,11.502099940248522,49,0.04040228432330293,0.42938192389701657,0.3403470883599469,0.4589941978346947,0.9326291535836341,0.45569309961327276,0.9740920158687637
Tenor2_Oh_3,110.1363530648082,Tenor2,Oh,3,Tenor2_Oh_3.wav,Vocals/Tenor2/Oh/Tenor2_Oh_3.wav,Tenor2_Oh_3.wav,55.60691473452456,5.418634383737366,14.73121701532008,3.356457643717579,5.267614842601771,2.081446463392873,15.460312716495418,2.749595421094424,0.7995423813343556,2.6044819563375117,22.887415059591362,3.681486765080865,-16.725948473345344,2.023006618866496,-13.33135259736724,2.4474280911771316,-8.366599090682827,1.8499340955673065,10.121490245751945,2.427108227922432,5.5479874748360585,2.5018461800333847,-17.9592345622598,3.455682303803012,,,,,,,,,,,,,,,1,44100,16,1890.071765647086,0.017346938775510204,0.4548894014858613,196.2296770522821,NA,NA,0.908487,0.4548894014858613,0.80041,11.608951828946067,43,0.04031599759518874,0.861711340576744,0.7378208439274553,0.1547193789598199,1.02553752076877,0.46686940748668976,0.9743397065459467
Tenor2_Oh_4,116.74134085400632,Tenor2,Oh,4,Tenor2_Oh_4.wav,Vocals/Tenor2/Oh/Tenor2_Oh_4.wav,Tenor2_Oh_4.wav,56.926437920372514,5.589410981868259,14.760622619082673,3.157426988317611,6.076204844840247,1.9849969123835445,14.303699891783312,2.71491429166691,1.0493183546925853,2.9622199754174865,19.96669976495743,3.3569261962186827,-22.053857226457772,2.2255506421915965,-11.14551918732712,2.6291126396115008,-5.272410170262938,1.8946231636632918,14.382643942098733,2.248630496680931,-1.6480732572817074,2.450142788347595,-17.644788972988355,3.0789540003153455,,,,,,,,,,,,,,,1,44100,16,1884.0289622582136,0.019342403628117913,0.4642696371194794,148.7659529741362,NA,NA,0.873215,0.4642696371194794,0.804467,11.993597623180504,42,0.04029314971328479,0.9263650385818532,0.916525747700651,0.044839417769370477,1.0294898881960377,0.4764158864968661,0.974504944688769
Tenor2_Oh_5,123.60646198258738,Tenor2,Oh,5,Tenor2_Oh_5.wav,Vocals/Tenor2/Oh/Tenor2_Oh_5.wav,Tenor2_Oh_5.wav,58.035617799267996,5.550719314454176,14.780155333364634,3.001818818093232,6.406885592098643,2.050275004545658,13.22670409652823,2.274090720091773,2.1626475786003576,3.0792441183472725,16.542044927349025,2.9268374161164474,-26.772547727344897,2.7825026102194443,-6.867057384897868,2.3593273799255785,-1.76858872692578,1.8423901081750804,14.808580619326586,2.3095818958665184,-10.248626260208415,2.3386245534844856,-12.334694721807072,3.048830905722473,,,,,,,,,,,,,,,1,44100,16,1872.7767053606249,0.019773242630385487,0.4728186332144268,170.85082082333383,NA,NA,0.8826,0.4728186332144268,0.802701,12.3529356385211,45,0.04014703336643646,0.8902899673995042,0.9091071738528651,0.0490278877018658,1.029778653586679,0.4850993165717898,0.9746841874687623
Tenor2_Oh_6,130.87588182339613,Tenor2,Oh,6,Tenor2_Oh_6.wav,Vocals/Tenor2/Oh/Tenor2_Oh_6.wav,Tenor2_Oh_6.wav,59.342894992494486,5.586218574958318,14.916904096727388,2.9362272104244016,6.849366671967274,2.1715599591772885,11.93399119896805,1.948267465740702,2.014772517294587,2.99446060526697,11.778386854956658,2.4993458316300172,-29.38332496678692,3.3472917206133044,-2.4389043276276143,2.1915192119401987,0.6841340640084993,1.7495249168833868,15.032411304707123,1.964818102385747,-16.461758079733812,2.8791088017946795,-5.05444412548938,3.2993611848599236,,,,,,,,,,,,,,,1,44100,16,1860.1632709676965,0.021020408163265305,0.4823206044187936,120.5670410926643,NA,NA,1.013607,0.4823206044187936,0.781591,13.070839851084543,45,0.040060404884913976,0.9043688233234467,0.9035033257246289,0.053027235234154875,1.0460206984351834,0.4947215544324872,0.9749334754012907
Tenor2_Oh_7,138.90542028498393,Tenor2,Oh,7,Tenor2_Oh_7.wav,Vocals/Tenor2/Oh/Tenor2_Oh_7.wav,Tenor2_Oh_7.wav,61.771955688429124,7.145323267018517,15.705534291304884,2.6674438061718053,4.956829820319028,2.574119766730718,10.703813507942705,2.3364557023779757,2.168628325105831,2.311268470247669,12.076873952595895,2.4381569182142453,-27.61656866224087,3.4817551314735145,-2.505468721165125,2.358206408052064,0.16031119452050616,2.328795601460137,16.449831506244323,2.058216419982978,-16.851128411067375,3.6370822184461358,-7.255556395342441,2.5603257543953655,,,,,,,,,,,,,,,1,44100,16,2211.690939887053,0.020226757369614514,0.4827159645529035,161.54435255153203,NA,NA,1.053243,0.4827159645529035,0.773321,14.026177644184541,39,0.045107394600449824,0.8512921183642091,0.8765198047766566,0.06820655163912882,1.0365301474851474,0.4967032663781598,0.9718397224821002
Tenor2_Oh_8,147.13091925789763,Tenor2,Oh,8,Tenor2_Oh_8.wav,Vocals/Tenor2/Oh/Tenor2_Oh_8.wav,Tenor2_Oh_8.wav,63.220948752518325,6.959357756056412,15.642190041538802,2.3681737075647273,5.273667510464303,2.513948108203827,9.538245394582578,1.9028095430386218,2.007610344102049,2.31484855497068,7.493063824188871,2.188918760313804,-28.507397862883085,3.9637703915421643,2.4412404013703304,2.4385588745960955,3.088592105433615,2.1606410808085297,13.207202435817452,1.837142649094786,-22.758930181363766,3.5054913907674554,1.5301803905026998,2.8679418135177044,,,,,,,,,,,,,,,1,44100,16,2214.516735896173,0.02106575963718821,0.49106574160445754,183.1129640669567,NA,NA,1.198638,0.49106574160445754,0.73725,14.936292481933478,40,0.04546977977550516,0.8187270817920548,0.8281995462594196,0.11170570456578363,1.1887065136051869,0.5051377918018531,0.9721421552182824
Tenor2_Oh_9,155.63956140094945,Tenor2,Oh,9,Tenor2_Oh_9.wav,Vocals/Tenor2/Oh/Tenor2_Oh_9.wav,Tenor2_Oh_9.wav,65.34715031813164,5.6944012267504185,17.9543240159287,2.0569617029564253,3.9216461274408907,2.3528173769681233,10.6705279388793,1.7464730391287084,-0.8626493302031802,1.6952352982253305,5.551784373898574,1.4798396203644741,-27.362854783987196,2.4152191467907214,-0.4078810909626332,1.5984094051810882,-1.2363945747156107,2.1849836815338195,14.100426062688026,2.004183442700017,-18.602887920667023,2.8751505046332513,-6.964468365737507,1.8249442481200309,,,,,,,,,,,,,,,1,44100,16,3110.842322706016,0.02433106575963719,0.4703588748885296,129.82980815981233,NA,NA,1.025224,0.4703588748885296,0.782511,15.96561679869219,38,0.0717318799490335,0.6396716602856821,0.6551132390540206,0.23445097497127287,1.1251313663642104,0.48167605877043507,0.9765045746496211
Tenor2_Oh_10,164.88877028829117,Tenor2,Oh,10,Tenor2_Oh_10.wav,Vocals/Tenor2/Oh/Tenor2_Oh_10.wav,Tenor2_Oh_10.wav,66.62205430588499,5.550318110977807,17.880267459119988,1.7152199350590251,3.903807411588376,2.187009508591008,9.303974316256125,1.5131181639078484,-1.4406131170403338,1.8083452732682919,1.923853876888935,1.6086840865335787,-28.41229106011419,2.2861872918776007,3.826440575950573,1.629513907868337,0.8636466867869028,1.8307573005824442,10.100373518882027,1.826301207968561,-23.189149225322335,2.8285308294059597,3.4014350980184505,2.690615869819189,,,,,,,,,,,,,,,1,44100,16,3116.989522776028,0.025600907029478457,0.48017424078481785,155.9638303994002,NA,NA,1.220421,0.48017424078481785,0.728582,17.621782102996615,39,0.07160772132828257,0.24895308570312863,0.39901591845887896,0.5256749319513573,1.2237056193715785,0.4916748011107107,0.9766094168342313
Tenor2_Oh_11,174.22107483327054,Tenor2,Oh,11,Tenor2_Oh_11.wav,Vocals/Tenor2/Oh/Tenor2_Oh_11.wav,Tenor2_Oh_11.wav,65.87186112460361,9.126751360423524,17.691097404722274,4.552835431315264,-0.2827362325990223,1.9531127970582676,10.597777724169188,1.6661358100074424,-0.005003475446136149,2.475426490079147,0.20228925767687075,1.8637020585424975,-26.537618872193235,2.858986812474384,5.065834262607029,1.7492348939774827,-2.33255396394591,1.8332789998386076,11.289574319612136,2.3299392759955118,-13.643174604699691,3.6200667617080233,-3.0415731239384765,2.7154901735601977,,,,,,,,,,,,,,,1,44100,16,2485.0071470338416,0.018253968253968255,0.5111951509657368,135.69351313736425,NA,NA,1.349659,0.5111951509657368,0.689964,18.013067775483254,48,0.04870731230258313,0.607427543784253,0.6137796980574836,0.3206103008379548,1.339635415016067,0.5250260696723158,0.9736567010563659
Tenor2_Oh_12,184.3404493310528,Tenor2,Oh,12,Tenor2_Oh_12.wav,Vocals/Tenor2/Oh/Tenor2_Oh_12.wav,Tenor2_Oh_12.wav,67.30409034882636,8.942654163522128,17.618295334500655,4.26612477693152,-0.8816344144355635,2.1749790716705992,9.619881890776146,1.8632945095853206,-0.7304999248220824,2.071885460258446,-3.5132989293876165,2.0566843657684566,-25.83441525773786,2.6080063860520095,8.901322461530134,1.8936926908317158,-1.6504230718823427,1.744172249268378,10.022762243832567,1.829035691059529,-18.38107015278644,3.7969038979463976,4.645262359549565,2.9745712502082506,,,,,,,,,,,,,,,1,44100,16,2516.602031170638,0.019297052154195013,0.5209719283974186,158.909370915134,NA,NA,1.329859,0.5209719283974186,0.695726,21.89749282312295,54,0.049684402498741856,0.5281397523796105,0.5697173432834186,0.3432214611932125,1.252108751798782,0.5349485102816655,0.9738730333562612
Tenor2_Oh_13,195.30208827294123,Tenor2,Oh,13,Tenor2_Oh_13.wav,Vocals/Tenor2/Oh/Tenor2_Oh_13.wav,Tenor2_Oh_13.wav,77.52947838398045,12.186901938794374,15.753885851060211,4.080301911286166,-5.3298578723389785,2.8311692885285247,8.029026164509082,2.2047640069477077,-1.212422189069881,2.5695108187553237,5.662637501540016,2.6103005236811327,-33.453379407219444,4.10419786407543,4.576607143622546,1.9278893216488477,7.977858222559025,2.8620859555401137,2.1426573070516954,2.5333150015435564,-17.130077440008282,3.704210446205787,7.158218507061518,3.1873292185623896,,,,,,,,,,,,,,,1,44100,16,4201.559689752738,0.04086167800453515,0.5758826745345216,137.38732420215248,NA,NA,1.525728,0.5758826745345216,0.63254,17.31340482049081,50,0.08470696685919246,0.698590872159267,0.7989853311962434,0.15637324794392035,1.3994659241374163,0.5938518585008781,0.9697413021292584
Tenor2_Oh_14,207.1230053704912,Tenor2,Oh,14,Tenor2_Oh_14.wav,Vocals/Tenor2/Oh/Tenor2_Oh_14.wav,Tenor2_Oh_14.wav,79.03868192749607,11.315075354702556,15.643465948477651,3.7034615824646693,-5.768011750865599,2.564003123012145,7.229478584648742,1.8575406936689465,-2.3924364352376934,2.262640573951002,0.8471969198311994,1.6848676551394537,-33.98973447457326,3.3601335483772616,10.722576003754787,2.725992830203422,4.9352549036523605,2.8179483705502095,-2.6494272206253027,3.5152645086146,-15.987093923702506,3.580637447861877,10.927108604351437,3.3748836432930167,,,,,,,,,,,,,,,1,44100,16,4218.237443073583,0.04317460317460318,0.5853993403554009,151.85970517926944,NA,NA,1.521696,0.5853993403554009,0.629522,18.2806870088389,44,0.08555030651254572,0.5917590311797224,0.6102941945828868,0.3011575124565694,1.2444058754649008,0.6031664817914681,0.9705435531110798
Tenor2_Oh_15,220.53645462233104,Tenor2,Oh,15,Tenor2_Oh_15.wav,Vocals/Tenor2/Oh/Tenor2_Oh_15.wav,Tenor2_Oh_15.wav,83.45597743405779,10.841123588277336,15.852193107709443,3.417740174379966,-9.262652009486926,2.9726537576217913,12.5779255826565,1.6398389729385126,-4.966164827868131,1.7790687182532574,-2.748943520938748,1.8125635609838104,-28.99320778666713,3.4243659977299385,1.2274489980490675,2.8343902147555067,3.513963911142096,2.1345817496651125,7.307947718927086,2.540421870078827,-14.842464231517862,2.658361879922075,-4.058357681067771,2.6652848515725305,,,,,,,,,,,,,,,1,44100,16,6207.805253411618,0.046054421768707485,0.5772174229151908,135.31452917770335,NA,NA,1.751515,0.5772174229151908,0.555674,15.432928094082406,68,0.13159191080842086,0.9013473251701276,0.9007903877737498,0.06556240133209772,1.2561321373499172,0.5931170469642295,0.973193108964886
Tenor2_Oh_16,233.2149663665984,Tenor2,Oh,16,Tenor2_Oh_16.wav,Vocals/Tenor2/Oh/Tenor2_Oh_16.wav,Tenor2_Oh_16.wav,84.61771952231139,9.927699899628726,15.024819892031172,2.8807625097571936,-9.790213073144047,3.0384794225042038,11.253751138445871,1.559353892938265,-6.798205463745542,1.591703524299351,-5.120954978758412,1.8550937081366556,-28.67138227027363,3.0582215213849104,4.871785243480265,2.2065034572359368,3.445424637287787,1.5925829868382582,5.003166540483463,1.8888534974288074,-18.749626860293606,2.2665004910440403,0.6640869353147059,2.8788895982297698,,,,,,,,,,,,,,,1,44100,16,6260.936410174949,0.048049886621315194,0.584487891577357,122.65802510475645,NA,NA,1.804536,0.584487891577357,0.532684,16.872302130659982,65,0.13417639258173872,0.7889864709158951,0.8440198993556861,0.10091538857638585,1.1930367009469598,0.6001396373076879,0.9739198267247489
Tenor2_Oh_17,245.79787521613815,Tenor2,Oh,17,Tenor2_Oh_17.wav,Vocals/Tenor2/Oh/Tenor2_Oh_17.wav,Tenor2_Oh_17.wav,82.02914715184009,11.379027965216894,15.142002118926223,2.9768247476487235,-10.068392508238668,3.8665134595345805,10.478723891642813,1.6717019613331683,-10.343091348363313,2.642721737500823,-3.32170541747617,3.2825604180519523,-26.09493372024423,3.817797180361524,4.794318034158453,2.200786300654754,4.231044678289567,2.4309138031350357,1.242026363725617,2.8955381433318967,-20.209093993109924,4.590467567546971,-1.0462254015303902,2.252048594359625,,,,,,,,,,,,,,,1,44100,16,6155.904182420415,0.04124716553287982,0.5707094654559526,146.77986218704208,NA,NA,1.792873,0.5707094654559526,0.524157,17.31012110671241,65,0.12074531948211714,-0.6224403010127235,-0.41298105246711075,0.9458273807307017,0.39294128722738086,0.5884380930544607,0.9698717200538761
Tenor2_Oh_18,260.5108652988155,Tenor2,Oh,18,Tenor2_Oh_18.wav,Vocals/Tenor2/Oh/Tenor2_Oh_18.wav,Tenor2_Oh_18.wav,83.06740027394216,11.078715653084943,13.993482921607889,2.3504281802096734,-11.3752550356143,3.988893497513117,9.376201476121551,1.7433149694743089,-11.291206056243581,2.3239024915250095,-5.198405918875526,3.1984092888047884,-25.311793321988663,3.7908762495193318,9.700268477996033,1.9497972776277923,1.7923912080158717,2.4659631871613636,-2.696228840434733,2.6173949501004787,-19.40045498474632,3.845466040925408,2.940133002956655,2.858312211157118,,,,,,,,,,,,,,,1,44100,16,6289.466924971726,0.04467120181405896,0.5779641500222467,125.3815825392309,NA,NA,1.83707,0.5779641500222467,0.506418,18.4635845677447,69,0.12429703084062452,-0.6844844983300484,-0.677209796351272,0.9862016762202834,0.18980108546849342,0.5954795239201616,0.9705861021339447
Tenor2_Oh_19,277.17391829337,Tenor2,Oh,19,Tenor2_Oh_19.wav,Vocals/Tenor2/Oh/Tenor2_Oh_19.wav,Tenor2_Oh_19.wav,84.58235317574525,11.797072089223684,12.934785918292633,3.364959648716353,-15.377410489563612,4.193759212936109,14.340471288060902,1.8643427151380019,-12.192481894010028,2.4879779517835336,-4.5828612729481835,3.1278922340675925,-22.738390660655647,2.5773125301958366,3.6104975869904097,4.013231661869413,4.369229536770743,2.2233275311773353,-3.1940751281421456,2.624526784671291,-17.79413946535653,2.9560695692986556,-4.813088306645319,2.3171574174472642,,,,,,,,,,,,,,,1,44100,16,6064.401451071763,0.04394557823129252,0.6147625920541495,124.6979352258214,NA,NA,2.047026,0.6147625920541495,0.347526,12.155702302160869,61,0.12914340207544167,-0.21079908669736394,-0.21094853795413324,0.8895510199001195,0.5796295307498583,0.6313076239265398,0.9737924408872408
Tenor2_Oh_20,293.3478414165114,Tenor2,Oh,20,Tenor2_Oh_20.wav,Vocals/Tenor2/Oh/Tenor2_Oh_20.wav,Tenor2_Oh_20.wav,86.65186455171882,11.682765838452259,12.65901508786509,3.182699936145742,-14.706644243434942,3.744829479570555,13.373857893003898,1.668815682058936,-15.532581323393599,2.3481452586353284,-6.345471610615672,3.3426818737304775,-22.565138525064047,2.370845821322834,7.269900634251874,3.790909734404355,2.5155267532657835,2.2666508789332895,-5.411444804922232,2.7970647013081984,-18.607830477416094,2.6677313985426903,-2.7040330114274864,1.9311162340296701,,,,,,,,,,,,,,,1,44100,16,6274.561612236739,0.045396825396825394,0.6236957837384827,133.73771152109344,NA,NA,2.137484,0.6236957837384827,0.298969,12.51680271284668,66,0.13415704060936828,-0.22287667836614977,-0.22267004995596051,0.8920231396743198,0.5671164535568216,0.6402574214827734,0.9741328453390893
Tenor2_Oh_21,312.2250969185628,Tenor2,Oh,21,Tenor2_Oh_21.wav,Vocals/Tenor2/Oh/Tenor2_Oh_21.wav,Tenor2_Oh_21.wav,92.26357183342608,13.436069933496052,10.746628356978071,2.9494600441393444,-18.364325248398153,4.7893587169412015,11.909077207783712,2.2841891897920195,-14.591274302907431,2.104908581783133,0.4621593583075278,2.4643538106344534,-22.029820581673523,2.5721529409670656,2.3284200678284988,2.7569189996914014,1.8021766543561955,2.245175624352057,-5.497315455271147,4.788070407095888,-20.43299596068538,3.572480927855132,-1.8041696129207525,2.8912550766759852,,,,,,,,,,,,,,,1,44100,16,10032.790943040569,0.06820861678004535,0.6445044369882895,117.85348017408492,NA,NA,2.123981,0.6445044369882895,0.286053,12.277956829366984,53,0.20597523075962193,0.5584294383708513,0.5816817880059446,0.33890195988147537,1.281405022527846,0.6631892860706898,0.971825767582728
Tenor2_Oh_22,330.61531109469905,Tenor2,Oh,22,Tenor2_Oh_22.wav,Vocals/Tenor2/Oh/Tenor2_Oh_22.wav,Tenor2_Oh_22.wav,93.6877975459375,12.757792009287616,9.528173602467083,2.792291431941715,-19.31041810964411,4.494814751798354,9.750861707002956,2.2278743875460267,-17.601722476575354,2.0536996365603266,-1.9904536536356046,1.9718508576696843,-22.763095076487048,2.5534068633460305,6.768248721337033,2.4109124761330483,0.29408423043362436,2.176944452871119,-5.267426825199517,3.016903112958871,-16.937905220060255,1.7945790215939967,5.731455311563418,4.2490940369952375,,,,,,,,,,,,,,,1,44100,16,10282.079347122793,0.07378684807256236,0.6512548758505143,129.60816203105188,NA,NA,2.182286,0.6512548758505143,0.211963,13.427187163473576,50,0.21361840506998792,0.1825012081596761,0.31477840338793944,0.5614409199169362,1.0772725202106581,0.6693866660942219,0.9729128302637039
Tenor2_Oh_23,349.7065268985872,Tenor2,Oh,23,Tenor2_Oh_23.wav,Vocals/Tenor2/Oh/Tenor2_Oh_23.wav,Tenor2_Oh_23.wav,94.78642454797405,9.804749942456342,8.758603498744835,1.7010882799376577,-19.688088603264436,3.765888962389661,6.535010201375979,2.2561643902129207,-15.437356413143714,3.4922817450692643,-0.8125098519422783,3.157074463175345,-22.597552188952825,3.6828137180055838,2.73972935292557,3.116312678661386,0.016024450408845037,3.7749918766020443,-3.213754535750288,3.585878687072861,-21.29530202017361,4.242174272235168,2.701752132023842,6.012023027004972,,,,,,,,,,,,,,,1,44100,16,10618.75008771078,0.06489795918367347,0.6410982090137993,143.8571836531019,NA,NA,2.175317,0.6410982090137993,0.264599,14.99692036548374,49,0.22246667361966793,0.002177484810717857,0.016619956511254568,0.811302698105575,0.8387261050564452,0.6578816156086355,0.9744887131717321
Tenor2_Oh_24,370.878585751676,Tenor2,Oh,24,Tenor2_Oh_24.wav,Vocals/Tenor2/Oh/Tenor2_Oh_24.wav,Tenor2_Oh_24.wav,95.89087687166297,9.706092766092409,7.25790532021744,1.7177758675456978,-20.115375081459028,3.7400992098999226,6.026831584127911,2.241751253832289,-14.809066681795647,3.2520248084826164,-1.0574364561091447,3.4248610281944907,-21.1721055706641,3.7703322203026923,6.868927936616944,2.4409337307495,-2.09984461214022,3.2194166992657145,-5.6939819886011485,2.5629086366646243,-18.78966637594584,4.306570387697686,6.703281448145185,4.991977728118179,,,,,,,,,,,,,,,1,44100,16,10859.766892240097,0.06859410430839002,0.6504651388804734,137.24663781971375,NA,NA,2.182561,0.6504651388804734,0.266678,15.160065649410964,49,0.22925525772622363,0.016929257927969746,0.0171367642429306,0.7901787957467137,0.8177332046203836,0.6672879598681268,0.974789263407393
Tenor2_Oh_25,391.8354259589795,Tenor2,Oh,25,Tenor2_Oh_25.wav,Vocals/Tenor2/Oh/Tenor2_Oh_25.wav,Tenor2_Oh_25.wav,95.29810694753301,9.973549695380429,9.252709576112926,2.138869471413423,-18.040992517507043,3.38877110189638,3.1285728265067063,2.0906690108374213,-15.208984453859367,4.313680266381508,-3.3271880217988903,2.5524999351540414,-25.925002746715588,4.435568781691222,5.885385236762753,4.332215475967551,4.630514358842405,4.380708770769295,-0.896623332885574,2.5690421865987356,-22.62179744807116,5.334310861245255,-0.5714101806729708,3.736616125164498,,,,,,,,,,,,,,,1,44100,16,16309.54512890296,0.05448979591836735,0.579670186583105,133.72685012893095,NA,NA,1.956747,0.579670186583105,0.441104,10.5223698522564,51,0.34679503763717867,-0.2537572159341067,-0.2538047055308907,0.9208083903040724,0.5480142839802457,0.5950715813773618,0.9741184165464455
Tenor2_Oh_26,415.305,Tenor2,Oh,26,Tenor2_Oh_26.wav,Vocals/Tenor2/Oh/Tenor2_Oh_26.wav,Tenor2_Oh_26.wav,96.336005328891,9.91199729390701,7.284631081460267,1.8432572894731853,-18.163100143547222,3.41761346783019,2.513651516934956,2.181628119538135,-13.29952899640316,3.7075360283123144,-4.1741859473892235,2.7080135113744834,-24.042172933187018,3.064573760351535,11.050503938009944,4.195822663389964,3.94426516050971,4.919832383311345,-4.257899253438148,3.3984562932413342,-19.391157248209478,3.4486328018093064,5.371924048123629,2.9709226201765975,,,,,,,,,,,,,,,1,44100,16,16609.74119852988,0.05766439909297052,0.5862307076021325,148.71535204362485,NA,NA,1.922835,0.5862307076021325,0.467049,13.07980540807903,49,0.354439124206432,-0.2531139185409331,-0.25272691342168124,0.9219593477543326,0.5499645614017427,0.6015195654530023,0.9745829417213456
Tenor2_Oh_27,440,Tenor2,Oh,27,Tenor2_Oh_27.wav,Vocals/Tenor2/Oh/Tenor2_Oh_27.wav,Tenor2_Oh_27.wav,91.77834018433948,14.065602469934316,7.020394678188145,2.7045349168945334,-19.430212642244197,3.578280757375178,2.6878294076910922,3.078216812892927,-13.758955870997248,3.0383896267475805,-1.8941311384131274,2.7946413007857034,-24.94667373354988,3.944067301060391,6.909020079144943,3.828645809865232,3.158191758344997,4.120053053688888,0.6333264064108274,3.6163633437489793,-27.602984182982038,5.251130868256762,0.6357953946670254,3.6943849194635696,,,,,,,,,,,,,,,1,44100,16,12547.813782151772,0.060816326530612246,0.585910242297226,160.68320482702575,NA,NA,2.01429,0.585910242297226,0.390807,20.965193941323566,54,0.21344437380075382,0.13693747065866774,0.13783919444936357,0.7036929346749567,0.9287007676240686,0.60791479793201,0.9638032242188567
Tenor2_Oh_28,465.102280363074,Tenor2,Oh,28,Tenor2_Oh_28.wav,Vocals/Tenor2/Oh/Tenor2_Oh_28.wav,Tenor2_Oh_28.wav,93.02606132529337,13.8753123285318,4.908117383711297,2.335749148824222,-18.636657665669578,3.7691860638842622,1.9018352710873538,3.0431755865531547,-10.722452066553162,3.2876175799231993,-3.5215242449959314,2.813477500388962,-22.70009430021977,3.672378406380366,8.42317388216102,3.4885020765882513,1.7112061050080791,4.151471170794999,-6.230547714998866,4.627783918956323,-26.773768627625877,4.03184384669005,0.962187347983906,3.429702289187733,,,,,,,,,,,,,,,1,44100,16,12909.447617497402,0.06326530612244897,0.5909254629730879,130.25203058062664,NA,NA,2.108623,0.5909254629730879,0.341878,19.91153345661092,51,0.21967069971037123,0.07024693620591443,0.09423859520637827,0.733936654225675,0.8866593445470987,0.6128169163452957,0.9642773350599334
Tenor2_Oh_29,489.83212858051,Tenor2,Oh,29,Tenor2_Oh_29.wav,Vocals/Tenor2/Oh/Tenor2_Oh_29.wav,Tenor2_Oh_29.wav,98.17358098179977,10.774279596169979,4.335974113704811,2.31364738149637,-21.274150538765788,2.9220731408116762,1.075024281119919,2.0101939702683818,-12.965543643244505,2.412243925918686,2.359061884050551,3.2374197999181114,-22.387755795061803,3.0260876694902183,5.448404011319196,3.6483083261721867,-0.9160359758340736,3.5524012555030886,-5.935615737044012,3.2355825640202354,-26.41089450827056,2.889273032376052,0.048765118083976024,3.0070069061671854,,,,,,,,,,,,,,,1,44100,16,13787.796803433988,0.06507936507936508,0.6348168663900131,138.37561204641307,NA,NA,2.222293,0.6348168663900131,0.218592,17.51651445184582,40,0.2918854828864583,-0.11674994595328676,0.010018873685718107,0.7686657403767563,0.7842239459923427,0.6504688886669686,0.9759373237526674
Tenor2_Oh_30,519.447413866176,Tenor2,Oh,30,Tenor2_Oh_30.wav,Vocals/Tenor2/Oh/Tenor2_Oh_30.wav,Tenor2_Oh_30.wav,99.41286452565612,10.07100959316114,1.7757180905234122,2.630172549125574,-21.29986211861371,2.3953462747185417,-0.5257568227766338,3.310637317629574,-9.495036528887464,3.5212790836413257,1.748417984577904,3.505028362376846,-19.346329302537505,3.895111248325593,6.624899117019608,3.471638758469226,-1.5434937601184686,3.656924082360076,-10.899502817817984,3.122541708476933,-24.40376482784302,3.1471639488421723,-1.552068281126732,3.591525714340505,,,,,,,,,,,,,,,1,44100,16,14062.83337257812,0.06954648526077098,0.6368849402333241,156.1750910195979,NA,NA,2.244193,0.6368849402333241,0.19222,17.318580225326212,42,0.2989205772523413,-0.19088774207061937,-0.17571590976984855,0.8996024148319657,0.6307033458650495,0.652144273283131,0.9766012925744393
Tenor2_Oh_31,550.158042161684,Tenor2,Oh,31,Tenor2_Oh_31.wav,Vocals/Tenor2/Oh/Tenor2_Oh_31.wav,Tenor2_Oh_31.wav,99.35150749815578,9.57543045237721,0.6618223451521787,2.6490706126863643,-21.593482813950825,2.375700554574238,0.6715344441834211,2.0102812995457735,-10.292333912224459,2.790340872189641,-0.3882239045249314,2.404038280667608,-19.005161741588868,3.4090952141161948,10.242299833701592,3.1898198481937423,-5.919959057230385,3.5924407684579243,-15.548976582235136,3.207963120791102,-19.326836555576165,3.563700270198818,4.64586299759425,3.136847131268706,,,,,,,,,,,,,,,1,44100,16,14356.020904036575,0.07308390022675737,0.6416634048833705,140.58255861706243,NA,NA,2.182295,0.6416634048833705,0.276861,18.996503107157196,43,0.30840633848544946,-0.1866527435025193,-0.18561989109325666,0.9030993291038746,0.6203220235374501,0.6566813689016373,0.9771305160623244
Tenor2_Oh_32,583.745729333202,Tenor2,Oh,32,Tenor2_Oh_32.wav,Vocals/Tenor2/Oh/Tenor2_Oh_32.wav,Tenor2_Oh_32.wav,101.03952181351387,10.014271918777034,-0.2642055274982409,2.4132692698758706,-21.149202882969618,2.2920855336191512,-0.7947628298353807,2.5072563573757316,-8.513284206827729,3.362320732955643,-0.9154213485302638,2.997577849552543,-15.818006815622525,3.0233041846888886,9.439277135280621,2.1436320988634874,-11.587469794264589,2.912038234022524,-19.058269205937528,3.52006912280466,-13.747269725887199,3.68838678083301,4.615234215752541,3.2979534898712335,,,,,,,,,,,,,,,1,44100,16,14668.342625732677,0.07859410430839002,0.6441370634289513,156.49785890724948,NA,NA,2.192383,0.6441370634289513,0.245661,20.6057467910293,42,0.3185042259786356,-0.18035452449963132,-0.1788842328654366,0.8955968422813513,0.6238005969472366,0.6589688748296995,0.9774923946072852
Tenor2_Uh_1,98.0334489709145,Tenor2,Uh,1,Tenor2_Uh_1.wav,Vocals/Tenor2/Uh/Tenor2_Uh_1.wav,Tenor2_Uh_1.wav,52.01240635115472,7.673099534604161,8.892987595916132,3.013673878912604,11.106587120578304,1.5257099139808346,23.31507535572084,2.4788355595952742,-3.772104356805083,2.6063340991462227,22.885779780506038,2.820635779560704,-5.52400412816438,2.65893289836939,-2.8437459644747562,2.585658707774713,0.45143066627696565,2.457437953090481,14.520535494596256,3.2959143293656874,1.8866296359542034,3.0715011669510717,-1.346113169193485,2.880138796660409,,,,,,,,,,,,,,,1,44100,16,3379.8813972606304,0.008458049886621315,0.35078267810471253,167.2289461614689,NA,NA,0.104619,0.35078267810471253,0.893086,11.73217755902264,50,0.08586784496368705,0.22266018519461608,0.30730889664438554,0.8052089787237933,1.5196627420854005,0.35788163745522783,0.98016394637905
Tenor2_Uh_2,103.73900802482764,Tenor2,Uh,2,Tenor2_Uh_2.wav,Vocals/Tenor2/Uh/Tenor2_Uh_2.wav,Tenor2_Uh_2.wav,53.63656956616281,5.178984432005391,9.443643233169928,1.6688899829011496,12.322106427662023,1.167212324240604,22.183886711059905,1.7248005703176696,-3.6979726110575237,2.8020729971884624,22.48903519236601,2.3440168037961646,-9.34653637173056,2.575006126794842,-1.0906633040987972,2.5854647523140906,2.7456739235403584,2.4404741658385287,14.92519071673476,2.97396307187876,-2.6940119332675017,3.189888756403705,1.9315592264346118,2.6709284017915826,,,,,,,,,,,,,,,1,44100,16,3344.6908945562614,0.007709750566893424,0.3599912159985237,171.10409407229403,NA,NA,0.154102,0.3599912159985237,0.888693,11.813086140057443,44,0.0849507535653487,0.23340746792765055,0.25519835699208504,0.827815127586516,1.395099215736754,0.3667965658052494,0.9814465280180976
Tenor2_Uh_3,109.90114894076798,Tenor2,Uh,3,Tenor2_Uh_3.wav,Vocals/Tenor2/Uh/Tenor2_Uh_3.wav,Tenor2_Uh_3.wav,54.56088362353074,5.1205077015408635,9.756004428688295,1.6252300684410215,13.674958507314194,1.35063233456892,20.234150307279446,1.8763769528426157,-3.6579979910306677,2.8547103595213805,21.635761027607003,2.6062657973438355,-13.254699346034448,2.7750924269357644,2.205698656722982,2.680774251664931,5.359220313469865,2.159893590510364,14.920298781572846,3.124134750077642,-6.655998229840341,3.793904694926442,5.997818044645995,2.5021915364538647,,,,,,,,,,,,,,,1,44100,16,3310.103719371145,0.008117913832199546,0.3691136359822223,173.32502608672183,NA,NA,0.162042,0.3691136359822223,0.890568,11.70509422787056,40,0.08419199852553388,0.17349733275108034,0.2520323414919945,0.8269972045088719,1.3843208788384993,0.37603871852462317,0.9815841236520239
Tenor2_Uh_4,116.44720313991948,Tenor2,Uh,4,Tenor2_Uh_4.wav,Vocals/Tenor2/Uh/Tenor2_Uh_4.wav,Tenor2_Uh_4.wav,55.83468985805763,5.301919798355876,9.821314742690866,1.7360338006772866,14.43749561525299,1.6260077625651885,18.435295200741553,1.68400953277354,-2.9694223523422956,3.0735566776067924,19.201459860270745,2.711255894159026,-14.530458906122734,2.7433973282614126,5.637192755822924,2.74197994083798,7.135078937767486,2.548729163936556,12.693371501153047,3.4345561943634557,-8.110406649616218,3.5604332229529922,9.144177916845186,2.4525557063212187,,,,,,,,,,,,,,,1,44100,16,3273.393397846786,0.007868480725623583,0.3776762066038749,188.47861065278127,NA,NA,0.181206,0.3776762066038749,0.889222,12.009809905115953,38,0.08337122076209463,0.08132814570811396,0.20574095326921657,0.8588060220123627,1.303727789965627,0.38473780031767046,0.9816456981664787
Tenor2_Uh_5,123.34845029324948,Tenor2,Uh,5,Tenor2_Uh_5.wav,Vocals/Tenor2/Uh/Tenor2_Uh_5.wav,Tenor2_Uh_5.wav,56.693015385177056,4.9491453122348625,10.36255086037635,1.5921342436033186,15.229319353015011,1.3926265159242588,16.070162914200658,1.7227988074976512,-2.6290530023112186,3.0035130504977796,17.893687253173976,2.80934099338683,-17.188071713411695,2.993925532823863,10.870503743998842,2.5873884390437545,7.530062718666684,2.25937636702561,10.386258965699744,3.012108046278076,-10.314459696998885,3.2301080073685924,12.560719442996433,2.3095473589031275,,,,,,,,,,,,,,,1,44100,16,3230.961227362412,0.008775510204081632,0.38619514678662775,166.74326255642345,NA,NA,0.279657,0.38619514678662775,0.882372,11.292694107446989,41,0.0823788433724785,0.10642539000120388,0.29179095789281856,0.8120097356476994,1.4811260120453063,0.39328147769646155,0.981981528976803
Tenor2_Uh_6,130.79490435787767,Tenor2,Uh,6,Tenor2_Uh_6.wav,Vocals/Tenor2/Uh/Tenor2_Uh_6.wav,Tenor2_Uh_6.wav,57.75438483905001,5.242314793887041,10.680402580297633,1.4287330215851848,15.805989415130732,1.1768015078779774,14.484133901688207,1.7118908321940969,-2.3782276794168804,2.6340676007476067,15.221594270472986,2.674317717271107,-17.04333988764579,2.635219157157619,14.33826596900022,2.5387002055478836,6.223935517729386,2.229297102083825,7.6701416300347836,2.985838476103089,-10.269835786490592,3.5668744544798674,12.605176797909163,2.413240181895838,,,,,,,,,,,,,,,1,44100,16,3183.0922265420777,0.009047619047619047,0.3963947073017679,113.98126289308041,NA,NA,0.269409,0.3963947073017679,0.88432,11.028436008237636,38,0.08127197576970314,-0.030606998776247046,0.21322586834236307,0.8553944462843996,1.3190401515643835,0.40358857211372645,0.9821752514589749
Tenor2_Uh_7,138.32339397541693,Tenor2,Uh,7,Tenor2_Uh_7.wav,Vocals/Tenor2/Uh/Tenor2_Uh_7.wav,Tenor2_Uh_7.wav,66.93495839276486,6.880539607290355,13.373682086795709,1.716559880454138,6.568278141661996,2.2070098045281243,12.502571995052323,1.4314592441870224,-2.8932753755306773,1.558484839121594,21.81154290666373,2.9491768325844663,-19.546082272253987,3.855167934749134,1.7433267330833404,2.6304523101096944,7.339057126808067,2.403051431337442,16.222756851826624,2.682380959282527,-7.696614092017287,3.374560617643496,5.850553432306518,2.743986828114035,,,,,,,,,,,,,,,1,44100,16,4443.681036374778,0.009886621315192743,0.42828685534568595,175.33476006410416,NA,NA,0.975255,0.42828685534568595,0.791348,14.372812746689343,41,0.10399388116824268,0.38863526467364984,0.4735022696599529,0.4318573107259935,1.208633372670007,0.4378677998362712,0.978119093264753
Tenor2_Uh_8,146.5888755093212,Tenor2,Uh,8,Tenor2_Uh_8.wav,Vocals/Tenor2/Uh/Tenor2_Uh_8.wav,Tenor2_Uh_8.wav,68.08862141075195,5.791112371872964,13.435854576386003,1.445607020436427,6.719646609076687,1.638610959022108,11.201261070695308,1.2668374825655087,-2.1322370274438884,1.5499360487619975,20.142046279766813,2.339302484434504,-22.217438718141807,3.562857027383304,6.835115772625819,2.1234694072435,9.00283076658155,2.4325198303618873,13.770846779011292,2.210586091045993,-12.070212604143775,3.5311116482704143,6.148932861594403,2.5233775816195774,,,,,,,,,,,,,,,1,44100,16,4354.578518925321,0.010476190476190476,0.4369983437474892,162.34647299043363,NA,NA,1.132096,0.4369983437474892,0.748392,14.014333676057138,37,0.10305911424376808,0.2945411841318664,0.34327794130594325,0.5994651994122275,1.2261631359730982,0.4465172249163413,0.978681939603482
Tenor2_Uh_9,155.56673253616952,Tenor2,Uh,9,Tenor2_Uh_9.wav,Vocals/Tenor2/Uh/Tenor2_Uh_9.wav,Tenor2_Uh_9.wav,69.2307867095777,5.8648456661929895,13.951613669840443,1.273409641290923,4.418892716130359,2.0209980390640423,13.21838018871006,1.7235982765987867,-2.23007849689256,2.111955210848266,20.915354246896477,2.335392169838243,-20.894493753157295,2.9199591270455443,2.179845352005486,2.2937607838340455,8.362702100837646,2.2661773603759454,14.398961761942635,2.0346267918175247,-13.56315883259163,2.3082128980479792,10.236714750619566,2.46671267639308,,,,,,,,,,,,,,,1,44100,16,4637.390413127555,0.011814058956916099,0.441266989403523,162.2749143600456,NA,NA,1.160215,0.441266989403523,0.749176,14.65655203270816,44,0.1299315540141231,0.6977073207480063,0.7116816918333334,0.2412768887739981,1.4324072439348021,0.44958746355699347,0.9814930912716259
Tenor2_Uh_10,164.68514960238903,Tenor2,Uh,10,Tenor2_Uh_10.wav,Vocals/Tenor2/Uh/Tenor2_Uh_10.wav,Tenor2_Uh_10.wav,70.3603280913569,5.651972622784285,13.811984089178276,0.9728335708370175,4.74642985176448,1.6367339396671914,11.845399422420003,1.4076667850483857,-1.2367657378199515,1.934396784733075,17.82925863251396,2.2936406327520635,-23.035468615772423,3.3395404349541296,7.508823603104745,2.364471139924129,9.981747056334378,1.735291877507246,11.340282158893062,1.9022945846403863,-15.535788025796768,2.5382777981415408,13.182529117504233,2.4468871363813585,,,,,,,,,,,,,,,1,44100,16,4558.058273148786,0.01217687074829932,0.45026103141585855,156.42103694695695,NA,NA,1.227123,0.45026103141585855,0.717598,14.693423109542836,45,0.12842609166183322,0.26013682860547777,0.4324414502497225,0.46542778805648133,1.1746771430075187,0.4585633829401528,0.9818948659374798
Tenor2_Uh_11,174.20567173649616,Tenor2,Uh,11,Tenor2_Uh_11.wav,Vocals/Tenor2/Uh/Tenor2_Uh_11.wav,Tenor2_Uh_11.wav,73.61113325549559,7.247431095170795,14.217562929168857,1.0913523817041901,-1.5617862385816812,3.237635985440642,16.321240120421493,1.7401224395344452,-1.6738190153718229,2.5958530565397018,14.582368816467445,1.9851765507754635,-16.700382395155874,2.1336837286586916,1.7657434123755464,2.1764216371667926,7.378038331345685,2.0219019006184125,17.129035571144396,2.963466828273844,-15.242910188801387,3.3568102339741293,9.350441461280537,2.112260824101547,,,,,,,,,,,,,,,1,44100,16,4916.423967488786,0.011814058956916099,0.4829754790263078,144.0041881591788,NA,NA,1.631605,0.4829754790263078,0.593426,14.202517358765398,45,0.1360840898571745,0.804461429547334,0.8083329667469037,0.15348957550141248,1.44813771424465,0.4906372654730927,0.9843840103759809
Tenor2_Uh_12,184.5670394423734,Tenor2,Uh,12,Tenor2_Uh_12.wav,Vocals/Tenor2/Uh/Tenor2_Uh_12.wav,Tenor2_Uh_12.wav,75.14288646296362,6.864895656058653,13.618003722602202,0.816912883231455,-1.0879351867904306,2.769208136635,15.040347667161038,1.87786842210636,-2.1059914191187543,2.379772540755844,12.63982154728212,1.6469384091878785,-18.590751608823712,1.7463068438938927,5.424624457452915,2.372824703901458,10.10515216997942,2.147141918349843,12.397997292238692,2.265285582365206,-18.112430797291445,3.6034042759500076,11.237146164687351,2.6077194835109623,,,,,,,,,,,,,,,1,44100,16,4829.5207859913235,0.013061224489795919,0.49563917642590327,154.46711344712023,NA,NA,1.648189,0.49563917642590327,0.583212,15.358460230733497,45,0.13319162447531763,0.7936541592990364,0.8050301469094259,0.13633095334671955,1.2621514395531355,0.5033284078697444,0.9847232317436948
Tenor2_Uh_13,195.1716852632885,Tenor2,Uh,13,Tenor2_Uh_13.wav,Vocals/Tenor2/Uh/Tenor2_Uh_13.wav,Tenor2_Uh_13.wav,79.19771848086855,8.667486841473723,11.462569862277999,1.7683781520572246,-5.078307339509764,4.050959887449754,20.527930425989997,3.1781618644594514,-1.177842019367508,2.6565680342452267,16.545746510736123,2.548744721895336,-18.042086426771668,2.9904719689723867,-1.1293538191079375,3.3085936700209593,6.320300554887188,2.508230771708225,10.694908311076775,2.4379587512458842,-16.4636266640423,2.5397523826056285,6.913588800366387,1.6335765263057007,,,,,,,,,,,,,,,1,44100,16,5789.999574600105,0.011700680272108844,0.5441078146765934,157.45990135514097,NA,NA,1.976538,0.5441078146765934,0.437057,17.75348781673721,47,0.16290096369064072,0.9406091561127483,0.9490175847168794,0.03835672527618253,1.4663473992018803,0.5507677316083746,0.9879079391373701
Tenor2_Uh_14,207.0489317512855,Tenor2,Uh,14,Tenor2_Uh_14.wav,Vocals/Tenor2/Uh/Tenor2_Uh_14.wav,Tenor2_Uh_14.wav,80.93108134994829,7.871907892147279,10.810262407037298,1.8997333590244871,-4.653658873552378,3.295198002511544,20.090384658526073,2.498356582010744,-1.9905336604455033,2.502268672079507,14.479375688024367,1.8167947519240013,-21.437007105983252,3.7263531352519528,1.620977648196529,2.878545018686959,7.307371010698206,2.0286040029420813,5.921971982204895,2.313153699324895,-18.410266062720485,2.4572755909452155,9.165539265182296,2.4562870598846787,,,,,,,,,,,,,,,1,44100,16,5704.4472096895815,0.012970521541950114,0.5567637300608573,129.99474108141374,NA,NA,1.937802,0.5567637300608573,0.427811,18.356709267145234,50,0.16027983342555663,0.9386156783232585,0.9425332638469184,0.03773315875687879,1.2754842356106761,0.563466352325876,0.9881046627942349
Tenor2_Uh_15,220.1488819813716,Tenor2,Uh,15,Tenor2_Uh_15.wav,Vocals/Tenor2/Uh/Tenor2_Uh_15.wav,Tenor2_Uh_15.wav,83.79087254945802,9.785619771103782,11.218814571060948,2.3726553465027274,-5.879986790434742,3.554563231052211,20.38360497188128,2.616882517300452,-6.1596666077009505,3.0415504573871397,11.26369297927662,1.8299705474428953,-22.718204430692378,2.254840963246935,0.21593705144087771,2.4844662889343816,7.441234020178631,2.3351728713502635,11.962169748619035,3.3508737403622413,-15.887705557284917,2.321357954418006,7.594118734660791,2.6613953077069845,,,,,,,,,,,,,,,1,44100,16,6648.850759875407,0.019727891156462583,0.5848062990636784,104.2993213395408,NA,NA,2.107231,0.5848062990636784,0.326215,20.978064457863425,51,0.18401471847974754,0.9587379592305516,0.9570952147888383,0.028952696132396063,1.3206728055407368,0.590916757709839,0.9896593579951222
Tenor2_Uh_16,233.4795838330555,Tenor2,Uh,16,Tenor2_Uh_16.wav,Vocals/Tenor2/Uh/Tenor2_Uh_16.wav,Tenor2_Uh_16.wav,85.118519058038,9.021838708234434,9.869385368916046,2.4607828614209915,-5.639369165743487,3.1028226301910777,18.582298209614414,2.4158037483403336,-7.172041463464925,3.0724363273185022,8.15647320084916,1.8790659277293429,-23.57925371716188,2.1860971165822902,3.7154082595805793,2.7417800812909046,7.250910392054921,2.366753725942,7.593615762933768,3.0445269225467664,-16.667486756867014,2.1900190621693265,9.207300351945253,2.318069450858775,,,,,,,,,,,,,,,1,44100,16,6562.275757112343,0.02328798185941043,0.5967795157548494,143.33860600215024,NA,NA,1.998556,0.5967795157548494,0.402615,21.43424400897293,50,0.1807717535094428,0.8574412760163259,0.9077807812489149,0.059900364018736815,1.2391859832733128,0.6028019884903434,0.9900092022745701
Tenor2_Uh_17,246.86655118426464,Tenor2,Uh,17,Tenor2_Uh_17.wav,Vocals/Tenor2/Uh/Tenor2_Uh_17.wav,Tenor2_Uh_17.wav,83.57860150465334,7.7206990571544925,11.015038318456119,1.5776964233558766,-7.844373637637756,3.8819966956026777,19.20102591816137,2.0405839606091805,-7.098724850263519,2.11317457273155,9.44956120155768,1.4172766797600178,-22.168322496133527,1.904446801212418,-3.203006905580548,3.311417259117245,4.864424721756238,3.1397603071657185,6.8185273797820445,2.202058654739982,-20.461425149151857,2.0463674226427337,7.223926855345119,1.948198779181892,,,,,,,,,,,,,,,1,44100,16,7843.701544765636,0.012448979591836735,0.5538327465682137,137.63977088232144,NA,NA,1.985359,0.5538327465682137,0.409217,17.925792569912755,53,0.23125278093238505,0.7602882675896807,0.8388774742489948,0.1343651503505236,1.533497859172655,0.5583804142591398,0.9918556103065329
Tenor2_Uh_18,261.4173502065609,Tenor2,Uh,18,Tenor2_Uh_18.wav,Vocals/Tenor2/Uh/Tenor2_Uh_18.wav,Tenor2_Uh_18.wav,85.00961625035555,7.9496945244653325,9.983769661661793,1.5381289690964055,-7.933451611809992,3.6972404002204105,17.75965895326906,1.759941055683325,-7.618250206878367,1.948462732159739,6.318236274536069,1.4552604763486974,-25.24919277440559,2.3586103579846793,0.2031129069226025,3.3848365598081878,5.002287732520654,3.24078745033698,2.294242848365504,2.8283525456777663,-19.13606592660119,2.3023099993714835,10.574524462848172,2.360572935774925,,,,,,,,,,,,,,,1,44100,16,7717.736650869861,0.012335600907029478,0.5661402240303096,122.52016573214954,NA,NA,1.960443,0.5661402240303096,0.434089,17.851665529662192,58,0.22639364726251163,0.7331035756131735,0.7381373677713178,0.20953457083384971,1.3908050350925507,0.5707611746266813,0.9919038806390534
Tenor2_Uh_19,277.91182158659973,Tenor2,Uh,19,Tenor2_Uh_19.wav,Vocals/Tenor2/Uh/Tenor2_Uh_19.wav,Tenor2_Uh_19.wav,89.18804591548273,6.044716876858644,9.839343714531813,1.1472417844697247,-12.951517420880762,2.341305517679108,19.646752937328614,2.0053338909167246,-8.714867309943925,2.05488450533669,4.237647593566092,1.9707742794536196,-21.69811319653381,2.6122660166299654,0.1117968162067909,2.8453268302636676,2.6592409467808564,3.046302149675054,8.3432295308798,2.605182924034472,-21.97759792264427,2.8283098818437136,5.528238222283041,2.2237372839025755,,,,,,,,,,,,,,,1,44100,16,8585.005208804043,0.016961451247165533,0.5984387444949425,152.83337046102892,NA,NA,2.005625,0.5984387444949425,0.347797,13.908972764279019,49,0.2475239565070299,0.8832581404916796,0.8820373326559313,0.08405730983290209,1.3410937438937336,0.6036390092722107,0.9913851412890992
Tenor2_Uh_20,294.18085166406655,Tenor2,Uh,20,Tenor2_Uh_20.wav,Vocals/Tenor2/Uh/Tenor2_Uh_20.wav,Tenor2_Uh_20.wav,90.39579945373733,5.883465894588144,9.307966492122825,0.9293649692403152,-11.890131723961039,2.18930080906634,18.84831452720242,1.9332980076852515,-10.327593278042508,2.396162661417813,1.525902155962327,1.6770563395544977,-22.903264424642067,1.831462368295483,3.171946977485302,2.73185085179354,4.634210164633554,2.9566858932125895,5.923581285602839,1.6849948359596336,-21.090892689468415,2.6686856906350886,9.669943872393096,2.1657664506016605,,,,,,,,,,,,,,,1,44100,16,8449.353936257705,0.019682539682539683,0.6112768329944229,109.47589571754916,NA,NA,2.097513,0.6112768329944229,0.321295,13.619511335202649,56,0.24206071736230284,0.8905961074649997,0.8912476624190339,0.07366272678829637,1.2810249687006283,0.6165931862899655,0.9913778591561626
Tenor2_Uh_21,310.24840407664163,Tenor2,Uh,21,Tenor2_Uh_21.wav,Vocals/Tenor2/Uh/Tenor2_Uh_21.wav,Tenor2_Uh_21.wav,92.87289916835537,5.642307210365718,7.53329687747393,0.9747973383809377,-11.97198006556513,1.5195336784508344,16.80126391601709,1.479305222871943,-12.04032717323908,2.149868580618426,2.8144959093879023,1.5965189511138669,-20.65062801281133,2.4823683802840746,2.9720065218068585,2.8042696725368317,3.1840817504649355,3.5866597317765003,13.734415420106123,2.6980840463606266,-23.004102438255735,3.609412507747245,3.459172014248513,2.9232022236173365,,,,,,,,,,,,,,,1,44100,16,10040.852003828984,0.017233560090702947,0.6028424290472687,122.7009542647991,NA,NA,2.142211,0.6028424290472687,0.275662,10.504588408123574,51,0.26817710506817927,0.5037558592300551,0.6920258442662202,0.268756725073058,1.476563264084589,0.6107831086140738,0.9869991827625632
Tenor2_Uh_22,328.9007209604704,Tenor2,Uh,22,Tenor2_Uh_22.wav,Vocals/Tenor2/Uh/Tenor2_Uh_22.wav,Tenor2_Uh_22.wav,93.39134967320638,5.653175903328563,6.29550093897663,0.9590102205769191,-11.85759452407791,1.4783405679728987,14.783472343757442,1.4319147459678507,-14.705665604828097,2.5023355103733724,1.0932796687213253,1.9007679527998176,-21.94010228325776,2.5516998207063524,6.837523462976138,2.462154708653662,7.266792912793764,3.5656476363772014,10.314661877041846,2.9464914533442523,-23.110051749992234,2.7666233236749602,4.3497412466893115,2.966641332596982,,,,,,,,,,,,,,,1,44100,16,9928.436788647738,0.01888888888888889,0.6087085451934879,156.39844468848003,NA,NA,2.176008,0.6087085451934879,0.246216,11.11476575750988,57,0.2661031486466959,-0.6646309202446816,-0.4917304182046581,0.9737296539311218,0.3317738633907738,0.6169923156902668,0.9865739486763115
Tenor2_Uh_23,347.0602147821476,Tenor2,Uh,23,Tenor2_Uh_23.wav,Vocals/Tenor2/Uh/Tenor2_Uh_23.wav,Tenor2_Uh_23.wav,89.32734789401017,11.536741030559554,5.313752647870422,2.425719387675697,-13.693797561672627,5.0731472619312825,16.343851043245735,2.050476994037359,-11.028177633094227,2.8892233029956036,-0.16067196740394538,2.716413274508989,-21.485374322751372,2.699037535222588,0.9545093838681032,3.6826688351524375,-0.6436529459282893,4.695952957633063,3.293150175506817,3.1155868702645044,-24.154402329639215,3.819158888672621,-4.563218210874182,2.677680652381405,,,,,,,,,,,,,,,1,44100,16,8717.625178153552,0.04664399092970522,0.6143720348269459,145.48003082499372,NA,NA,2.16001,0.6143720348269459,0.22874,16.81564116996531,55,0.22424911867521208,0.27688970717640937,0.2939627829564679,0.5891061873735799,1.0796618978002004,0.6253118775270552,0.98250498176466206
Tenor2_Uh_24,367.73341301572935,Tenor2,Uh,24,Tenor2_Uh_24.wav,Vocals/Tenor2/Uh/Tenor2_Uh_24.wav,Tenor2_Uh_24.wav,89.94163537990607,10.738792520778029,4.274370567169627,2.352920589931697,-14.086270061982685,4.780677199352871,16.633406145164074,2.1079564974770766,-12.260069451601213,3.2699405493031435,-0.1023956336723706,2.855840210038364,-22.19248714649214,2.683510274001026,4.384190917303046,2.4127531938617723,-1.7082792680753245,4.079921504814388,-0.34168423730664527,3.2555773963740577,-26.512558663257835,4.135905420799257,-3.72835274376932,2.7025729984929723,,,,,,,,,,,,,,,1,44100,16,8692.641756146955,0.049614512471655325,0.6296793537820343,136.24781691871715,NA,NA,2.211282,0.6296793537820343,0.201346,17.50499596359913,52,0.22089539359141086,0.2669035795936237,0.26777874322259654,0.607708027348088,1.0521946911899844,0.6407925258335367,0.982657144702107
Tenor2_Uh_25,388.96990567057895,Tenor2,Uh,25,Tenor2_Uh_25.wav,Vocals/Tenor2/Uh/Tenor2_Uh_25.wav,Tenor2_Uh_25.wav,95.54712756714531,7.59326762826189,4.244773420045403,1.3765450889233868,-13.769006559928696,3.8338728740875845,15.390104716253777,1.544348728867108,-11.913350086008291,1.410481293337203,3.2715820752970677,2.878207547428569,-25.614419079279614,2.6551802384959933,3.8509778967050177,3.641154068197801,-6.79096769531573,4.3593932269910844,0.3388326632718008,3.350293116108655,-22.624299706193163,4.036883638127546,-8.444986419845668,2.9774102264438347,,,,,,,,,,,,,,,1,44100,16,11888.60165890329,0.022426303854875283,0.6209224256844389,113.42533977060695,NA,NA,2.252106,0.6209224256844389,0.175893,14.775045829633498,50,0.3346360443923911,0.6294552833793999,0.6269126439022736,0.318571528278779,1.3891868455822347,0.6276069357170577,0.9893492094299728
Tenor2_Uh_26,415.305,Tenor2,Uh,26,Tenor2_Uh_26.wav,Vocals/Tenor2/Uh/Tenor2_Uh_26.wav,Tenor2_Uh_26.wav,96.59043502904075,7.156229514503308,1.1387165076680275,1.929682984666496,-11.476833114202686,3.0473091327298656,13.125068969848902,2.2615576465933795,-8.656223013278664,3.2717839545616596,-0.7825514051945842,3.7566484589250257,-21.860043325777415,2.438672347042879,4.371246331590676,2.7543200738908435,-4.933493894756877,4.209086082612854,-2.644123412775791,3.514602707487301,-20.130197843797255,2.9611291303815896,-8.359539516354792,2.656416301328701,,,,,,,,,,,,,,,1,44100,16,11808.743975090661,0.022811791383219954,0.6271650625722685,140.96102947203525,NA,NA,2.242864,0.6271650625722685,0.176662,18.58315478136955,45,0.33151612209768677,0.6477095959049683,0.6503585928820127,0.28935748881416773,1.365809679166731,0.6339758809147839,0.9892569756239182
Tenor2_Uh_27,440,Tenor2,Uh,27,Tenor2_Uh_27.wav,Vocals/Tenor2/Uh/Tenor2_Uh_27.wav,Tenor2_Uh_27.wav,92.53448519673675,6.425241226999521,3.8676221008384104,1.7367841351755569,-6.69151691520255,1.9633787996323466,9.523418784404983,3.378426665609898,-13.540202799433033,2.784165425120754,0.15329264424201397,3.464790629438203,-22.146171872542297,2.943530412450016,-1.5768953586463117,3.0853999745290457,-1.8153537134440572,3.996407884596567,0.3093335333565242,4.530585132701181,-27.667151806140296,3.5803410447541526,-3.2763352773486987,4.911972536195285,,,,,,,,,,,,,,,1,44100,16,14087.335630896689,0.023741496598639455,0.5285116236220924,141.99872105768338,NA,NA,2.184573,0.5285116236220924,0.265555,14.304469459160762,44,0.40482653757057246,0.4669622053876558,0.47369924695759646,0.5051645503444666,1.414515584727527,0.5333630340490597,0.9909041119889065
Tenor2_Uh_28,464.32630678935,Tenor2,Uh,28,Tenor2_Uh_28.wav,Vocals/Tenor2/Uh/Tenor2_Uh_28.wav,Tenor2_Uh_28.wav,93.82062584107156,6.752942138926697,1.2600985298671843,1.7215290587265237,-4.454949785918138,1.886763138592195,5.771454262344747,2.753992273321402,-10.030787485410189,3.416912719820835,-3.8210419643108655,2.711795440274238,-19.208851945003843,2.5565425839078784,-4.240027023771955,3.832644128040045,1.4504196924506476,3.3685225730650217,-9.063538894683546,4.711909740922966,-24.25465207919893,2.861079953742855,-6.940958259922287,2.8131688761635814,,,,,,,,,,,,,,,1,44100,16,14033.957680082358,0.028435374149659864,0.5451252074639353,122.83681213086875,NA,NA,2.117181,0.5451252074639353,0.329317,16.063533587003473,47,0.40020792296569185,0.09771380136590477,0.26443749747892337,0.6883546314268674,1.1832868105106746,0.5500419221071404,0.9910612001638535
Tenor2_Uh_29,491.37660569644,Tenor2,Uh,29,Tenor2_Uh_29.wav,Vocals/Tenor2/Uh/Tenor2_Uh_29.wav,Tenor2_Uh_29.wav,99.83914491860396,7.74484968613602,3.1452291927972236,1.5887720886532446,-13.325093861796038,2.8798412245553506,8.876208107780604,2.6890094647593292,-14.95408082727048,2.365695001583196,4.755099457848946,2.9896813653300063,-22.4810451659902,2.2694263326287096,-2.954513237997954,3.866986831791585,-6.206917038582586,3.5480230736546687,2.0539771982298194,2.9675006394369996,-27.851873878771638,2.6313221440384713,-8.576637002924235,3.836715642886387,,,,,,,,,,,,,,,1,44100,16,18193.743791224988,0.030997732426303853,0.5958417983855085,144.0672348189498,NA,NA,2.173693,0.5958417983855085,0.209926,15.557694798851609,47,0.541781951469826,-0.32658211529434467,-0.09814921476012248,0.8344173217364123,0.68526199054845,0.6027247690657637,0.9885802425360353
Tenor2_Uh_30,521.33675956106,Tenor2,Uh,30,Tenor2_Uh_30.wav,Vocals/Tenor2/Uh/Tenor2_Uh_30.wav,Tenor2_Uh_30.wav,100.66727491209082,6.720589368511878,0.6627466567760073,2.131738501632392,-13.654181621472452,2.1952311986075568,6.821027873844681,2.879065000569947,-11.681689172508204,3.54950453157663,3.6636403951000562,3.7139530303466244,-20.39128213065102,3.7897371105985944,-1.4925632084009792,3.4195902895923913,-4.610012073253313,3.677289780223797,-1.9109156739929434,3.824670569276117,-31.65603941011505,3.6595803498099553,-12.388562360229662,4.481576354967066,,,,,,,,,,,,,,,1,44100,16,18124.73060517976,0.03696145124716553,0.5941922556806697,152.94705120626813,NA,NA,2.235833,0.5941922556806697,0.183968,16.38353608573658,43,0.5364893277291014,-0.4235350768258896,-0.4062174190426064,0.9622171096563055,0.406301153062145,0.6010864864277267,0.9885303847237865
Tenor2_Uh_31,552.511752799428,Tenor2,Uh,31,Tenor2_Uh_31.wav,Vocals/Tenor2/Uh/Tenor2_Uh_31.wav,Tenor2_Uh_31.wav,100.60034158195027,6.443949935815477,-0.33855683927111685,2.0327736101177787,-13.59529710822682,2.2972837309121625,7.053246747102979,2.6040192453175925,-13.337218626790104,3.398785564714436,0.22930284633519785,3.0367406362749576,-22.52499654219938,2.9694481337760945,1.127881443707795,3.7547661225704907,-4.620772070360833,3.976007273835657,-8.860314829850832,4.3724850769763135,-28.23261192239518,3.8817556264457806,-2.9195767941193167,3.7822672800662898,,,,,,,,,,,,,,,1,44100,16,18129.4720117111,0.04160997732426304,0.6036517635671216,119.58271818333715,NA,NA,2.273998,0.6036517635671216,0.125801,15.465232419383629,44,0.5355961821743054,-0.44533135025421555,-0.43191981814130403,0.965975306423953,0.383227762331436,0.6106862102043076,0.9884810783023369
Tenor2_Uh_32,585.090219067538,Tenor2,Uh,32,Tenor2_Uh_32.wav,Vocals/Tenor2/Uh/Tenor2_Uh_32.wav,Tenor2_Uh_32.wav,102.39822863433656,6.619577817578658,-1.4362752129718908,1.7683105879019723,-12.92065074683039,2.235960903259667,3.4788155509061944,2.6469980591091287,-11.5716563244116,3.7055372036172143,-1.2906061976367444,3.6568961408076666,-19.060855262616744,2.7549257899000446,-0.2349733461164311,2.7014122102334266,-7.925511594994942,3.3155710382083594,-16.124087235756342,4.744272013106321,-25.596203702433588,3.6556947865196574,-1.6966474209394042,2.8041931792017185,,,,,,,,,,,,,,,1,44100,16,18165.217812924508,0.0481859410430839,0.6059040228581136,149.12516909763042,NA,NA,2.282575,0.6059040228581136,0.113227,16.5100594319689,40,0.5354941359180305,-0.4497641338992427,-0.4352819407062116,0.9718280733886809,0.38237007517926624,0.6131753453518678,0.9881415282775573
